[16Nov2025 09:39:10.516] [main/INFO] [cpw.mods.modlauncher.Launcher/MODLAUNCHER]: ModLauncher running: args [--launchTarget, forgeclientuserdev, --version, MOD_DEV, --assetIndex, 5, --assetsDir, C:\Users\Sabien\.mcreator\gradle\caches\forge_gradle\assets, --gameDir, ., --fml.forgeVersion, 47.2.0, --fml.mcVersion, 1.20.1, --fml.forgeGroup, net.minecraftforge, --fml.mcpVersion, 20230612.114412]
[16Nov2025 09:39:10.523] [main/INFO] [cpw.mods.modlauncher.Launcher/MODLAUNCHER]: ModLauncher 10.0.9+10.0.9+main.dcd20f30 starting: java version 17.0.15 by Eclipse Adoptium; OS Windows 11 arch amd64 version 10.0
[16Nov2025 09:39:10.551] [main/DEBUG] [cpw.mods.modlauncher.LaunchServiceHandler/MODLAUNCHER]: Found launch services [fmlclientdev,forgeclient,minecraft,forgegametestserverdev,fmlserveruserdev,fmlclient,fmldatauserdev,forgeserverdev,forgeserveruserdev,forgeclientdev,forgeclientuserdev,forgeserver,forgedatadev,fmlserver,fmlclientuserdev,fmlserverdev,forgedatauserdev,testharness,forgegametestserveruserdev]
[16Nov2025 09:39:10.565] [main/DEBUG] [cpw.mods.modlauncher.NameMappingServiceHandler/MODLAUNCHER]: Found naming services : [srgtomcp]
[16Nov2025 09:39:10.587] [main/DEBUG] [cpw.mods.modlauncher.LaunchPluginHandler/MODLAUNCHER]: Found launch plugins: [mixin,eventbus,slf4jfixer,object_holder_definalize,runtime_enum_extender,capability_token_subclass,accesstransformer,runtimedistcleaner]
[16Nov2025 09:39:10.599] [main/DEBUG] [cpw.mods.modlauncher.TransformationServicesHandler/MODLAUNCHER]: Discovering transformation services
[16Nov2025 09:39:10.605] [main/DEBUG] [net.minecraftforge.fml.loading.FMLPaths/CORE]: Path GAMEDIR is C:\Users\Sabien\MCreatorWorkspaces\ars_structerize\run
[16Nov2025 09:39:10.607] [main/DEBUG] [net.minecraftforge.fml.loading.FMLPaths/CORE]: Path MODSDIR is C:\Users\Sabien\MCreatorWorkspaces\ars_structerize\run\mods
[16Nov2025 09:39:10.607] [main/DEBUG] [net.minecraftforge.fml.loading.FMLPaths/CORE]: Path CONFIGDIR is C:\Users\Sabien\MCreatorWorkspaces\ars_structerize\run\config
[16Nov2025 09:39:10.607] [main/DEBUG] [net.minecraftforge.fml.loading.FMLPaths/CORE]: Path FMLCONFIG is C:\Users\Sabien\MCreatorWorkspaces\ars_structerize\run\config\fml.toml
[16Nov2025 09:39:10.666] [main/DEBUG] [cpw.mods.modlauncher.TransformationServicesHandler/MODLAUNCHER]: Found additional transformation services from discovery services: 
[16Nov2025 09:39:10.672] [main/INFO] [net.minecraftforge.fml.loading.ImmediateWindowHandler/]: Loading ImmediateWindowProvider fmlearlywindow
[16Nov2025 09:39:11.058] [main/INFO] [EARLYDISPLAY/]: Trying GL version 4.6
[16Nov2025 09:39:11.380] [main/INFO] [EARLYDISPLAY/]: Requested GL version 4.6 got version 4.6
[16Nov2025 09:39:11.545] [main/DEBUG] [cpw.mods.modlauncher.TransformationServicesHandler/MODLAUNCHER]: Found transformer services : [mixin,fml]
[16Nov2025 09:39:11.545] [main/DEBUG] [cpw.mods.modlauncher.TransformationServicesHandler/MODLAUNCHER]: Transformation services loading
[16Nov2025 09:39:11.545] [main/DEBUG] [cpw.mods.modlauncher.TransformationServiceDecorator/MODLAUNCHER]: Loading service mixin
[16Nov2025 09:39:11.545] [main/DEBUG] [cpw.mods.modlauncher.TransformationServiceDecorator/MODLAUNCHER]: Loaded service mixin
[16Nov2025 09:39:11.546] [main/DEBUG] [cpw.mods.modlauncher.TransformationServiceDecorator/MODLAUNCHER]: Loading service fml
[16Nov2025 09:39:11.547] [main/DEBUG] [net.minecraftforge.fml.loading.LauncherVersion/CORE]: Found FMLLauncher version 1.0
[16Nov2025 09:39:11.547] [main/DEBUG] [net.minecraftforge.fml.loading.FMLLoader/CORE]: FML 1.0 loading
[16Nov2025 09:39:11.547] [main/DEBUG] [net.minecraftforge.fml.loading.FMLLoader/CORE]: FML found ModLauncher version : 10.0.9+10.0.9+main.dcd20f30
[16Nov2025 09:39:11.548] [main/DEBUG] [net.minecraftforge.fml.loading.FMLLoader/CORE]: FML found AccessTransformer version : 8.0.4+66+master.c09db6d7
[16Nov2025 09:39:11.548] [main/DEBUG] [net.minecraftforge.fml.loading.FMLLoader/CORE]: FML found EventBus version : 6.0.5+6.0.5+master.eb8e549b
[16Nov2025 09:39:11.548] [main/DEBUG] [net.minecraftforge.fml.loading.FMLLoader/CORE]: Found Runtime Dist Cleaner
[16Nov2025 09:39:11.549] [main/DEBUG] [net.minecraftforge.fml.loading.FMLLoader/CORE]: FML found CoreMod version : 5.0.1+15+master.dc5a2922
[16Nov2025 09:39:11.551] [main/DEBUG] [net.minecraftforge.fml.loading.FMLLoader/CORE]: Found ForgeSPI package implementation version 7.0.1+7.0.1+master.d2b38bf6
[16Nov2025 09:39:11.551] [main/DEBUG] [net.minecraftforge.fml.loading.FMLLoader/CORE]: Found ForgeSPI package specification 5
[16Nov2025 09:39:11.552] [main/DEBUG] [cpw.mods.modlauncher.TransformationServiceDecorator/MODLAUNCHER]: Loaded service fml
[16Nov2025 09:39:11.552] [main/DEBUG] [cpw.mods.modlauncher.TransformationServicesHandler/MODLAUNCHER]: Configuring option handling for services
[16Nov2025 09:39:11.557] [main/DEBUG] [cpw.mods.modlauncher.TransformationServicesHandler/MODLAUNCHER]: Transformation services initializing
[16Nov2025 09:39:11.558] [main/DEBUG] [cpw.mods.modlauncher.TransformationServiceDecorator/MODLAUNCHER]: Initializing transformation service mixin
[16Nov2025 09:39:11.573] [main/DEBUG] [mixin/]: MixinService [ModLauncher] was successfully booted in cpw.mods.cl.ModuleClassLoader@4b0b0854
[16Nov2025 09:39:11.586] [main/INFO] [mixin/]: SpongePowered MIXIN Subsystem Version=0.8.5 Source=union:/C:/Users/Sabien/.mcreator/gradle/caches/modules-2/files-2.1/org.spongepowered/mixin/0.8.5/9d1c0c3a304ae6697ecd477218fa61b850bf57fc/mixin-0.8.5.jar%23128!/ Service=ModLauncher Env=CLIENT
[16Nov2025 09:39:11.589] [main/DEBUG] [mixin/]: Initialising Mixin Platform Manager
[16Nov2025 09:39:11.589] [main/DEBUG] [mixin/]: Adding mixin platform agents for container ModLauncher Root Container(ModLauncher:4f56a0a2)
[16Nov2025 09:39:11.590] [main/DEBUG] [mixin/]: Instancing new MixinPlatformAgentMinecraftForge for ModLauncher Root Container(ModLauncher:4f56a0a2)
[16Nov2025 09:39:11.590] [main/DEBUG] [mixin/]: MixinPlatformAgentMinecraftForge rejected container ModLauncher Root Container(ModLauncher:4f56a0a2)
[16Nov2025 09:39:11.591] [main/DEBUG] [mixin/]: Instancing new MixinPlatformAgentDefault for ModLauncher Root Container(ModLauncher:4f56a0a2)
[16Nov2025 09:39:11.591] [main/DEBUG] [mixin/]: MixinPlatformAgentDefault accepted container ModLauncher Root Container(ModLauncher:4f56a0a2)
[16Nov2025 09:39:11.594] [main/DEBUG] [cpw.mods.modlauncher.TransformationServiceDecorator/MODLAUNCHER]: Initialized transformation service mixin
[16Nov2025 09:39:11.594] [main/DEBUG] [cpw.mods.modlauncher.TransformationServiceDecorator/MODLAUNCHER]: Initializing transformation service fml
[16Nov2025 09:39:11.594] [main/DEBUG] [net.minecraftforge.fml.loading.FMLServiceProvider/CORE]: Setting up basic FML game directories
[16Nov2025 09:39:11.594] [main/DEBUG] [net.minecraftforge.fml.loading.FMLPaths/CORE]: Path GAMEDIR is C:\Users\Sabien\MCreatorWorkspaces\ars_structerize\run
[16Nov2025 09:39:11.595] [main/DEBUG] [net.minecraftforge.fml.loading.FMLPaths/CORE]: Path MODSDIR is C:\Users\Sabien\MCreatorWorkspaces\ars_structerize\run\mods
[16Nov2025 09:39:11.595] [main/DEBUG] [net.minecraftforge.fml.loading.FMLPaths/CORE]: Path CONFIGDIR is C:\Users\Sabien\MCreatorWorkspaces\ars_structerize\run\config
[16Nov2025 09:39:11.595] [main/DEBUG] [net.minecraftforge.fml.loading.FMLPaths/CORE]: Path FMLCONFIG is C:\Users\Sabien\MCreatorWorkspaces\ars_structerize\run\config\fml.toml
[16Nov2025 09:39:11.595] [main/DEBUG] [net.minecraftforge.fml.loading.FMLServiceProvider/CORE]: Loading configuration
[16Nov2025 09:39:11.599] [main/DEBUG] [net.minecraftforge.fml.loading.FMLServiceProvider/CORE]: Preparing ModFile
[16Nov2025 09:39:11.602] [main/DEBUG] [net.minecraftforge.fml.loading.FMLServiceProvider/CORE]: Preparing launch handler
[16Nov2025 09:39:11.603] [main/DEBUG] [net.minecraftforge.fml.loading.FMLLoader/CORE]: Using forgeclientuserdev as launch service
[16Nov2025 09:39:11.617] [main/DEBUG] [net.minecraftforge.fml.loading.FMLLoader/CORE]: Received command line version data  : VersionInfo[forgeVersion=47.2.0, mcVersion=1.20.1, mcpVersion=20230612.114412, forgeGroup=net.minecraftforge]
[16Nov2025 09:39:11.619] [main/DEBUG] [cpw.mods.modlauncher.TransformationServiceDecorator/MODLAUNCHER]: Initialized transformation service fml
[16Nov2025 09:39:11.619] [main/DEBUG] [cpw.mods.modlauncher.NameMappingServiceHandler/MODLAUNCHER]: Current naming domain is 'mcp'
[16Nov2025 09:39:11.620] [main/DEBUG] [cpw.mods.modlauncher.NameMappingServiceHandler/MODLAUNCHER]: Identified name mapping providers {srg=srgtomcp:1234}
[16Nov2025 09:39:11.620] [main/DEBUG] [cpw.mods.modlauncher.TransformationServicesHandler/MODLAUNCHER]: Transformation services begin scanning
[16Nov2025 09:39:11.621] [main/DEBUG] [cpw.mods.modlauncher.TransformationServiceDecorator/MODLAUNCHER]: Beginning scan trigger - transformation service mixin
[16Nov2025 09:39:11.621] [main/DEBUG] [cpw.mods.modlauncher.TransformationServiceDecorator/MODLAUNCHER]: End scan trigger - transformation service mixin
[16Nov2025 09:39:11.621] [main/DEBUG] [cpw.mods.modlauncher.TransformationServiceDecorator/MODLAUNCHER]: Beginning scan trigger - transformation service fml
[16Nov2025 09:39:11.621] [main/DEBUG] [net.minecraftforge.fml.loading.FMLServiceProvider/CORE]: Initiating mod scan
[16Nov2025 09:39:11.630] [main/DEBUG] [net.minecraftforge.fml.loading.moddiscovery.ModListHandler/CORE]: Found mod coordinates from lists: []
[16Nov2025 09:39:11.636] [main/DEBUG] [net.minecraftforge.fml.loading.moddiscovery.ModDiscoverer/CORE]: Found Mod Locators : (mods folder:null),(maven libs:null),(exploded directory:null),(minecraft:null),(userdev classpath:null)
[16Nov2025 09:39:11.636] [main/DEBUG] [net.minecraftforge.fml.loading.moddiscovery.ModDiscoverer/CORE]: Found Dependency Locators : (JarInJar:null)
[16Nov2025 09:39:11.644] [main/DEBUG] [net.minecraftforge.fml.loading.targets.CommonLaunchHandler/CORE]: Got mod coordinates examplemod%%C:\Users\Sabien\MCreatorWorkspaces\ars_structerize\build\resources\main;examplemod%%C:\Users\Sabien\MCreatorWorkspaces\ars_structerize\build\classes\java\main from env
[16Nov2025 09:39:11.646] [main/DEBUG] [net.minecraftforge.fml.loading.targets.CommonLaunchHandler/CORE]: Found supplied mod coordinates [{examplemod=[C:\Users\Sabien\MCreatorWorkspaces\ars_structerize\build\resources\main, C:\Users\Sabien\MCreatorWorkspaces\ars_structerize\build\classes\java\main]}]
[16Nov2025 09:39:11.720] [pool-2-thread-1/INFO] [EARLYDISPLAY/]: GL info: NVIDIA GeForce RTX 2070 SUPER/PCIe/SSE2 GL version 4.6.0 NVIDIA 566.36, NVIDIA Corporation
[16Nov2025 09:39:11.915] [main/DEBUG] [net.minecraftforge.fml.loading.moddiscovery.ModFileInfo/LOADING]: Found valid mod file forge-1.20.1-47.2.0_mapped_official_1.20.1-recomp.jar with {minecraft} mods - versions {1.20.1}
[16Nov2025 09:39:11.918] [main/DEBUG] [net.minecraftforge.fml.loading.moddiscovery.ModFileParser/LOADING]: Considering mod file candidate C:\Users\Sabien\.mcreator\gradle\caches\modules-2\files-2.1\net.minecraftforge\javafmllanguage\1.20.1-47.2.0\7f9181f85acc66547685a72020713fc8cbde98\javafmllanguage-1.20.1-47.2.0.jar
[16Nov2025 09:39:11.918] [main/WARN] [net.minecraftforge.fml.loading.moddiscovery.ModFileParser/LOADING]: Mod file C:\Users\Sabien\.mcreator\gradle\caches\modules-2\files-2.1\net.minecraftforge\javafmllanguage\1.20.1-47.2.0\7f9181f85acc66547685a72020713fc8cbde98\javafmllanguage-1.20.1-47.2.0.jar is missing mods.toml file
[16Nov2025 09:39:11.920] [main/DEBUG] [net.minecraftforge.fml.loading.moddiscovery.ModFileParser/LOADING]: Considering mod file candidate C:\Users\Sabien\.mcreator\gradle\caches\modules-2\files-2.1\net.minecraftforge\lowcodelanguage\1.20.1-47.2.0\7872f5205685fdd26fae39b1be79b0e60ca5b7bd\lowcodelanguage-1.20.1-47.2.0.jar
[16Nov2025 09:39:11.920] [main/WARN] [net.minecraftforge.fml.loading.moddiscovery.ModFileParser/LOADING]: Mod file C:\Users\Sabien\.mcreator\gradle\caches\modules-2\files-2.1\net.minecraftforge\lowcodelanguage\1.20.1-47.2.0\7872f5205685fdd26fae39b1be79b0e60ca5b7bd\lowcodelanguage-1.20.1-47.2.0.jar is missing mods.toml file
[16Nov2025 09:39:11.923] [main/DEBUG] [net.minecraftforge.fml.loading.moddiscovery.ModFileParser/LOADING]: Considering mod file candidate C:\Users\Sabien\.mcreator\gradle\caches\modules-2\files-2.1\net.minecraftforge\mclanguage\1.20.1-47.2.0\d501d161cabed08b3c139a2c6217b02a39f3c3e9\mclanguage-1.20.1-47.2.0.jar
[16Nov2025 09:39:11.923] [main/WARN] [net.minecraftforge.fml.loading.moddiscovery.ModFileParser/LOADING]: Mod file C:\Users\Sabien\.mcreator\gradle\caches\modules-2\files-2.1\net.minecraftforge\mclanguage\1.20.1-47.2.0\d501d161cabed08b3c139a2c6217b02a39f3c3e9\mclanguage-1.20.1-47.2.0.jar is missing mods.toml file
[16Nov2025 09:39:11.927] [main/DEBUG] [net.minecraftforge.fml.loading.moddiscovery.ModFileParser/LOADING]: Considering mod file candidate C:\Users\Sabien\.mcreator\gradle\caches\modules-2\files-2.1\net.minecraftforge\fmlcore\1.20.1-47.2.0\ffd3c6debac0a388c9e33ac43c9f5eafb91cb466\fmlcore-1.20.1-47.2.0.jar
[16Nov2025 09:39:11.927] [main/WARN] [net.minecraftforge.fml.loading.moddiscovery.ModFileParser/LOADING]: Mod file C:\Users\Sabien\.mcreator\gradle\caches\modules-2\files-2.1\net.minecraftforge\fmlcore\1.20.1-47.2.0\ffd3c6debac0a388c9e33ac43c9f5eafb91cb466\fmlcore-1.20.1-47.2.0.jar is missing mods.toml file
[16Nov2025 09:39:11.930] [main/DEBUG] [net.minecraftforge.fml.loading.moddiscovery.ModFileParser/LOADING]: Considering mod file candidate C:\Users\Sabien\MCreatorWorkspaces\ars_structerize\build\resources\main
[16Nov2025 09:39:11.947] [main/DEBUG] [net.minecraftforge.fml.loading.moddiscovery.ModFileInfo/LOADING]: Found valid mod file main with {ars_structurize} mods - versions {1.0.0}
[16Nov2025 09:39:11.950] [main/DEBUG] [net.minecraftforge.fml.loading.moddiscovery.ModFileParser/LOADING]: Considering mod file candidate /
[16Nov2025 09:39:11.952] [main/DEBUG] [net.minecraftforge.fml.loading.moddiscovery.ModFileInfo/LOADING]: Found valid mod file  with {forge} mods - versions {47.2.0}
[16Nov2025 09:39:11.970] [main/DEBUG] [net.minecraftforge.fml.loading.moddiscovery.ModFileParser/LOADING]: Considering mod file candidate C:\Users\Sabien\.mcreator\gradle\caches\forge_gradle\deobf_dependencies\curse\maven\ars-nouveau-401955\5894609_mapped_official_1.20.1\ars-nouveau-401955-5894609_mapped_official_1.20.1.jar
[16Nov2025 09:39:11.975] [main/DEBUG] [net.minecraftforge.fml.loading.moddiscovery.ModFileInfo/LOADING]: Found valid mod file ars-nouveau-401955-5894609_mapped_official_1.20.1.jar with {ars_nouveau} mods - versions {4.12.6}
[16Nov2025 09:39:11.978] [main/DEBUG] [net.minecraftforge.fml.loading.moddiscovery.ModFileParser/LOADING]: Considering mod file candidate C:\Users\Sabien\.mcreator\gradle\caches\forge_gradle\deobf_dependencies\curse\maven\curios-309927\6058834_mapped_official_1.20.1\curios-309927-6058834_mapped_official_1.20.1.jar
[16Nov2025 09:39:11.980] [main/DEBUG] [net.minecraftforge.fml.loading.moddiscovery.ModFileInfo/LOADING]: Found valid mod file curios-309927-6058834_mapped_official_1.20.1.jar with {curios} mods - versions {5.11.1+1.20.1}
[16Nov2025 09:39:11.983] [main/DEBUG] [net.minecraftforge.fml.loading.moddiscovery.ModFileParser/LOADING]: Considering mod file candidate C:\Users\Sabien\.mcreator\gradle\caches\forge_gradle\deobf_dependencies\curse\maven\geckolib-388172\6027567_mapped_official_1.20.1\geckolib-388172-6027567_mapped_official_1.20.1.jar
[16Nov2025 09:39:11.984] [main/DEBUG] [net.minecraftforge.fml.loading.moddiscovery.ModFileInfo/LOADING]: Found valid mod file geckolib-388172-6027567_mapped_official_1.20.1.jar with {geckolib} mods - versions {4.7}
[16Nov2025 09:39:11.988] [main/DEBUG] [net.minecraftforge.fml.loading.moddiscovery.ModFileParser/LOADING]: Considering mod file candidate C:\Users\Sabien\.mcreator\gradle\caches\forge_gradle\deobf_dependencies\curse\maven\patchouli-306770\4966125_mapped_official_1.20.1\patchouli-306770-4966125_mapped_official_1.20.1.jar
[16Nov2025 09:39:11.989] [main/DEBUG] [net.minecraftforge.fml.loading.moddiscovery.ModFileInfo/LOADING]: Found valid mod file patchouli-306770-4966125_mapped_official_1.20.1.jar with {patchouli} mods - versions {1.20.1-84-FORGE}
[16Nov2025 09:39:11.994] [main/DEBUG] [net.minecraftforge.fml.loading.moddiscovery.ModFileParser/LOADING]: Considering mod file candidate C:\Users\Sabien\.mcreator\gradle\caches\forge_gradle\deobf_dependencies\curse\maven\ars-nouveau-401955\5894609_mapped_official_1.20.1\ars-nouveau-401955-5894609_mapped_official_1.20.1.jar
[16Nov2025 09:39:11.996] [main/DEBUG] [net.minecraftforge.fml.loading.moddiscovery.ModFileInfo/LOADING]: Found valid mod file ars-nouveau-401955-5894609_mapped_official_1.20.1.jar with {ars_nouveau} mods - versions {4.12.6}
[16Nov2025 09:39:11.999] [main/DEBUG] [net.minecraftforge.fml.loading.moddiscovery.ModFileParser/LOADING]: Considering mod file candidate C:\Users\Sabien\.mcreator\gradle\caches\forge_gradle\deobf_dependencies\curse\maven\curios-309927\6058834_mapped_official_1.20.1\curios-309927-6058834_mapped_official_1.20.1.jar
[16Nov2025 09:39:11.999] [main/DEBUG] [net.minecraftforge.fml.loading.moddiscovery.ModFileInfo/LOADING]: Found valid mod file curios-309927-6058834_mapped_official_1.20.1.jar with {curios} mods - versions {5.11.1+1.20.1}
[16Nov2025 09:39:12.003] [main/DEBUG] [net.minecraftforge.fml.loading.moddiscovery.ModFileParser/LOADING]: Considering mod file candidate C:\Users\Sabien\.mcreator\gradle\caches\forge_gradle\deobf_dependencies\curse\maven\geckolib-388172\6027567_mapped_official_1.20.1\geckolib-388172-6027567_mapped_official_1.20.1.jar
[16Nov2025 09:39:12.004] [main/DEBUG] [net.minecraftforge.fml.loading.moddiscovery.ModFileInfo/LOADING]: Found valid mod file geckolib-388172-6027567_mapped_official_1.20.1.jar with {geckolib} mods - versions {4.7}
[16Nov2025 09:39:12.007] [main/DEBUG] [net.minecraftforge.fml.loading.moddiscovery.ModFileParser/LOADING]: Considering mod file candidate C:\Users\Sabien\.mcreator\gradle\caches\forge_gradle\deobf_dependencies\curse\maven\patchouli-306770\4966125_mapped_official_1.20.1\patchouli-306770-4966125_mapped_official_1.20.1.jar
[16Nov2025 09:39:12.007] [main/DEBUG] [net.minecraftforge.fml.loading.moddiscovery.ModFileInfo/LOADING]: Found valid mod file patchouli-306770-4966125_mapped_official_1.20.1.jar with {patchouli} mods - versions {1.20.1-84-FORGE}
[16Nov2025 09:39:12.013] [main/DEBUG] [net.minecraftforge.fml.loading.UniqueModListBuilder/]: Found 2 mods for first modid ars_nouveau, selecting most recent based on version data
[16Nov2025 09:39:12.013] [main/DEBUG] [net.minecraftforge.fml.loading.UniqueModListBuilder/]: Selected file ars-nouveau-401955-5894609_mapped_official_1.20.1.jar for modid ars_nouveau with version 4.12.6
[16Nov2025 09:39:12.014] [main/DEBUG] [net.minecraftforge.fml.loading.UniqueModListBuilder/]: Found 2 mods for first modid curios, selecting most recent based on version data
[16Nov2025 09:39:12.014] [main/DEBUG] [net.minecraftforge.fml.loading.UniqueModListBuilder/]: Selected file curios-309927-6058834_mapped_official_1.20.1.jar for modid curios with version 5.11.1+1.20.1
[16Nov2025 09:39:12.014] [main/DEBUG] [net.minecraftforge.fml.loading.UniqueModListBuilder/]: Found 2 mods for first modid patchouli, selecting most recent based on version data
[16Nov2025 09:39:12.014] [main/DEBUG] [net.minecraftforge.fml.loading.UniqueModListBuilder/]: Selected file patchouli-306770-4966125_mapped_official_1.20.1.jar for modid patchouli with version 1.20.1-84-FORGE
[16Nov2025 09:39:12.014] [main/DEBUG] [net.minecraftforge.fml.loading.UniqueModListBuilder/]: Found 2 mods for first modid geckolib, selecting most recent based on version data
[16Nov2025 09:39:12.014] [main/DEBUG] [net.minecraftforge.fml.loading.UniqueModListBuilder/]: Selected file geckolib-388172-6027567_mapped_official_1.20.1.jar for modid geckolib with version 4.7
[16Nov2025 09:39:12.020] [main/DEBUG] [net.minecraftforge.fml.loading.moddiscovery.AbstractJarFileDependencyLocator/]: Failed to load resource META-INF\jarjar\metadata.json from forge-1.20.1-47.2.0_mapped_official_1.20.1-recomp.jar, it does not contain dependency information.
[16Nov2025 09:39:12.022] [main/DEBUG] [net.minecraftforge.fml.loading.moddiscovery.AbstractJarFileDependencyLocator/]: Failed to load resource META-INF\jarjar\metadata.json from main, it does not contain dependency information.
[16Nov2025 09:39:12.022] [main/DEBUG] [net.minecraftforge.fml.loading.moddiscovery.AbstractJarFileDependencyLocator/]: Failed to load resource META-INF\jarjar\metadata.json from , it does not contain dependency information.
[16Nov2025 09:39:12.022] [main/DEBUG] [net.minecraftforge.fml.loading.moddiscovery.AbstractJarFileDependencyLocator/]: Failed to load resource META-INF\jarjar\metadata.json from curios-309927-6058834_mapped_official_1.20.1.jar, it does not contain dependency information.
[16Nov2025 09:39:12.022] [main/DEBUG] [net.minecraftforge.fml.loading.moddiscovery.AbstractJarFileDependencyLocator/]: Failed to load resource META-INF\jarjar\metadata.json from patchouli-306770-4966125_mapped_official_1.20.1.jar, it does not contain dependency information.
[16Nov2025 09:39:12.022] [main/DEBUG] [net.minecraftforge.fml.loading.moddiscovery.AbstractJarFileDependencyLocator/]: Failed to load resource META-INF\jarjar\metadata.json from mclanguage-1.20.1-47.2.0.jar, it does not contain dependency information.
[16Nov2025 09:39:12.023] [main/DEBUG] [net.minecraftforge.fml.loading.moddiscovery.AbstractJarFileDependencyLocator/]: Failed to load resource META-INF\jarjar\metadata.json from javafmllanguage-1.20.1-47.2.0.jar, it does not contain dependency information.
[16Nov2025 09:39:12.023] [main/DEBUG] [net.minecraftforge.fml.loading.moddiscovery.AbstractJarFileDependencyLocator/]: Failed to load resource META-INF\jarjar\metadata.json from fmlcore-1.20.1-47.2.0.jar, it does not contain dependency information.
[16Nov2025 09:39:12.023] [main/DEBUG] [net.minecraftforge.fml.loading.moddiscovery.AbstractJarFileDependencyLocator/]: Failed to load resource META-INF\jarjar\metadata.json from lowcodelanguage-1.20.1-47.2.0.jar, it does not contain dependency information.
[16Nov2025 09:39:12.096] [main/DEBUG] [net.minecraftforge.fml.loading.moddiscovery.ModFileParser/LOADING]: Considering mod file candidate 
[16Nov2025 09:39:12.097] [main/DEBUG] [net.minecraftforge.fml.loading.moddiscovery.ModFileInfo/LOADING]: Found valid mod file mixinextras-forge-0.2.0-beta.8.jar with {mixinextras} mods - versions {0.2.0-beta.8}
[16Nov2025 09:39:12.118] [main/DEBUG] [net.minecraftforge.fml.loading.moddiscovery.ModFileParser/LOADING]: Considering mod file candidate 
[16Nov2025 09:39:12.119] [main/DEBUG] [net.minecraftforge.fml.loading.moddiscovery.ModFileInfo/LOADING]: Found valid mod file geckolib-forge-1.20.1-4.4.4.jar with {geckolib} mods - versions {4.4.4}
[16Nov2025 09:39:12.119] [main/DEBUG] [net.minecraftforge.fml.loading.moddiscovery.AbstractJarFileDependencyLocator/]: Failed to load resource META-INF\jarjar\metadata.json from mclib-20.jar, it does not contain dependency information.
[16Nov2025 09:39:12.125] [main/DEBUG] [net.minecraftforge.fml.loading.moddiscovery.AbstractJarFileDependencyLocator/]: Failed to load resource META-INF\jarjar\metadata.json from MixinExtras-0.2.0-beta.8.jar, it does not contain dependency information.
[16Nov2025 09:39:12.125] [main/DEBUG] [net.minecraftforge.fml.loading.moddiscovery.AbstractJarFileDependencyLocator/]: Failed to load resource META-INF\jarjar\metadata.json from mclib-20.jar, it does not contain dependency information.
[16Nov2025 09:39:12.164] [main/DEBUG] [net.minecraftforge.fml.loading.moddiscovery.ModFileParser/LOADING]: Considering mod file candidate 
[16Nov2025 09:39:12.165] [main/DEBUG] [net.minecraftforge.fml.loading.moddiscovery.ModFileInfo/LOADING]: Found valid mod file geckolib-forge-1.20.1-4.4.4.jar with {geckolib} mods - versions {4.4.4}
[16Nov2025 09:39:12.165] [main/DEBUG] [net.minecraftforge.fml.loading.moddiscovery.ModFileParser/LOADING]: Considering mod file candidate 
[16Nov2025 09:39:12.166] [main/DEBUG] [net.minecraftforge.fml.loading.moddiscovery.ModFileInfo/LOADING]: Found valid mod file mixinextras-forge-0.2.0-beta.8.jar with {mixinextras} mods - versions {0.2.0-beta.8}
[16Nov2025 09:39:12.168] [main/WARN] [net.minecraftforge.jarjar.selection.JarSelector/]: Attempted to select a dependency jar for JarJar which was passed in as source: geckolib. Using Mod File: C:\Users\Sabien\.mcreator\gradle\caches\forge_gradle\deobf_dependencies\curse\maven\geckolib-388172\6027567_mapped_official_1.20.1\geckolib-388172-6027567_mapped_official_1.20.1.jar
[16Nov2025 09:39:12.168] [main/INFO] [net.minecraftforge.fml.loading.moddiscovery.JarInJarDependencyLocator/]: Found 3 dependencies adding them to mods collection
[16Nov2025 09:39:12.170] [main/DEBUG] [net.minecraftforge.fml.loading.moddiscovery.ModFileInfo/LOADING]: Found valid mod file forge-1.20.1-47.2.0_mapped_official_1.20.1-recomp.jar with {minecraft} mods - versions {1.20.1}
[16Nov2025 09:39:12.173] [main/DEBUG] [net.minecraftforge.fml.loading.moddiscovery.ModFile/LOADING]: Loading mod file C:\Users\Sabien\.mcreator\gradle\caches\forge_gradle\minecraft_user_repo\net\minecraftforge\forge\1.20.1-47.2.0_mapped_official_1.20.1\forge-1.20.1-47.2.0_mapped_official_1.20.1-recomp.jar with languages [LanguageSpec[languageName=minecraft, acceptedVersions=1]]
[16Nov2025 09:39:12.174] [main/DEBUG] [net.minecraftforge.fml.loading.moddiscovery.ModFileParser/LOADING]: Considering mod file candidate C:\Users\Sabien\MCreatorWorkspaces\ars_structerize\build\resources\main
[16Nov2025 09:39:12.175] [main/DEBUG] [net.minecraftforge.fml.loading.moddiscovery.ModFileInfo/LOADING]: Found valid mod file main with {ars_structurize} mods - versions {1.0.0}
[16Nov2025 09:39:12.175] [main/DEBUG] [net.minecraftforge.fml.loading.moddiscovery.ModFile/LOADING]: Loading mod file C:\Users\Sabien\MCreatorWorkspaces\ars_structerize\build\resources\main with languages [LanguageSpec[languageName=javafml, acceptedVersions=[47,)]]
[16Nov2025 09:39:12.177] [main/DEBUG] [net.minecraftforge.fml.loading.moddiscovery.ModFileParser/LOADING]: Considering mod file candidate C:\Users\Sabien\.mcreator\gradle\caches\forge_gradle\deobf_dependencies\curse\maven\ars-nouveau-401955\5894609_mapped_official_1.20.1\ars-nouveau-401955-5894609_mapped_official_1.20.1.jar
[16Nov2025 09:39:12.177] [main/DEBUG] [net.minecraftforge.fml.loading.moddiscovery.ModFileInfo/LOADING]: Found valid mod file ars-nouveau-401955-5894609_mapped_official_1.20.1.jar with {ars_nouveau} mods - versions {4.12.6}
[16Nov2025 09:39:12.178] [main/DEBUG] [net.minecraftforge.fml.loading.moddiscovery.ModFile/LOADING]: Loading mod file C:\Users\Sabien\.mcreator\gradle\caches\forge_gradle\deobf_dependencies\curse\maven\ars-nouveau-401955\5894609_mapped_official_1.20.1\ars-nouveau-401955-5894609_mapped_official_1.20.1.jar with languages [LanguageSpec[languageName=javafml, acceptedVersions=[40,)]]
[16Nov2025 09:39:12.178] [main/DEBUG] [net.minecraftforge.fml.loading.moddiscovery.ModFileParser/LOADING]: Considering mod file candidate /
[16Nov2025 09:39:12.178] [main/DEBUG] [net.minecraftforge.fml.loading.moddiscovery.ModFileInfo/LOADING]: Found valid mod file  with {forge} mods - versions {47.2.0}
[16Nov2025 09:39:12.179] [main/DEBUG] [net.minecraftforge.fml.loading.moddiscovery.ModFile/LOADING]: Loading mod file / with languages [LanguageSpec[languageName=javafml, acceptedVersions=[24,]]]
[16Nov2025 09:39:12.180] [main/DEBUG] [net.minecraftforge.fml.loading.moddiscovery.ModFileParser/LOADING]: Found coremod field_to_method with Javascript path coremods/field_to_method.js
[16Nov2025 09:39:12.181] [main/DEBUG] [net.minecraftforge.fml.loading.moddiscovery.ModFileParser/LOADING]: Found coremod field_to_instanceof with Javascript path coremods/field_to_instanceof.js
[16Nov2025 09:39:12.181] [main/DEBUG] [net.minecraftforge.fml.loading.moddiscovery.ModFileParser/LOADING]: Found coremod add_bouncer_method with Javascript path coremods/add_bouncer_method.js
[16Nov2025 09:39:12.181] [main/DEBUG] [net.minecraftforge.fml.loading.moddiscovery.ModFileParser/LOADING]: Found coremod method_redirector with Javascript path coremods/method_redirector.js
[16Nov2025 09:39:12.181] [main/DEBUG] [net.minecraftforge.fml.loading.moddiscovery.ModFile/LOADING]: Found coremod coremods/field_to_method.js
[16Nov2025 09:39:12.181] [main/DEBUG] [net.minecraftforge.fml.loading.moddiscovery.ModFile/LOADING]: Found coremod coremods/field_to_instanceof.js
[16Nov2025 09:39:12.181] [main/DEBUG] [net.minecraftforge.fml.loading.moddiscovery.ModFile/LOADING]: Found coremod coremods/add_bouncer_method.js
[16Nov2025 09:39:12.181] [main/DEBUG] [net.minecraftforge.fml.loading.moddiscovery.ModFile/LOADING]: Found coremod coremods/method_redirector.js
[16Nov2025 09:39:12.181] [main/DEBUG] [net.minecraftforge.fml.loading.moddiscovery.ModFileParser/LOADING]: Considering mod file candidate C:\Users\Sabien\.mcreator\gradle\caches\forge_gradle\deobf_dependencies\curse\maven\curios-309927\6058834_mapped_official_1.20.1\curios-309927-6058834_mapped_official_1.20.1.jar
[16Nov2025 09:39:12.182] [main/DEBUG] [net.minecraftforge.fml.loading.moddiscovery.ModFileInfo/LOADING]: Found valid mod file curios-309927-6058834_mapped_official_1.20.1.jar with {curios} mods - versions {5.11.1+1.20.1}
[16Nov2025 09:39:12.182] [main/DEBUG] [net.minecraftforge.fml.loading.moddiscovery.ModFile/LOADING]: Loading mod file C:\Users\Sabien\.mcreator\gradle\caches\forge_gradle\deobf_dependencies\curse\maven\curios-309927\6058834_mapped_official_1.20.1\curios-309927-6058834_mapped_official_1.20.1.jar with languages [LanguageSpec[languageName=javafml, acceptedVersions=[41,)]]
[16Nov2025 09:39:12.182] [main/DEBUG] [net.minecraftforge.fml.loading.moddiscovery.ModFileParser/LOADING]: Considering mod file candidate C:\Users\Sabien\.mcreator\gradle\caches\forge_gradle\deobf_dependencies\curse\maven\patchouli-306770\4966125_mapped_official_1.20.1\patchouli-306770-4966125_mapped_official_1.20.1.jar
[16Nov2025 09:39:12.184] [main/DEBUG] [net.minecraftforge.fml.loading.moddiscovery.ModFileInfo/LOADING]: Found valid mod file patchouli-306770-4966125_mapped_official_1.20.1.jar with {patchouli} mods - versions {1.20.1-84-FORGE}
[16Nov2025 09:39:12.184] [main/DEBUG] [net.minecraftforge.fml.loading.moddiscovery.ModFile/LOADING]: Loading mod file C:\Users\Sabien\.mcreator\gradle\caches\forge_gradle\deobf_dependencies\curse\maven\patchouli-306770\4966125_mapped_official_1.20.1\patchouli-306770-4966125_mapped_official_1.20.1.jar with languages [LanguageSpec[languageName=javafml, acceptedVersions=[47,)]]
[16Nov2025 09:39:12.184] [main/DEBUG] [net.minecraftforge.fml.loading.moddiscovery.ModFileParser/LOADING]: Considering mod file candidate C:\Users\Sabien\.mcreator\gradle\caches\forge_gradle\deobf_dependencies\curse\maven\geckolib-388172\6027567_mapped_official_1.20.1\geckolib-388172-6027567_mapped_official_1.20.1.jar
[16Nov2025 09:39:12.184] [main/DEBUG] [net.minecraftforge.fml.loading.moddiscovery.ModFileInfo/LOADING]: Found valid mod file geckolib-388172-6027567_mapped_official_1.20.1.jar with {geckolib} mods - versions {4.7}
[16Nov2025 09:39:12.184] [main/DEBUG] [net.minecraftforge.fml.loading.moddiscovery.ModFile/LOADING]: Loading mod file C:\Users\Sabien\.mcreator\gradle\caches\forge_gradle\deobf_dependencies\curse\maven\geckolib-388172\6027567_mapped_official_1.20.1\geckolib-388172-6027567_mapped_official_1.20.1.jar with languages [LanguageSpec[languageName=javafml, acceptedVersions=[47,)]]
[16Nov2025 09:39:12.184] [main/DEBUG] [net.minecraftforge.fml.loading.moddiscovery.ModFile/LOADING]: Loading mod file  with languages []
[16Nov2025 09:39:12.184] [main/DEBUG] [net.minecraftforge.fml.loading.moddiscovery.ModFile/LOADING]: Loading mod file  with languages []
[16Nov2025 09:39:12.184] [main/DEBUG] [net.minecraftforge.fml.loading.moddiscovery.ModFileParser/LOADING]: Considering mod file candidate 
[16Nov2025 09:39:12.185] [main/DEBUG] [net.minecraftforge.fml.loading.moddiscovery.ModFileInfo/LOADING]: Found valid mod file mixinextras-forge-0.2.0-beta.8.jar with {mixinextras} mods - versions {0.2.0-beta.8}
[16Nov2025 09:39:12.185] [main/DEBUG] [net.minecraftforge.fml.loading.moddiscovery.ModFile/LOADING]: Loading mod file  with languages [LanguageSpec[languageName=javafml, acceptedVersions=*]]
[16Nov2025 09:39:12.186] [main/DEBUG] [cpw.mods.modlauncher.TransformationServiceDecorator/MODLAUNCHER]: End scan trigger - transformation service fml
[16Nov2025 09:39:12.197] [main/DEBUG] [net.minecraftforge.fml.loading.LanguageLoadingProvider/CORE]: Found 3 language providers
[16Nov2025 09:39:12.197] [main/DEBUG] [net.minecraftforge.fml.loading.LanguageLoadingProvider/CORE]: Found language provider minecraft, version 1.0
[16Nov2025 09:39:12.198] [main/DEBUG] [net.minecraftforge.fml.loading.LanguageLoadingProvider/CORE]: Found language provider lowcodefml, version 47
[16Nov2025 09:39:12.198] [main/DEBUG] [net.minecraftforge.fml.loading.LanguageLoadingProvider/CORE]: Found language provider javafml, version 47
[16Nov2025 09:39:12.205] [main/DEBUG] [net.minecraftforge.fml.loading.ModSorter/]: Configured system mods: [minecraft, forge]
[16Nov2025 09:39:12.205] [main/DEBUG] [net.minecraftforge.fml.loading.ModSorter/]: Found system mod: minecraft
[16Nov2025 09:39:12.205] [main/DEBUG] [net.minecraftforge.fml.loading.ModSorter/]: Found system mod: forge
[16Nov2025 09:39:12.208] [main/DEBUG] [net.minecraftforge.fml.loading.ModSorter/LOADING]: Found 11 mod requirements (10 mandatory, 1 optional)
[16Nov2025 09:39:12.208] [main/DEBUG] [net.minecraftforge.fml.loading.ModSorter/LOADING]: Found 0 mod requirements missing (0 mandatory, 0 optional)
[16Nov2025 09:39:12.654] [main/DEBUG] [net.minecraftforge.fml.loading.MCPNamingService/CORE]: Loaded 33222 method mappings from methods.csv
[16Nov2025 09:39:12.686] [main/DEBUG] [net.minecraftforge.fml.loading.MCPNamingService/CORE]: Loaded 31003 field mappings from fields.csv
[16Nov2025 09:39:12.756] [main/DEBUG] [cpw.mods.modlauncher.TransformationServicesHandler/MODLAUNCHER]: Transformation services loading transformers
[16Nov2025 09:39:12.757] [main/DEBUG] [cpw.mods.modlauncher.TransformationServiceDecorator/MODLAUNCHER]: Initializing transformers for transformation service mixin
[16Nov2025 09:39:12.757] [main/DEBUG] [cpw.mods.modlauncher.TransformationServiceDecorator/MODLAUNCHER]: Initialized transformers for transformation service mixin
[16Nov2025 09:39:12.757] [main/DEBUG] [cpw.mods.modlauncher.TransformationServiceDecorator/MODLAUNCHER]: Initializing transformers for transformation service fml
[16Nov2025 09:39:12.757] [main/DEBUG] [net.minecraftforge.fml.loading.FMLServiceProvider/CORE]: Loading coremod transformers
[16Nov2025 09:39:12.757] [main/DEBUG] [net.minecraftforge.coremod.CoreModEngine/COREMOD]: Loading CoreMod from coremods/field_to_method.js
[16Nov2025 09:39:12.949] [main/DEBUG] [net.minecraftforge.coremod.CoreModEngine/COREMOD]: CoreMod loaded successfully
[16Nov2025 09:39:12.949] [main/DEBUG] [net.minecraftforge.coremod.CoreModEngine/COREMOD]: Loading CoreMod from coremods/field_to_instanceof.js
[16Nov2025 09:39:13.003] [main/DEBUG] [net.minecraftforge.coremod.CoreModEngine/COREMOD]: CoreMod loaded successfully
[16Nov2025 09:39:13.004] [main/DEBUG] [net.minecraftforge.coremod.CoreModEngine/COREMOD]: Loading CoreMod from coremods/add_bouncer_method.js
[16Nov2025 09:39:13.040] [main/DEBUG] [net.minecraftforge.coremod.CoreModEngine/COREMOD]: CoreMod loaded successfully
[16Nov2025 09:39:13.040] [main/DEBUG] [net.minecraftforge.coremod.CoreModEngine/COREMOD]: Loading CoreMod from coremods/method_redirector.js
[16Nov2025 09:39:13.097] [main/DEBUG] [net.minecraftforge.coremod.CoreModEngine/COREMOD]: CoreMod loaded successfully
[16Nov2025 09:39:13.111] [main/DEBUG] [cpw.mods.modlauncher.TransformStore/MODLAUNCHER]: Adding transformer net.minecraftforge.coremod.transformer.CoreModClassTransformer@74d6736 to Target : CLASS {Lnet/minecraft/world/level/biome/Biome;} {} {V}
[16Nov2025 09:39:13.114] [main/DEBUG] [cpw.mods.modlauncher.TransformStore/MODLAUNCHER]: Adding transformer net.minecraftforge.coremod.transformer.CoreModClassTransformer@6198e9b5 to Target : CLASS {Lnet/minecraft/world/level/levelgen/structure/Structure;} {} {V}
[16Nov2025 09:39:13.114] [main/DEBUG] [cpw.mods.modlauncher.TransformStore/MODLAUNCHER]: Adding transformer net.minecraftforge.coremod.transformer.CoreModClassTransformer@6d099323 to Target : CLASS {Lnet/minecraft/world/effect/MobEffectInstance;} {} {V}
[16Nov2025 09:39:13.114] [main/DEBUG] [cpw.mods.modlauncher.TransformStore/MODLAUNCHER]: Adding transformer net.minecraftforge.coremod.transformer.CoreModClassTransformer@4ecd00b5 to Target : CLASS {Lnet/minecraft/world/level/block/LiquidBlock;} {} {V}
[16Nov2025 09:39:13.114] [main/DEBUG] [cpw.mods.modlauncher.TransformStore/MODLAUNCHER]: Adding transformer net.minecraftforge.coremod.transformer.CoreModClassTransformer@10947c4e to Target : CLASS {Lnet/minecraft/world/item/BucketItem;} {} {V}
[16Nov2025 09:39:13.114] [main/DEBUG] [cpw.mods.modlauncher.TransformStore/MODLAUNCHER]: Adding transformer net.minecraftforge.coremod.transformer.CoreModClassTransformer@3667faa8 to Target : CLASS {Lnet/minecraft/world/level/block/StairBlock;} {} {V}
[16Nov2025 09:39:13.115] [main/DEBUG] [cpw.mods.modlauncher.TransformStore/MODLAUNCHER]: Adding transformer net.minecraftforge.coremod.transformer.CoreModClassTransformer@1756f7cc to Target : CLASS {Lnet/minecraft/world/level/block/FlowerPotBlock;} {} {V}
[16Nov2025 09:39:13.115] [main/DEBUG] [cpw.mods.modlauncher.TransformStore/MODLAUNCHER]: Adding transformer net.minecraftforge.coremod.transformer.CoreModClassTransformer@3138953b to Target : CLASS {Lnet/minecraft/world/item/ItemStack;} {} {V}
[16Nov2025 09:39:13.115] [main/DEBUG] [cpw.mods.modlauncher.TransformStore/MODLAUNCHER]: Adding transformer net.minecraftforge.coremod.transformer.CoreModClassTransformer@27df95e to Target : CLASS {Lnet/minecraft/network/play/client/CClientSettingsPacket;} {} {V}
[16Nov2025 09:39:13.115] [main/DEBUG] [cpw.mods.modlauncher.TransformStore/MODLAUNCHER]: Adding transformer net.minecraftforge.coremod.transformer.CoreModClassTransformer@b46e103 to Target : CLASS {Lnet/minecraft/world/level/levelgen/PatrolSpawner;} {} {V}
[16Nov2025 09:39:13.115] [main/DEBUG] [cpw.mods.modlauncher.TransformStore/MODLAUNCHER]: Adding transformer net.minecraftforge.coremod.transformer.CoreModClassTransformer@b46e103 to Target : CLASS {Lnet/minecraft/world/level/NaturalSpawner;} {} {V}
[16Nov2025 09:39:13.115] [main/DEBUG] [cpw.mods.modlauncher.TransformStore/MODLAUNCHER]: Adding transformer net.minecraftforge.coremod.transformer.CoreModClassTransformer@b46e103 to Target : CLASS {Lnet/minecraft/world/level/levelgen/structure/structures/OceanRuinPieces$OceanRuinPiece;} {} {V}
[16Nov2025 09:39:13.115] [main/DEBUG] [cpw.mods.modlauncher.TransformStore/MODLAUNCHER]: Adding transformer net.minecraftforge.coremod.transformer.CoreModClassTransformer@b46e103 to Target : CLASS {Lnet/minecraft/world/entity/animal/frog/Tadpole;} {} {V}
[16Nov2025 09:39:13.115] [main/DEBUG] [cpw.mods.modlauncher.TransformStore/MODLAUNCHER]: Adding transformer net.minecraftforge.coremod.transformer.CoreModClassTransformer@b46e103 to Target : CLASS {Lnet/minecraft/world/level/levelgen/structure/templatesystem/StructureTemplate;} {} {V}
[16Nov2025 09:39:13.116] [main/DEBUG] [cpw.mods.modlauncher.TransformStore/MODLAUNCHER]: Adding transformer net.minecraftforge.coremod.transformer.CoreModClassTransformer@b46e103 to Target : CLASS {Lnet/minecraft/world/entity/monster/ZombieVillager;} {} {V}
[16Nov2025 09:39:13.116] [main/DEBUG] [cpw.mods.modlauncher.TransformStore/MODLAUNCHER]: Adding transformer net.minecraftforge.coremod.transformer.CoreModClassTransformer@b46e103 to Target : CLASS {Lnet/minecraft/world/entity/monster/Evoker$EvokerSummonSpellGoal;} {} {V}
[16Nov2025 09:39:13.116] [main/DEBUG] [cpw.mods.modlauncher.TransformStore/MODLAUNCHER]: Adding transformer net.minecraftforge.coremod.transformer.CoreModClassTransformer@b46e103 to Target : CLASS {Lnet/minecraft/world/level/levelgen/structure/structures/OceanMonumentPieces$OceanMonumentPiece;} {} {V}
[16Nov2025 09:39:13.116] [main/DEBUG] [cpw.mods.modlauncher.TransformStore/MODLAUNCHER]: Adding transformer net.minecraftforge.coremod.transformer.CoreModClassTransformer@b46e103 to Target : CLASS {Lnet/minecraft/world/level/levelgen/structure/structures/SwampHutPiece;} {} {V}
[16Nov2025 09:39:13.116] [main/DEBUG] [cpw.mods.modlauncher.TransformStore/MODLAUNCHER]: Adding transformer net.minecraftforge.coremod.transformer.CoreModClassTransformer@b46e103 to Target : CLASS {Lnet/minecraft/world/entity/monster/Zombie;} {} {V}
[16Nov2025 09:39:13.116] [main/DEBUG] [cpw.mods.modlauncher.TransformStore/MODLAUNCHER]: Adding transformer net.minecraftforge.coremod.transformer.CoreModClassTransformer@b46e103 to Target : CLASS {Lnet/minecraft/world/entity/monster/Spider;} {} {V}
[16Nov2025 09:39:13.116] [main/DEBUG] [cpw.mods.modlauncher.TransformStore/MODLAUNCHER]: Adding transformer net.minecraftforge.coremod.transformer.CoreModClassTransformer@b46e103 to Target : CLASS {Lnet/minecraft/world/entity/animal/horse/SkeletonTrapGoal;} {} {V}
[16Nov2025 09:39:13.116] [main/DEBUG] [cpw.mods.modlauncher.TransformStore/MODLAUNCHER]: Adding transformer net.minecraftforge.coremod.transformer.CoreModClassTransformer@b46e103 to Target : CLASS {Lnet/minecraft/world/entity/npc/CatSpawner;} {} {V}
[16Nov2025 09:39:13.116] [main/DEBUG] [cpw.mods.modlauncher.TransformStore/MODLAUNCHER]: Adding transformer net.minecraftforge.coremod.transformer.CoreModClassTransformer@b46e103 to Target : CLASS {Lnet/minecraft/world/entity/monster/Strider;} {} {V}
[16Nov2025 09:39:13.116] [main/DEBUG] [cpw.mods.modlauncher.TransformStore/MODLAUNCHER]: Adding transformer net.minecraftforge.coremod.transformer.CoreModClassTransformer@b46e103 to Target : CLASS {Lnet/minecraft/world/level/levelgen/structure/structures/WoodlandMansionPieces$WoodlandMansionPiece;} {} {V}
[16Nov2025 09:39:13.116] [main/DEBUG] [cpw.mods.modlauncher.TransformStore/MODLAUNCHER]: Adding transformer net.minecraftforge.coremod.transformer.CoreModClassTransformer@b46e103 to Target : CLASS {Lnet/minecraft/world/entity/EntityType;} {} {V}
[16Nov2025 09:39:13.117] [main/DEBUG] [cpw.mods.modlauncher.TransformStore/MODLAUNCHER]: Adding transformer net.minecraftforge.coremod.transformer.CoreModClassTransformer@b46e103 to Target : CLASS {Lnet/minecraft/world/entity/ai/village/VillageSiege;} {} {V}
[16Nov2025 09:39:13.117] [main/DEBUG] [cpw.mods.modlauncher.TransformStore/MODLAUNCHER]: Adding transformer net.minecraftforge.coremod.transformer.CoreModClassTransformer@b46e103 to Target : CLASS {Lnet/minecraft/world/entity/npc/Villager;} {} {V}
[16Nov2025 09:39:13.117] [main/DEBUG] [cpw.mods.modlauncher.TransformStore/MODLAUNCHER]: Adding transformer net.minecraftforge.coremod.transformer.CoreModClassTransformer@b46e103 to Target : CLASS {Lnet/minecraft/server/commands/SummonCommand;} {} {V}
[16Nov2025 09:39:13.117] [main/DEBUG] [cpw.mods.modlauncher.TransformStore/MODLAUNCHER]: Adding transformer net.minecraftforge.coremod.transformer.CoreModClassTransformer@b46e103 to Target : CLASS {Lnet/minecraft/world/entity/raid/Raid;} {} {V}
[16Nov2025 09:39:13.117] [main/DEBUG] [cpw.mods.modlauncher.TransformStore/MODLAUNCHER]: Adding transformer net.minecraftforge.coremod.transformer.CoreModClassTransformer@b46e103 to Target : CLASS {Lnet/minecraft/server/commands/RaidCommand;} {} {V}
[16Nov2025 09:39:13.117] [main/DEBUG] [cpw.mods.modlauncher.TransformStore/MODLAUNCHER]: Adding transformer net.minecraftforge.coremod.transformer.CoreModClassTransformer@b46e103 to Target : CLASS {Lnet/minecraft/world/level/levelgen/PhantomSpawner;} {} {V}
[16Nov2025 09:39:13.117] [main/DEBUG] [cpw.mods.modlauncher.TransformationServiceDecorator/MODLAUNCHER]: Initialized transformers for transformation service fml
[16Nov2025 09:39:13.725] [main/DEBUG] [mixin/]: Processing prepare() for PlatformAgent[MixinPlatformAgentDefault:ModLauncher Root Container(ModLauncher:4f56a0a2)]
[16Nov2025 09:39:13.727] [main/DEBUG] [mixin/]: Processing launch tasks for PlatformAgent[MixinPlatformAgentDefault:ModLauncher Root Container(ModLauncher:4f56a0a2)]
[16Nov2025 09:39:13.727] [main/DEBUG] [mixin/]: Adding mixin platform agents for container SecureJarResource(minecraft)
[16Nov2025 09:39:13.727] [main/DEBUG] [mixin/]: Instancing new MixinPlatformAgentMinecraftForge for SecureJarResource(minecraft)
[16Nov2025 09:39:13.727] [main/DEBUG] [mixin/]: MixinPlatformAgentMinecraftForge rejected container SecureJarResource(minecraft)
[16Nov2025 09:39:13.727] [main/DEBUG] [mixin/]: Instancing new MixinPlatformAgentDefault for SecureJarResource(minecraft)
[16Nov2025 09:39:13.727] [main/DEBUG] [mixin/]: MixinPlatformAgentDefault accepted container SecureJarResource(minecraft)
[16Nov2025 09:39:13.728] [main/DEBUG] [mixin/]: Processing prepare() for PlatformAgent[MixinPlatformAgentDefault:SecureJarResource(minecraft)]
[16Nov2025 09:39:13.728] [main/DEBUG] [mixin/]: Adding mixin platform agents for container SecureJarResource(ars_structurize)
[16Nov2025 09:39:13.728] [main/DEBUG] [mixin/]: Instancing new MixinPlatformAgentMinecraftForge for SecureJarResource(ars_structurize)
[16Nov2025 09:39:13.728] [main/DEBUG] [mixin/]: MixinPlatformAgentMinecraftForge rejected container SecureJarResource(ars_structurize)
[16Nov2025 09:39:13.728] [main/DEBUG] [mixin/]: Instancing new MixinPlatformAgentDefault for SecureJarResource(ars_structurize)
[16Nov2025 09:39:13.728] [main/DEBUG] [mixin/]: MixinPlatformAgentDefault accepted container SecureJarResource(ars_structurize)
[16Nov2025 09:39:13.728] [main/DEBUG] [mixin/]: Processing prepare() for PlatformAgent[MixinPlatformAgentDefault:SecureJarResource(ars_structurize)]
[16Nov2025 09:39:13.728] [main/DEBUG] [mixin/]: Adding mixin platform agents for container SecureJarResource(ars_nouveau)
[16Nov2025 09:39:13.728] [main/DEBUG] [mixin/]: Instancing new MixinPlatformAgentMinecraftForge for SecureJarResource(ars_nouveau)
[16Nov2025 09:39:13.728] [main/DEBUG] [mixin/]: MixinPlatformAgentMinecraftForge rejected container SecureJarResource(ars_nouveau)
[16Nov2025 09:39:13.729] [main/DEBUG] [mixin/]: Instancing new MixinPlatformAgentDefault for SecureJarResource(ars_nouveau)
[16Nov2025 09:39:13.729] [main/DEBUG] [mixin/]: MixinPlatformAgentDefault accepted container SecureJarResource(ars_nouveau)
[16Nov2025 09:39:13.729] [main/DEBUG] [mixin/]: Processing prepare() for PlatformAgent[MixinPlatformAgentDefault:SecureJarResource(ars_nouveau)]
[16Nov2025 09:39:13.729] [main/DEBUG] [mixin/]: Registering mixin config: ars_nouveau.mixins.json
[16Nov2025 09:39:13.742] [main/DEBUG] [mixin/]: Compatibility level JAVA_17 specified by ars_nouveau.mixins.json is higher than the maximum level supported by this version of mixin (JAVA_13).
[16Nov2025 09:39:13.745] [main/INFO] [mixin/]: Compatibility level set to JAVA_17
[16Nov2025 09:39:13.745] [main/DEBUG] [mixin/]: Adding mixin platform agents for container SecureJarResource(forge)
[16Nov2025 09:39:13.745] [main/DEBUG] [mixin/]: Instancing new MixinPlatformAgentMinecraftForge for SecureJarResource(forge)
[16Nov2025 09:39:13.745] [main/DEBUG] [mixin/]: MixinPlatformAgentMinecraftForge rejected container SecureJarResource(forge)
[16Nov2025 09:39:13.745] [main/DEBUG] [mixin/]: Instancing new MixinPlatformAgentDefault for SecureJarResource(forge)
[16Nov2025 09:39:13.745] [main/DEBUG] [mixin/]: MixinPlatformAgentDefault accepted container SecureJarResource(forge)
[16Nov2025 09:39:13.746] [main/DEBUG] [mixin/]: Processing prepare() for PlatformAgent[MixinPlatformAgentDefault:SecureJarResource(forge)]
[16Nov2025 09:39:13.746] [main/DEBUG] [mixin/]: Adding mixin platform agents for container SecureJarResource(curios)
[16Nov2025 09:39:13.746] [main/DEBUG] [mixin/]: Instancing new MixinPlatformAgentMinecraftForge for SecureJarResource(curios)
[16Nov2025 09:39:13.746] [main/DEBUG] [mixin/]: MixinPlatformAgentMinecraftForge rejected container SecureJarResource(curios)
[16Nov2025 09:39:13.746] [main/DEBUG] [mixin/]: Instancing new MixinPlatformAgentDefault for SecureJarResource(curios)
[16Nov2025 09:39:13.747] [main/DEBUG] [mixin/]: MixinPlatformAgentDefault accepted container SecureJarResource(curios)
[16Nov2025 09:39:13.747] [main/DEBUG] [mixin/]: Processing prepare() for PlatformAgent[MixinPlatformAgentDefault:SecureJarResource(curios)]
[16Nov2025 09:39:13.747] [main/DEBUG] [mixin/]: Registering mixin config: curios.mixins.json
[16Nov2025 09:39:13.748] [main/DEBUG] [mixin/]: Adding mixin platform agents for container SecureJarResource(patchouli)
[16Nov2025 09:39:13.748] [main/DEBUG] [mixin/]: Instancing new MixinPlatformAgentMinecraftForge for SecureJarResource(patchouli)
[16Nov2025 09:39:13.748] [main/DEBUG] [mixin/]: MixinPlatformAgentMinecraftForge rejected container SecureJarResource(patchouli)
[16Nov2025 09:39:13.748] [main/DEBUG] [mixin/]: Instancing new MixinPlatformAgentDefault for SecureJarResource(patchouli)
[16Nov2025 09:39:13.748] [main/DEBUG] [mixin/]: MixinPlatformAgentDefault accepted container SecureJarResource(patchouli)
[16Nov2025 09:39:13.748] [main/DEBUG] [mixin/]: Processing prepare() for PlatformAgent[MixinPlatformAgentDefault:SecureJarResource(patchouli)]
[16Nov2025 09:39:13.748] [main/DEBUG] [mixin/]: Registering mixin config: patchouli_xplat.mixins.json
[16Nov2025 09:39:13.749] [main/DEBUG] [mixin/]: Adding mixin platform agents for container SecureJarResource(geckolib)
[16Nov2025 09:39:13.749] [main/DEBUG] [mixin/]: Instancing new MixinPlatformAgentMinecraftForge for SecureJarResource(geckolib)
[16Nov2025 09:39:13.749] [main/DEBUG] [mixin/]: MixinPlatformAgentMinecraftForge rejected container SecureJarResource(geckolib)
[16Nov2025 09:39:13.749] [main/DEBUG] [mixin/]: Instancing new MixinPlatformAgentDefault for SecureJarResource(geckolib)
[16Nov2025 09:39:13.749] [main/DEBUG] [mixin/]: MixinPlatformAgentDefault accepted container SecureJarResource(geckolib)
[16Nov2025 09:39:13.751] [main/DEBUG] [mixin/]: Processing prepare() for PlatformAgent[MixinPlatformAgentDefault:SecureJarResource(geckolib)]
[16Nov2025 09:39:13.751] [main/DEBUG] [mixin/]: Registering mixin config: geckolib.mixins.json
[16Nov2025 09:39:13.753] [main/DEBUG] [mixin/]: Adding mixin platform agents for container SecureJarResource(MixinExtras.beta._8)
[16Nov2025 09:39:13.753] [main/DEBUG] [mixin/]: Instancing new MixinPlatformAgentMinecraftForge for SecureJarResource(MixinExtras.beta._8)
[16Nov2025 09:39:13.753] [main/DEBUG] [mixin/]: MixinPlatformAgentMinecraftForge rejected container SecureJarResource(MixinExtras.beta._8)
[16Nov2025 09:39:13.753] [main/DEBUG] [mixin/]: Instancing new MixinPlatformAgentDefault for SecureJarResource(MixinExtras.beta._8)
[16Nov2025 09:39:13.753] [main/DEBUG] [mixin/]: MixinPlatformAgentDefault accepted container SecureJarResource(MixinExtras.beta._8)
[16Nov2025 09:39:13.753] [main/DEBUG] [mixin/]: Processing prepare() for PlatformAgent[MixinPlatformAgentDefault:SecureJarResource(MixinExtras.beta._8)]
[16Nov2025 09:39:13.753] [main/DEBUG] [mixin/]: Adding mixin platform agents for container SecureJarResource(mclib)
[16Nov2025 09:39:13.753] [main/DEBUG] [mixin/]: Instancing new MixinPlatformAgentMinecraftForge for SecureJarResource(mclib)
[16Nov2025 09:39:13.754] [main/DEBUG] [mixin/]: MixinPlatformAgentMinecraftForge rejected container SecureJarResource(mclib)
[16Nov2025 09:39:13.754] [main/DEBUG] [mixin/]: Instancing new MixinPlatformAgentDefault for SecureJarResource(mclib)
[16Nov2025 09:39:13.754] [main/DEBUG] [mixin/]: MixinPlatformAgentDefault accepted container SecureJarResource(mclib)
[16Nov2025 09:39:13.754] [main/DEBUG] [mixin/]: Processing prepare() for PlatformAgent[MixinPlatformAgentDefault:SecureJarResource(mclib)]
[16Nov2025 09:39:13.754] [main/DEBUG] [mixin/]: Adding mixin platform agents for container SecureJarResource(mixinextras)
[16Nov2025 09:39:13.754] [main/DEBUG] [mixin/]: Instancing new MixinPlatformAgentMinecraftForge for SecureJarResource(mixinextras)
[16Nov2025 09:39:13.754] [main/DEBUG] [mixin/]: MixinPlatformAgentMinecraftForge rejected container SecureJarResource(mixinextras)
[16Nov2025 09:39:13.754] [main/DEBUG] [mixin/]: Instancing new MixinPlatformAgentDefault for SecureJarResource(mixinextras)
[16Nov2025 09:39:13.754] [main/DEBUG] [mixin/]: MixinPlatformAgentDefault accepted container SecureJarResource(mixinextras)
[16Nov2025 09:39:13.754] [main/DEBUG] [mixin/]: Processing prepare() for PlatformAgent[MixinPlatformAgentDefault:SecureJarResource(mixinextras)]
[16Nov2025 09:39:13.754] [main/DEBUG] [mixin/]: Registering mixin config: mixinextras.init.mixins.json
[16Nov2025 09:39:13.756] [main/DEBUG] [mixin/]: inject() running with 11 agents
[16Nov2025 09:39:13.756] [main/DEBUG] [mixin/]: Processing inject() for PlatformAgent[MixinPlatformAgentDefault:ModLauncher Root Container(ModLauncher:4f56a0a2)]
[16Nov2025 09:39:13.756] [main/DEBUG] [mixin/]: Processing inject() for PlatformAgent[MixinPlatformAgentDefault:SecureJarResource(minecraft)]
[16Nov2025 09:39:13.756] [main/DEBUG] [mixin/]: Processing inject() for PlatformAgent[MixinPlatformAgentDefault:SecureJarResource(ars_structurize)]
[16Nov2025 09:39:13.756] [main/DEBUG] [mixin/]: Processing inject() for PlatformAgent[MixinPlatformAgentDefault:SecureJarResource(ars_nouveau)]
[16Nov2025 09:39:13.756] [main/DEBUG] [mixin/]: Processing inject() for PlatformAgent[MixinPlatformAgentDefault:SecureJarResource(forge)]
[16Nov2025 09:39:13.756] [main/DEBUG] [mixin/]: Processing inject() for PlatformAgent[MixinPlatformAgentDefault:SecureJarResource(curios)]
[16Nov2025 09:39:13.756] [main/DEBUG] [mixin/]: Processing inject() for PlatformAgent[MixinPlatformAgentDefault:SecureJarResource(patchouli)]
[16Nov2025 09:39:13.756] [main/DEBUG] [mixin/]: Processing inject() for PlatformAgent[MixinPlatformAgentDefault:SecureJarResource(geckolib)]
[16Nov2025 09:39:13.757] [main/DEBUG] [mixin/]: Processing inject() for PlatformAgent[MixinPlatformAgentDefault:SecureJarResource(MixinExtras.beta._8)]
[16Nov2025 09:39:13.757] [main/DEBUG] [mixin/]: Processing inject() for PlatformAgent[MixinPlatformAgentDefault:SecureJarResource(mclib)]
[16Nov2025 09:39:13.757] [main/DEBUG] [mixin/]: Processing inject() for PlatformAgent[MixinPlatformAgentDefault:SecureJarResource(mixinextras)]
[16Nov2025 09:39:13.757] [main/INFO] [cpw.mods.modlauncher.LaunchServiceHandler/MODLAUNCHER]: Launching target 'forgeclientuserdev' with arguments [--version, MOD_DEV, --gameDir, ., --assetsDir, C:\Users\Sabien\.mcreator\gradle\caches\forge_gradle\assets, --assetIndex, 5]
[16Nov2025 09:39:13.864] [main/DEBUG] [mixin/]: Error cleaning class output directory: .mixin.out
[16Nov2025 09:39:13.865] [main/DEBUG] [mixin/]: Preparing mixins for MixinEnvironment[DEFAULT]
[16Nov2025 09:39:13.865] [main/DEBUG] [mixin/]: Selecting config ars_nouveau.mixins.json
[16Nov2025 09:39:13.890] [main/DEBUG] [mixin/]: Registering new injector for @Inject with org.spongepowered.asm.mixin.injection.struct.CallbackInjectionInfo
[16Nov2025 09:39:13.892] [main/DEBUG] [mixin/]: Registering new injector for @ModifyArg with org.spongepowered.asm.mixin.injection.struct.ModifyArgInjectionInfo
[16Nov2025 09:39:13.893] [main/DEBUG] [mixin/]: Registering new injector for @ModifyArgs with org.spongepowered.asm.mixin.injection.struct.ModifyArgsInjectionInfo
[16Nov2025 09:39:13.895] [main/DEBUG] [mixin/]: Registering new injector for @Redirect with org.spongepowered.asm.mixin.injection.struct.RedirectInjectionInfo
[16Nov2025 09:39:13.895] [main/DEBUG] [mixin/]: Registering new injector for @ModifyVariable with org.spongepowered.asm.mixin.injection.struct.ModifyVariableInjectionInfo
[16Nov2025 09:39:13.896] [main/DEBUG] [mixin/]: Registering new injector for @ModifyConstant with org.spongepowered.asm.mixin.injection.struct.ModifyConstantInjectionInfo
[16Nov2025 09:39:13.898] [main/DEBUG] [mixin/]: Registering new injector for @ModifyExpressionValue with com.llamalad7.mixinextras.injector.ModifyExpressionValueInjectionInfo
[16Nov2025 09:39:13.901] [main/DEBUG] [mixin/]: Registering new injector for @ModifyReceiver with com.llamalad7.mixinextras.injector.ModifyReceiverInjectionInfo
[16Nov2025 09:39:13.902] [main/DEBUG] [mixin/]: Registering new injector for @ModifyReturnValue with com.llamalad7.mixinextras.injector.ModifyReturnValueInjectionInfo
[16Nov2025 09:39:13.906] [main/DEBUG] [mixin/]: Registering new injector for @WrapOperation with com.llamalad7.mixinextras.injector.wrapoperation.WrapOperationInjectionInfo
[16Nov2025 09:39:13.907] [main/DEBUG] [mixin/]: Registering new injector for @WrapWithCondition with com.llamalad7.mixinextras.injector.WrapWithConditionInjectionInfo
[16Nov2025 09:39:13.909] [main/DEBUG] [mixin/]: Registering new injector for @SugarWrapper with com.llamalad7.mixinextras.sugar.impl.SugarWrapperInjectionInfo
[16Nov2025 09:39:14.254] [main/INFO] [mixin/]: Remapping refMap ars_nouveau.refmap.json using C:\Users\Sabien\MCreatorWorkspaces\ars_structerize/build/createSrgToMcp/output.srg
[16Nov2025 09:39:14.255] [main/DEBUG] [mixin/]: Selecting config curios.mixins.json
[16Nov2025 09:39:14.256] [main/INFO] [mixin/]: Remapping refMap curios.refmap.json using C:\Users\Sabien\MCreatorWorkspaces\ars_structerize/build/createSrgToMcp/output.srg
[16Nov2025 09:39:14.257] [main/DEBUG] [mixin/]: Selecting config patchouli_xplat.mixins.json
[16Nov2025 09:39:14.258] [main/INFO] [mixin/]: Remapping refMap patchouli.refmap.json using C:\Users\Sabien\MCreatorWorkspaces\ars_structerize/build/createSrgToMcp/output.srg
[16Nov2025 09:39:14.258] [main/DEBUG] [mixin/]: Selecting config geckolib.mixins.json
[16Nov2025 09:39:14.259] [main/INFO] [mixin/]: Remapping refMap geckolib.refmap.json using C:\Users\Sabien\MCreatorWorkspaces\ars_structerize/build/createSrgToMcp/output.srg
[16Nov2025 09:39:14.259] [main/DEBUG] [mixin/]: Selecting config mixinextras.init.mixins.json
[16Nov2025 09:39:14.261] [main/DEBUG] [mixin/]: Preparing ars_nouveau.mixins.json (30)
[16Nov2025 09:39:14.389] [main/DEBUG] [net.minecraftforge.coremod.transformer.CoreModBaseTransformer/COREMOD]: Transforming net/minecraft/world/level/levelgen/structure/templatesystem/StructureTemplate
[16Nov2025 09:39:14.659] [main/DEBUG] [mixin/]: Preparing curios.mixins.json (13)
[16Nov2025 09:39:14.670] [main/DEBUG] [mixin/]: Preparing patchouli_xplat.mixins.json (10)
[16Nov2025 09:39:14.681] [main/DEBUG] [mixin/]: Preparing geckolib.mixins.json (1)
[16Nov2025 09:39:14.684] [main/DEBUG] [mixin/]: Preparing mixinextras.init.mixins.json (0)
[16Nov2025 09:39:14.709] [main/DEBUG] [mixin/]: Prepared 54 mixins in 0.844 sec (15.6ms avg) (0ms load, 0ms transform, 0ms plugin)
[16Nov2025 09:39:14.728] [main/DEBUG] [mixin/]: Mixing light.ClientMixin from ars_nouveau.mixins.json into net.minecraft.client.Minecraft
[16Nov2025 09:39:14.738] [main/DEBUG] [mixin/]: Mixing camera.MinecraftMixin from ars_nouveau.mixins.json into net.minecraft.client.Minecraft
[16Nov2025 09:39:15.143] [main/DEBUG] [io.netty.util.internal.logging.InternalLoggerFactory/]: Using SLF4J as the default logging framework
[16Nov2025 09:39:15.147] [main/DEBUG] [io.netty.util.ResourceLeakDetector/]: -Dio.netty.leakDetection.level: simple
[16Nov2025 09:39:15.147] [main/DEBUG] [io.netty.util.ResourceLeakDetector/]: -Dio.netty.leakDetection.targetRecords: 4
[16Nov2025 09:39:15.221] [main/DEBUG] [mixin/]: Mixing client.MixinSystemReport from patchouli_xplat.mixins.json into net.minecraft.SystemReport
[16Nov2025 09:39:15.252] [main/DEBUG] [oshi.util.FileUtil/]: No oshi.properties file found from ClassLoader cpw.mods.modlauncher.TransformingClassLoader@7316523a
[16Nov2025 09:39:15.503] [main/DEBUG] [oshi.util.FileUtil/]: No oshi.architecture.properties file found from ClassLoader cpw.mods.modlauncher.TransformingClassLoader@7316523a
[16Nov2025 09:39:15.625] [main/DEBUG] [mixin/]: Mixing client.AccessorScreen from patchouli_xplat.mixins.json into net.minecraft.client.gui.screens.Screen
[16Nov2025 09:39:15.685] [main/DEBUG] [mixin/]: Mixing elytra.ElytraPlayerMixin from ars_nouveau.mixins.json into net.minecraft.world.entity.player.Player
[16Nov2025 09:39:15.715] [main/DEBUG] [mixin/]: Mixing LivingAccessor from ars_nouveau.mixins.json into net.minecraft.world.entity.LivingEntity
[16Nov2025 09:39:15.720] [main/DEBUG] [mixin/]: Mixing elytra.MixinLivingEntity from ars_nouveau.mixins.json into net.minecraft.world.entity.LivingEntity
[16Nov2025 09:39:15.721] [main/DEBUG] [mixin/]: Mixing perks.PerkLivingEntity from ars_nouveau.mixins.json into net.minecraft.world.entity.LivingEntity
[16Nov2025 09:39:15.728] [main/DEBUG] [mixin/]: Mixing MixinLivingEntity from curios.mixins.json into net.minecraft.world.entity.LivingEntity
[16Nov2025 09:39:15.795] [main/DEBUG] [mixin/]: Mixing rewind.RewindEntityMixin from ars_nouveau.mixins.json into net.minecraft.world.entity.Entity
[16Nov2025 09:39:15.808] [main/DEBUG] [mixin/]: Mixing light.LightEntityMixin from ars_nouveau.mixins.json into net.minecraft.world.entity.Entity
[16Nov2025 09:39:15.830] [main/DEBUG] [mixin/]: Mixing AccessorEntity from curios.mixins.json into net.minecraft.world.entity.Entity
[16Nov2025 09:39:15.892] [main/DEBUG] [mixin/]: Mixing elytra.ClientElytraMixin from ars_nouveau.mixins.json into net.minecraft.client.player.LocalPlayer
[16Nov2025 09:39:15.911] [main/DEBUG] [mixin/]: Mixing client.MixinInventoryScreen from patchouli_xplat.mixins.json into net.minecraft.client.gui.screens.inventory.InventoryScreen
[16Nov2025 09:39:16.040] [pool-4-thread-1/DEBUG] [mixin/]: Mixing redstone.RedstoneLevelMixin from ars_nouveau.mixins.json into net.minecraft.world.level.block.state.BlockBehaviour$BlockStateBase
[16Nov2025 09:39:16.104] [pool-4-thread-1/DEBUG] [net.minecraftforge.coremod.transformer.CoreModBaseTransformer/COREMOD]: Transforming net/minecraft/world/entity/EntityType
[16Nov2025 09:39:16.391] [pool-4-thread-1/DEBUG] [net.minecraftforge.coremod.transformer.CoreModBaseTransformer/COREMOD]: Transforming net/minecraft/world/level/block/LiquidBlock
[16Nov2025 09:39:16.404] [pool-4-thread-1/DEBUG] [mixin/]: Mixing jar.DispenserMixin from ars_nouveau.mixins.json into net.minecraft.world.level.block.DispenserBlock
[16Nov2025 09:39:16.411] [pool-4-thread-1/DEBUG] [net.minecraftforge.coremod.transformer.CoreModBaseTransformer/COREMOD]: Transforming net/minecraft/world/item/ItemStack
[16Nov2025 09:39:16.456] [pool-4-thread-1/DEBUG] [net.minecraftforge.coremod.transformer.CoreModBaseTransformer/COREMOD]: Transforming net/minecraft/world/level/block/StairBlock
[16Nov2025 09:39:16.501] [pool-4-thread-1/DEBUG] [net.minecraftforge.coremod.transformer.CoreModBaseTransformer/COREMOD]: Transforming net/minecraft/world/level/block/FlowerPotBlock
[16Nov2025 09:39:16.554] [pool-4-thread-1/DEBUG] [mixin/]: Mixing MixinPowderSnowBlock from curios.mixins.json into net.minecraft.world.level.block.PowderSnowBlock
[16Nov2025 09:39:16.705] [pool-4-thread-1/DEBUG] [mixin/]: Mixing camera.ANServerPlayerMixin from ars_nouveau.mixins.json into net.minecraft.server.level.ServerPlayer
[16Nov2025 09:39:17.036] [pool-4-thread-1/DEBUG] [mixin/]: Mixing MobAccessor from ars_nouveau.mixins.json into net.minecraft.world.entity.Mob
[16Nov2025 09:39:17.042] [pool-4-thread-1/DEBUG] [mixin/]: Mixing jar.MobAccessorMixin from ars_nouveau.mixins.json into net.minecraft.world.entity.Mob
[16Nov2025 09:39:17.105] [pool-4-thread-1/DEBUG] [net.minecraftforge.coremod.transformer.CoreModBaseTransformer/COREMOD]: Transforming net/minecraft/world/item/ItemStack
[16Nov2025 09:39:17.548] [pool-4-thread-1/DEBUG] [net.minecraftforge.coremod.transformer.CoreModBaseTransformer/COREMOD]: Transforming net/minecraft/world/entity/animal/frog/Tadpole
[16Nov2025 09:39:17.583] [pool-4-thread-1/DEBUG] [net.minecraftforge.coremod.transformer.CoreModBaseTransformer/COREMOD]: Transforming net/minecraft/world/item/BucketItem
[16Nov2025 09:39:17.595] [pool-4-thread-1/DEBUG] [mixin/]: Mixing MixinShearsItem from curios.mixins.json into net.minecraft.world.item.ShearsItem
[16Nov2025 09:39:17.622] [pool-4-thread-1/DEBUG] [mixin/]: Mixing CrossbowMixin from ars_nouveau.mixins.json into net.minecraft.world.item.CrossbowItem
[16Nov2025 09:39:18.309] [pool-4-thread-1/DEBUG] [net.minecraftforge.coremod.transformer.CoreModBaseTransformer/COREMOD]: Transforming net/minecraft/world/entity/monster/Spider
[16Nov2025 09:39:18.362] [pool-4-thread-1/DEBUG] [net.minecraftforge.coremod.transformer.CoreModBaseTransformer/COREMOD]: Transforming net/minecraft/world/entity/monster/Zombie
[16Nov2025 09:39:18.363] [Datafixer Bootstrap/INFO] [com.mojang.datafixers.DataFixerBuilder/]: 188 Datafixer optimizations took 145 milliseconds
[16Nov2025 09:39:18.397] [pool-4-thread-1/DEBUG] [net.minecraftforge.coremod.transformer.CoreModBaseTransformer/COREMOD]: Transforming net/minecraft/world/entity/monster/ZombieVillager
[16Nov2025 09:39:18.452] [pool-4-thread-1/DEBUG] [net.minecraftforge.coremod.transformer.CoreModBaseTransformer/COREMOD]: Transforming net/minecraft/world/entity/monster/Evoker$EvokerSummonSpellGoal
[16Nov2025 09:39:18.595] [pool-4-thread-1/DEBUG] [mixin/]: Mixing PufferfishAccessor from ars_nouveau.mixins.json into net.minecraft.world.entity.animal.Pufferfish
[16Nov2025 09:39:18.608] [pool-4-thread-1/DEBUG] [mixin/]: Renaming @Accessor method targetConditions()Lnet/minecraft/world/entity/ai/targeting/TargetingConditions; to targetConditions_$md$286f9d$0 in ars_nouveau.mixins.json:PufferfishAccessor
[16Nov2025 09:39:18.640] [pool-4-thread-1/DEBUG] [net.minecraftforge.coremod.transformer.CoreModBaseTransformer/COREMOD]: Transforming net/minecraft/world/entity/animal/horse/SkeletonTrapGoal
[16Nov2025 09:39:18.657] [pool-4-thread-1/DEBUG] [net.minecraftforge.coremod.transformer.CoreModBaseTransformer/COREMOD]: Transforming net/minecraft/world/entity/monster/Strider
[16Nov2025 09:39:18.747] [pool-4-thread-1/DEBUG] [net.minecraftforge.coremod.transformer.CoreModBaseTransformer/COREMOD]: Transforming net/minecraft/world/entity/npc/Villager
[16Nov2025 09:39:18.823] [pool-4-thread-1/DEBUG] [net.minecraftforge.coremod.transformer.CoreModBaseTransformer/COREMOD]: Transforming net/minecraft/world/effect/MobEffectInstance
[16Nov2025 09:39:18.868] [pool-4-thread-1/DEBUG] [mixin/]: Mixing PotionRecipeMixin from ars_nouveau.mixins.json into net.minecraft.world.item.alchemy.PotionBrewing
[16Nov2025 09:39:18.868] [pool-4-thread-1/DEBUG] [mixin/]: Renaming @Accessor method mixList()Ljava/util/List; to mixList_$md$286f9d$0 in ars_nouveau.mixins.json:PotionRecipeMixin
[16Nov2025 09:39:18.941] [pool-4-thread-1/DEBUG] [mixin/]: Mixing structure.StructureProcessorAccessor from ars_nouveau.mixins.json into net.minecraft.world.level.levelgen.structure.templatesystem.StructureProcessor
[16Nov2025 09:39:18.998] [pool-4-thread-1/DEBUG] [mixin/]: Mixing MixinInventory from curios.mixins.json into net.minecraft.world.entity.player.Inventory
[16Nov2025 09:39:19.133] [pool-4-thread-1/DEBUG] [mixin/]: Mixing MixinApplyBonusCount from curios.mixins.json into net.minecraft.world.level.storage.loot.functions.ApplyBonusCount
[16Nov2025 09:39:19.395] [pool-4-thread-1/DEBUG] [net.minecraftforge.coremod.transformer.CoreModBaseTransformer/COREMOD]: Transforming net/minecraft/world/level/levelgen/structure/Structure
[16Nov2025 09:39:19.438] [pool-4-thread-1/DEBUG] [net.minecraftforge.coremod.transformer.CoreModBaseTransformer/COREMOD]: Transforming net/minecraft/world/level/levelgen/structure/structures/OceanRuinPieces$OceanRuinPiece
[16Nov2025 09:39:19.463] [pool-4-thread-1/DEBUG] [net.minecraftforge.coremod.transformer.CoreModBaseTransformer/COREMOD]: Transforming net/minecraft/world/level/levelgen/structure/structures/SwampHutPiece
[16Nov2025 09:39:19.472] [pool-4-thread-1/DEBUG] [net.minecraftforge.coremod.transformer.CoreModBaseTransformer/COREMOD]: Transforming net/minecraft/world/level/levelgen/structure/structures/OceanMonumentPieces$OceanMonumentPiece
[16Nov2025 09:39:19.490] [pool-4-thread-1/DEBUG] [net.minecraftforge.coremod.transformer.CoreModBaseTransformer/COREMOD]: Transforming net/minecraft/world/level/levelgen/structure/structures/WoodlandMansionPieces$WoodlandMansionPiece
[16Nov2025 09:39:19.597] [pool-4-thread-1/DEBUG] [net.minecraftforge.coremod.transformer.CoreModBaseTransformer/COREMOD]: Transforming net/minecraft/world/level/biome/Biome
[16Nov2025 09:39:19.764] [pool-4-thread-1/DEBUG] [net.minecraftforge.registries.GameData/REGISTRIES]: Creating vanilla freeze snapshot
[16Nov2025 09:39:19.766] [pool-4-thread-1/DEBUG] [net.minecraftforge.registries.ForgeRegistry/REGISTRIES]: Registry minecraft:block Sync: VANILLA -> ACTIVE
[16Nov2025 09:39:19.776] [pool-4-thread-1/DEBUG] [net.minecraftforge.registries.ForgeRegistry/REGISTRIES]: Registry minecraft:fluid Sync: VANILLA -> ACTIVE
[16Nov2025 09:39:19.776] [pool-4-thread-1/DEBUG] [net.minecraftforge.registries.ForgeRegistry/REGISTRIES]: Registry minecraft:item Sync: VANILLA -> ACTIVE
[16Nov2025 09:39:19.786] [pool-4-thread-1/DEBUG] [net.minecraftforge.registries.ForgeRegistry/REGISTRIES]: Registry minecraft:mob_effect Sync: VANILLA -> ACTIVE
[16Nov2025 09:39:19.786] [pool-4-thread-1/DEBUG] [net.minecraftforge.registries.ForgeRegistry/REGISTRIES]: Registry minecraft:sound_event Sync: VANILLA -> ACTIVE
[16Nov2025 09:39:19.794] [pool-4-thread-1/DEBUG] [net.minecraftforge.registries.ForgeRegistry/REGISTRIES]: Registry minecraft:potion Sync: VANILLA -> ACTIVE
[16Nov2025 09:39:19.794] [pool-4-thread-1/DEBUG] [net.minecraftforge.registries.ForgeRegistry/REGISTRIES]: Registry minecraft:enchantment Sync: VANILLA -> ACTIVE
[16Nov2025 09:39:19.796] [pool-4-thread-1/DEBUG] [net.minecraftforge.registries.ForgeRegistry/REGISTRIES]: Registry minecraft:entity_type Sync: VANILLA -> ACTIVE
[16Nov2025 09:39:19.797] [pool-4-thread-1/DEBUG] [net.minecraftforge.registries.ForgeRegistry/REGISTRIES]: Registry minecraft:block_entity_type Sync: VANILLA -> ACTIVE
[16Nov2025 09:39:19.797] [pool-4-thread-1/DEBUG] [net.minecraftforge.registries.ForgeRegistry/REGISTRIES]: Registry minecraft:particle_type Sync: VANILLA -> ACTIVE
[16Nov2025 09:39:19.797] [pool-4-thread-1/DEBUG] [net.minecraftforge.registries.ForgeRegistry/REGISTRIES]: Registry minecraft:menu Sync: VANILLA -> ACTIVE
[16Nov2025 09:39:19.798] [pool-4-thread-1/DEBUG] [net.minecraftforge.registries.ForgeRegistry/REGISTRIES]: Registry minecraft:painting_variant Sync: VANILLA -> ACTIVE
[16Nov2025 09:39:19.798] [pool-4-thread-1/DEBUG] [net.minecraftforge.registries.ForgeRegistry/REGISTRIES]: Registry minecraft:recipe_type Sync: VANILLA -> ACTIVE
[16Nov2025 09:39:19.798] [pool-4-thread-1/DEBUG] [net.minecraftforge.registries.ForgeRegistry/REGISTRIES]: Registry minecraft:recipe_serializer Sync: VANILLA -> ACTIVE
[16Nov2025 09:39:19.798] [pool-4-thread-1/DEBUG] [net.minecraftforge.registries.ForgeRegistry/REGISTRIES]: Registry minecraft:attribute Sync: VANILLA -> ACTIVE
[16Nov2025 09:39:19.798] [pool-4-thread-1/DEBUG] [net.minecraftforge.registries.ForgeRegistry/REGISTRIES]: Registry minecraft:stat_type Sync: VANILLA -> ACTIVE
[16Nov2025 09:39:19.798] [pool-4-thread-1/DEBUG] [net.minecraftforge.registries.ForgeRegistry/REGISTRIES]: Registry minecraft:command_argument_type Sync: VANILLA -> ACTIVE
[16Nov2025 09:39:19.799] [pool-4-thread-1/DEBUG] [net.minecraftforge.registries.ForgeRegistry/REGISTRIES]: Registry minecraft:villager_profession Sync: VANILLA -> ACTIVE
[16Nov2025 09:39:19.799] [pool-4-thread-1/DEBUG] [net.minecraftforge.registries.ForgeRegistry/REGISTRIES]: Registry minecraft:point_of_interest_type Sync: VANILLA -> ACTIVE
[16Nov2025 09:39:19.801] [pool-4-thread-1/DEBUG] [net.minecraftforge.registries.ForgeRegistry/REGISTRIES]: Registry minecraft:memory_module_type Sync: VANILLA -> ACTIVE
[16Nov2025 09:39:19.803] [pool-4-thread-1/DEBUG] [net.minecraftforge.registries.ForgeRegistry/REGISTRIES]: Registry minecraft:sensor_type Sync: VANILLA -> ACTIVE
[16Nov2025 09:39:19.803] [pool-4-thread-1/DEBUG] [net.minecraftforge.registries.ForgeRegistry/REGISTRIES]: Registry minecraft:schedule Sync: VANILLA -> ACTIVE
[16Nov2025 09:39:19.803] [pool-4-thread-1/DEBUG] [net.minecraftforge.registries.ForgeRegistry/REGISTRIES]: Registry minecraft:activity Sync: VANILLA -> ACTIVE
[16Nov2025 09:39:19.803] [pool-4-thread-1/DEBUG] [net.minecraftforge.registries.ForgeRegistry/REGISTRIES]: Registry minecraft:worldgen/carver Sync: VANILLA -> ACTIVE
[16Nov2025 09:39:19.803] [pool-4-thread-1/DEBUG] [net.minecraftforge.registries.ForgeRegistry/REGISTRIES]: Registry minecraft:worldgen/feature Sync: VANILLA -> ACTIVE
[16Nov2025 09:39:19.803] [pool-4-thread-1/DEBUG] [net.minecraftforge.registries.ForgeRegistry/REGISTRIES]: Registry minecraft:chunk_status Sync: VANILLA -> ACTIVE
[16Nov2025 09:39:19.803] [pool-4-thread-1/DEBUG] [net.minecraftforge.registries.ForgeRegistry/REGISTRIES]: Registry minecraft:worldgen/block_state_provider_type Sync: VANILLA -> ACTIVE
[16Nov2025 09:39:19.803] [pool-4-thread-1/DEBUG] [net.minecraftforge.registries.ForgeRegistry/REGISTRIES]: Registry minecraft:worldgen/foliage_placer_type Sync: VANILLA -> ACTIVE
[16Nov2025 09:39:19.804] [pool-4-thread-1/DEBUG] [net.minecraftforge.registries.ForgeRegistry/REGISTRIES]: Registry minecraft:worldgen/tree_decorator_type Sync: VANILLA -> ACTIVE
[16Nov2025 09:39:19.804] [pool-4-thread-1/DEBUG] [net.minecraftforge.registries.ForgeRegistry/REGISTRIES]: Registry minecraft:worldgen/biome Sync: VANILLA -> ACTIVE
[16Nov2025 09:39:19.813] [pool-4-thread-1/DEBUG] [net.minecraftforge.registries.GameData/REGISTRIES]: Vanilla freeze snapshot created
[16Nov2025 09:39:19.985] [Render thread/WARN] [net.minecraft.server.packs.VanillaPackResourcesBuilder/]: Assets URL 'union:/C:/Users/Sabien/.mcreator/gradle/caches/forge_gradle/minecraft_user_repo/net/minecraftforge/forge/1.20.1-47.2.0_mapped_official_1.20.1/forge-1.20.1-47.2.0_mapped_official_1.20.1-recomp.jar%23191!/assets/.mcassetsroot' uses unexpected schema
[16Nov2025 09:39:19.985] [Render thread/WARN] [net.minecraft.server.packs.VanillaPackResourcesBuilder/]: Assets URL 'union:/C:/Users/Sabien/.mcreator/gradle/caches/forge_gradle/minecraft_user_repo/net/minecraftforge/forge/1.20.1-47.2.0_mapped_official_1.20.1/forge-1.20.1-47.2.0_mapped_official_1.20.1-recomp.jar%23191!/data/.mcassetsroot' uses unexpected schema
[16Nov2025 09:39:20.003] [Render thread/INFO] [com.mojang.authlib.yggdrasil.YggdrasilAuthenticationService/]: Environment: authHost='https://authserver.mojang.com', accountsHost='https://api.mojang.com', sessionHost='https://sessionserver.mojang.com', servicesHost='https://api.minecraftservices.com', name='PROD'
[16Nov2025 09:39:20.009] [Render thread/INFO] [net.minecraft.client.Minecraft/]: Setting user: Dev
[16Nov2025 09:39:20.010] [Render thread/DEBUG] [mixin/]: Mixing client.AccessorKeyMapping from patchouli_xplat.mixins.json into net.minecraft.client.KeyMapping
[16Nov2025 09:39:20.011] [Render thread/DEBUG] [mixin/]: Renaming @Accessor method getAllKeyMappings()Ljava/util/Map; to getAllKeyMappings_$md$286f9d$0 in patchouli_xplat.mixins.json:client.AccessorKeyMapping
[16Nov2025 09:39:20.049] [Render thread/DEBUG] [mixin/]: Mixing ChatComponentAccessor from ars_nouveau.mixins.json into net.minecraft.client.gui.components.ChatComponent
[16Nov2025 09:39:20.122] [Render thread/INFO] [net.minecraft.client.Minecraft/]: Backend library: LWJGL version 3.3.1 build 7
[16Nov2025 09:39:20.316] [Render thread/DEBUG] [net.minecraftforge.common.ForgeI18n/CORE]: Loading I18N data entries: 6430
[16Nov2025 09:39:20.338] [Render thread/DEBUG] [net.minecraftforge.fml.ModWorkManager/LOADING]: Using 12 threads for parallel mod-loading
[16Nov2025 09:39:20.351] [Render thread/DEBUG] [net.minecraftforge.fml.javafmlmod.FMLJavaModLanguageProvider/LOADING]: Loading FMLModContainer from classloader cpw.mods.modlauncher.TransformingClassLoader@7316523a - got cpw.mods.cl.ModuleClassLoader@15fdd1f2
[16Nov2025 09:39:20.351] [Render thread/DEBUG] [net.minecraftforge.fml.javafmlmod.FMLModContainer/LOADING]: Creating FMLModContainer instance for net.mcreator.arsstructerized.ArsStructurizeMod
[16Nov2025 09:39:20.358] [Render thread/DEBUG] [net.minecraftforge.fml.javafmlmod.FMLJavaModLanguageProvider/LOADING]: Loading FMLModContainer from classloader cpw.mods.modlauncher.TransformingClassLoader@7316523a - got cpw.mods.cl.ModuleClassLoader@15fdd1f2
[16Nov2025 09:39:20.358] [Render thread/DEBUG] [net.minecraftforge.fml.javafmlmod.FMLModContainer/LOADING]: Creating FMLModContainer instance for com.llamalad7.mixinextras.platform.forge.MixinExtrasMod
[16Nov2025 09:39:20.359] [Render thread/DEBUG] [net.minecraftforge.fml.javafmlmod.FMLJavaModLanguageProvider/LOADING]: Loading FMLModContainer from classloader cpw.mods.modlauncher.TransformingClassLoader@7316523a - got cpw.mods.cl.ModuleClassLoader@15fdd1f2
[16Nov2025 09:39:20.359] [Render thread/DEBUG] [net.minecraftforge.fml.javafmlmod.FMLModContainer/LOADING]: Creating FMLModContainer instance for net.minecraftforge.common.ForgeMod
[16Nov2025 09:39:20.361] [Render thread/DEBUG] [net.minecraftforge.fml.javafmlmod.FMLJavaModLanguageProvider/LOADING]: Loading FMLModContainer from classloader cpw.mods.modlauncher.TransformingClassLoader@7316523a - got cpw.mods.cl.ModuleClassLoader@15fdd1f2
[16Nov2025 09:39:20.361] [Render thread/DEBUG] [net.minecraftforge.fml.javafmlmod.FMLModContainer/LOADING]: Creating FMLModContainer instance for top.theillusivec4.curios.Curios
[16Nov2025 09:39:20.362] [Render thread/DEBUG] [net.minecraftforge.fml.javafmlmod.FMLJavaModLanguageProvider/LOADING]: Loading FMLModContainer from classloader cpw.mods.modlauncher.TransformingClassLoader@7316523a - got cpw.mods.cl.ModuleClassLoader@15fdd1f2
[16Nov2025 09:39:20.362] [Render thread/DEBUG] [net.minecraftforge.fml.javafmlmod.FMLModContainer/LOADING]: Creating FMLModContainer instance for vazkii.patchouli.forge.common.ForgeModInitializer
[16Nov2025 09:39:20.363] [Render thread/DEBUG] [net.minecraftforge.fml.javafmlmod.FMLJavaModLanguageProvider/LOADING]: Loading FMLModContainer from classloader cpw.mods.modlauncher.TransformingClassLoader@7316523a - got cpw.mods.cl.ModuleClassLoader@15fdd1f2
[16Nov2025 09:39:20.363] [Render thread/DEBUG] [net.minecraftforge.fml.javafmlmod.FMLModContainer/LOADING]: Creating FMLModContainer instance for software.bernie.example.GeckoLibMod
[16Nov2025 09:39:20.363] [Render thread/DEBUG] [net.minecraftforge.fml.javafmlmod.FMLJavaModLanguageProvider/LOADING]: Loading FMLModContainer from classloader cpw.mods.modlauncher.TransformingClassLoader@7316523a - got cpw.mods.cl.ModuleClassLoader@15fdd1f2
[16Nov2025 09:39:20.363] [Render thread/DEBUG] [net.minecraftforge.fml.javafmlmod.FMLModContainer/LOADING]: Creating FMLModContainer instance for com.hollingsworth.arsnouveau.ArsNouveau
[16Nov2025 09:39:20.380] [modloading-worker-0/DEBUG] [net.minecraftforge.fml.javafmlmod.AutomaticEventSubscriber/LOADING]: Attempting to inject @EventBusSubscriber classes into the eventbus for mixinextras
[16Nov2025 09:39:20.401] [modloading-worker-0/DEBUG] [net.minecraftforge.versions.forge.ForgeVersion/CORE]: Forge Version package package net.minecraftforge.versions.forge, Forge, version 47.2 from cpw.mods.modlauncher.TransformingClassLoader@7316523a
[16Nov2025 09:39:20.401] [modloading-worker-0/DEBUG] [net.minecraftforge.versions.forge.ForgeVersion/CORE]: Found Forge version 47.2.0
[16Nov2025 09:39:20.401] [modloading-worker-0/DEBUG] [net.minecraftforge.versions.forge.ForgeVersion/CORE]: Found Forge spec 47.2
[16Nov2025 09:39:20.401] [modloading-worker-0/DEBUG] [net.minecraftforge.versions.forge.ForgeVersion/CORE]: Found Forge group net.minecraftforge
[16Nov2025 09:39:20.402] [modloading-worker-0/DEBUG] [net.minecraftforge.fml.config.ConfigTracker/CONFIG]: Config file patchouli-client.toml for patchouli tracking
[16Nov2025 09:39:20.402] [modloading-worker-0/DEBUG] [net.minecraftforge.versions.mcp.MCPVersion/CORE]: MCP Version package package net.minecraftforge.versions.mcp, Minecraft, version 1.20.1 from cpw.mods.modlauncher.TransformingClassLoader@7316523a
[16Nov2025 09:39:20.402] [modloading-worker-0/DEBUG] [net.minecraftforge.versions.mcp.MCPVersion/CORE]: Found MC version information 1.20.1
[16Nov2025 09:39:20.402] [modloading-worker-0/DEBUG] [net.minecraftforge.versions.mcp.MCPVersion/CORE]: Found MCP version information 20230612.114412
[16Nov2025 09:39:20.402] [modloading-worker-0/INFO] [net.minecraftforge.common.ForgeMod/FORGEMOD]: Forge mod loading, version 47.2.0, for MC 1.20.1 with MCP 20230612.114412
[16Nov2025 09:39:20.402] [modloading-worker-0/INFO] [net.minecraftforge.common.MinecraftForge/FORGE]: MinecraftForge v47.2.0 Initialized
[16Nov2025 09:39:20.404] [modloading-worker-0/DEBUG] [net.minecraftforge.fml.javafmlmod.AutomaticEventSubscriber/LOADING]: Attempting to inject @EventBusSubscriber classes into the eventbus for patchouli
[16Nov2025 09:39:20.407] [modloading-worker-0/DEBUG] [net.minecraftforge.fml.javafmlmod.AutomaticEventSubscriber/LOADING]: Auto-subscribing vazkii.patchouli.forge.common.ForgeModInitializer to MOD
[16Nov2025 09:39:20.414] [modloading-worker-0/DEBUG] [net.minecraftforge.fml.javafmlmod.AutomaticEventSubscriber/LOADING]: Attempting to inject @EventBusSubscriber classes into the eventbus for ars_structurize
[16Nov2025 09:39:20.415] [modloading-worker-0/DEBUG] [net.minecraftforge.fml.javafmlmod.AutomaticEventSubscriber/LOADING]: Auto-subscribing vazkii.patchouli.forge.client.ForgeClientInitializer to MOD
[16Nov2025 09:39:20.431] [modloading-worker-0/DEBUG] [net.minecraftforge.fml.config.ConfigTracker/CONFIG]: Config file curios-client.toml for curios tracking
[16Nov2025 09:39:20.437] [modloading-worker-0/DEBUG] [net.minecraftforge.fml.config.ConfigTracker/CONFIG]: Config file curios-common.toml for curios tracking
[16Nov2025 09:39:20.437] [modloading-worker-0/DEBUG] [net.minecraftforge.fml.config.ConfigTracker/CONFIG]: Config file curios-server.toml for curios tracking
[16Nov2025 09:39:20.437] [modloading-worker-0/DEBUG] [net.minecraftforge.fml.javafmlmod.AutomaticEventSubscriber/LOADING]: Attempting to inject @EventBusSubscriber classes into the eventbus for curios
[16Nov2025 09:39:20.437] [modloading-worker-0/DEBUG] [net.minecraftforge.fml.javafmlmod.AutomaticEventSubscriber/LOADING]: Auto-subscribing top.theillusivec4.curios.Curios$ClientProxy to MOD
[16Nov2025 09:39:20.441] [modloading-worker-0/DEBUG] [mixin/]: Mixing light.EntityRendererMixin from ars_nouveau.mixins.json into net.minecraft.client.renderer.entity.EntityRenderer
[16Nov2025 09:39:20.472] [modloading-worker-0/DEBUG] [net.minecraftforge.fml.javafmlmod.AutomaticEventSubscriber/LOADING]: Attempting to inject @EventBusSubscriber classes into the eventbus for geckolib
[16Nov2025 09:39:20.473] [modloading-worker-0/DEBUG] [net.minecraftforge.fml.javafmlmod.AutomaticEventSubscriber/LOADING]: Auto-subscribing software.bernie.example.GeckoLibMod to FORGE
[16Nov2025 09:39:20.473] [modloading-worker-0/DEBUG] [net.minecraftforge.fml.javafmlmod.AutomaticEventSubscriber/LOADING]: Auto-subscribing software.bernie.example.CommonListener to MOD
[16Nov2025 09:39:20.475] [modloading-worker-0/DEBUG] [net.minecraftforge.fml.javafmlmod.AutomaticEventSubscriber/LOADING]: Auto-subscribing software.bernie.example.ClientListener to MOD
[16Nov2025 09:39:20.492] [modloading-worker-0/DEBUG] [io.netty.util.internal.PlatformDependent0/]: -Dio.netty.noUnsafe: false
[16Nov2025 09:39:20.492] [modloading-worker-0/DEBUG] [io.netty.util.internal.PlatformDependent0/]: Java version: 17
[16Nov2025 09:39:20.494] [modloading-worker-0/DEBUG] [io.netty.util.internal.PlatformDependent0/]: sun.misc.Unsafe.theUnsafe: available
[16Nov2025 09:39:20.495] [modloading-worker-0/DEBUG] [io.netty.util.internal.PlatformDependent0/]: sun.misc.Unsafe.copyMemory: available
[16Nov2025 09:39:20.495] [modloading-worker-0/DEBUG] [io.netty.util.internal.PlatformDependent0/]: sun.misc.Unsafe.storeFence: available
[16Nov2025 09:39:20.495] [modloading-worker-0/DEBUG] [io.netty.util.internal.PlatformDependent0/]: java.nio.Buffer.address: available
[16Nov2025 09:39:20.495] [modloading-worker-0/DEBUG] [io.netty.util.internal.PlatformDependent0/]: direct buffer constructor: unavailable
java.lang.UnsupportedOperationException: Reflective setAccessible(true) disabled
	at io.netty.util.internal.ReflectionUtil.trySetAccessible(ReflectionUtil.java:31) ~[netty-common-4.1.82.Final.jar%23151!/:4.1.82.Final]
	at io.netty.util.internal.PlatformDependent0$5.run(PlatformDependent0.java:288) ~[netty-common-4.1.82.Final.jar%23151!/:4.1.82.Final]
	at java.security.AccessController.doPrivileged(AccessController.java:318) ~[?:?]
	at io.netty.util.internal.PlatformDependent0.<clinit>(PlatformDependent0.java:282) ~[netty-common-4.1.82.Final.jar%23151!/:4.1.82.Final]
	at io.netty.util.internal.PlatformDependent.isAndroid(PlatformDependent.java:333) ~[netty-common-4.1.82.Final.jar%23151!/:4.1.82.Final]
	at io.netty.util.internal.PlatformDependent.<clinit>(PlatformDependent.java:88) ~[netty-common-4.1.82.Final.jar%23151!/:4.1.82.Final]
	at io.netty.util.ConstantPool.<init>(ConstantPool.java:34) ~[netty-common-4.1.82.Final.jar%23151!/:4.1.82.Final]
	at io.netty.util.AttributeKey$1.<init>(AttributeKey.java:27) ~[netty-common-4.1.82.Final.jar%23151!/:4.1.82.Final]
	at io.netty.util.AttributeKey.<clinit>(AttributeKey.java:27) ~[netty-common-4.1.82.Final.jar%23151!/:4.1.82.Final]
	at net.minecraftforge.network.NetworkConstants.<clinit>(NetworkConstants.java:34) ~[forge-1.20.1-47.2.0_mapped_official_1.20.1-recomp.jar%23190%23197!/:?]
	at net.minecraftforge.common.ForgeMod.<init>(ForgeMod.java:429) ~[forge-1.20.1-47.2.0_mapped_official_1.20.1-recomp.jar%23190%23197!/:?]
	at jdk.internal.reflect.NativeConstructorAccessorImpl.newInstance0(Native Method) ~[?:?]
	at jdk.internal.reflect.NativeConstructorAccessorImpl.newInstance(NativeConstructorAccessorImpl.java:77) ~[?:?]
	at jdk.internal.reflect.DelegatingConstructorAccessorImpl.newInstance(DelegatingConstructorAccessorImpl.java:45) ~[?:?]
	at java.lang.reflect.Constructor.newInstanceWithCaller(Constructor.java:500) ~[?:?]
	at java.lang.reflect.Constructor.newInstance(Constructor.java:481) ~[?:?]
	at net.minecraftforge.fml.javafmlmod.FMLModContainer.constructMod(FMLModContainer.java:68) ~[javafmllanguage-1.20.1-47.2.0.jar%23192!/:?]
	at net.minecraftforge.fml.ModContainer.lambda$buildTransitionHandler$10(ModContainer.java:123) ~[fmlcore-1.20.1-47.2.0.jar%23195!/:?]
	at java.util.concurrent.CompletableFuture$AsyncRun.run(CompletableFuture.java:1804) ~[?:?]
	at java.util.concurrent.CompletableFuture$AsyncRun.exec(CompletableFuture.java:1796) ~[?:?]
	at java.util.concurrent.ForkJoinTask.doExec(ForkJoinTask.java:373) ~[?:?]
	at java.util.concurrent.ForkJoinPool$WorkQueue.topLevelExec(ForkJoinPool.java:1182) ~[?:?]
	at java.util.concurrent.ForkJoinPool.scan(ForkJoinPool.java:1655) ~[?:?]
	at java.util.concurrent.ForkJoinPool.runWorker(ForkJoinPool.java:1622) ~[?:?]
	at java.util.concurrent.ForkJoinWorkerThread.run(ForkJoinWorkerThread.java:165) ~[?:?]
[16Nov2025 09:39:20.497] [modloading-worker-0/DEBUG] [io.netty.util.internal.PlatformDependent0/]: java.nio.Bits.unaligned: available, true
[16Nov2025 09:39:20.497] [modloading-worker-0/DEBUG] [io.netty.util.internal.PlatformDependent0/]: jdk.internal.misc.Unsafe.allocateUninitializedArray(int): unavailable
java.lang.IllegalAccessException: class io.netty.util.internal.PlatformDependent0$7 (in module io.netty.common) cannot access class jdk.internal.misc.Unsafe (in module java.base) because module java.base does not export jdk.internal.misc to module io.netty.common
	at jdk.internal.reflect.Reflection.newIllegalAccessException(Reflection.java:392) ~[?:?]
	at java.lang.reflect.AccessibleObject.checkAccess(AccessibleObject.java:674) ~[?:?]
	at java.lang.reflect.Method.invoke(Method.java:561) ~[?:?]
	at io.netty.util.internal.PlatformDependent0$7.run(PlatformDependent0.java:410) ~[netty-common-4.1.82.Final.jar%23151!/:4.1.82.Final]
	at java.security.AccessController.doPrivileged(AccessController.java:318) ~[?:?]
	at io.netty.util.internal.PlatformDependent0.<clinit>(PlatformDependent0.java:401) ~[netty-common-4.1.82.Final.jar%23151!/:4.1.82.Final]
	at io.netty.util.internal.PlatformDependent.isAndroid(PlatformDependent.java:333) ~[netty-common-4.1.82.Final.jar%23151!/:4.1.82.Final]
	at io.netty.util.internal.PlatformDependent.<clinit>(PlatformDependent.java:88) ~[netty-common-4.1.82.Final.jar%23151!/:4.1.82.Final]
	at io.netty.util.ConstantPool.<init>(ConstantPool.java:34) ~[netty-common-4.1.82.Final.jar%23151!/:4.1.82.Final]
	at io.netty.util.AttributeKey$1.<init>(AttributeKey.java:27) ~[netty-common-4.1.82.Final.jar%23151!/:4.1.82.Final]
	at io.netty.util.AttributeKey.<clinit>(AttributeKey.java:27) ~[netty-common-4.1.82.Final.jar%23151!/:4.1.82.Final]
	at net.minecraftforge.network.NetworkConstants.<clinit>(NetworkConstants.java:34) ~[forge-1.20.1-47.2.0_mapped_official_1.20.1-recomp.jar%23190%23197!/:?]
	at net.minecraftforge.common.ForgeMod.<init>(ForgeMod.java:429) ~[forge-1.20.1-47.2.0_mapped_official_1.20.1-recomp.jar%23190%23197!/:?]
	at jdk.internal.reflect.NativeConstructorAccessorImpl.newInstance0(Native Method) ~[?:?]
	at jdk.internal.reflect.NativeConstructorAccessorImpl.newInstance(NativeConstructorAccessorImpl.java:77) ~[?:?]
	at jdk.internal.reflect.DelegatingConstructorAccessorImpl.newInstance(DelegatingConstructorAccessorImpl.java:45) ~[?:?]
	at java.lang.reflect.Constructor.newInstanceWithCaller(Constructor.java:500) ~[?:?]
	at java.lang.reflect.Constructor.newInstance(Constructor.java:481) ~[?:?]
	at net.minecraftforge.fml.javafmlmod.FMLModContainer.constructMod(FMLModContainer.java:68) ~[javafmllanguage-1.20.1-47.2.0.jar%23192!/:?]
	at net.minecraftforge.fml.ModContainer.lambda$buildTransitionHandler$10(ModContainer.java:123) ~[fmlcore-1.20.1-47.2.0.jar%23195!/:?]
	at java.util.concurrent.CompletableFuture$AsyncRun.run(CompletableFuture.java:1804) ~[?:?]
	at java.util.concurrent.CompletableFuture$AsyncRun.exec(CompletableFuture.java:1796) ~[?:?]
	at java.util.concurrent.ForkJoinTask.doExec(ForkJoinTask.java:373) ~[?:?]
	at java.util.concurrent.ForkJoinPool$WorkQueue.topLevelExec(ForkJoinPool.java:1182) ~[?:?]
	at java.util.concurrent.ForkJoinPool.scan(ForkJoinPool.java:1655) ~[?:?]
	at java.util.concurrent.ForkJoinPool.runWorker(ForkJoinPool.java:1622) ~[?:?]
	at java.util.concurrent.ForkJoinWorkerThread.run(ForkJoinWorkerThread.java:165) ~[?:?]
[16Nov2025 09:39:20.498] [modloading-worker-0/DEBUG] [io.netty.util.internal.PlatformDependent0/]: java.nio.DirectByteBuffer.<init>(long, int): unavailable
[16Nov2025 09:39:20.498] [modloading-worker-0/DEBUG] [io.netty.util.internal.PlatformDependent/]: sun.misc.Unsafe: available
[16Nov2025 09:39:20.499] [modloading-worker-0/DEBUG] [io.netty.util.internal.PlatformDependent/]: maxDirectMemory: 8573157376 bytes (maybe)
[16Nov2025 09:39:20.499] [modloading-worker-0/DEBUG] [io.netty.util.internal.PlatformDependent/]: -Dio.netty.tmpdir: C:\Users\Sabien\AppData\Local\Temp (java.io.tmpdir)
[16Nov2025 09:39:20.499] [modloading-worker-0/DEBUG] [io.netty.util.internal.PlatformDependent/]: -Dio.netty.bitMode: 64 (sun.arch.data.model)
[16Nov2025 09:39:20.499] [modloading-worker-0/DEBUG] [io.netty.util.internal.PlatformDependent/]: Platform: Windows
[16Nov2025 09:39:20.501] [modloading-worker-0/DEBUG] [io.netty.util.internal.PlatformDependent/]: -Dio.netty.maxDirectMemory: -1 bytes
[16Nov2025 09:39:20.501] [modloading-worker-0/DEBUG] [io.netty.util.internal.PlatformDependent/]: -Dio.netty.uninitializedArrayAllocationThreshold: -1
[16Nov2025 09:39:20.502] [modloading-worker-0/DEBUG] [io.netty.util.internal.CleanerJava9/]: java.nio.ByteBuffer.cleaner(): available
[16Nov2025 09:39:20.502] [modloading-worker-0/DEBUG] [io.netty.util.internal.PlatformDependent/]: -Dio.netty.noPreferDirect: false
[16Nov2025 09:39:20.507] [modloading-worker-0/DEBUG] [net.minecraftforge.fml.config.ConfigTracker/CONFIG]: Config file ars_nouveau/glyph_projectile.toml for ars_nouveau tracking
[16Nov2025 09:39:20.508] [modloading-worker-0/DEBUG] [net.minecraftforge.fml.config.ConfigTracker/CONFIG]: Config file ars_nouveau/glyph_touch.toml for ars_nouveau tracking
[16Nov2025 09:39:20.508] [modloading-worker-0/DEBUG] [net.minecraftforge.fml.config.ConfigTracker/CONFIG]: Config file ars_nouveau/glyph_self.toml for ars_nouveau tracking
[16Nov2025 09:39:20.511] [modloading-worker-0/DEBUG] [net.minecraftforge.fml.config.ConfigTracker/CONFIG]: Config file ars_nouveau/glyph_break.toml for ars_nouveau tracking
[16Nov2025 09:39:20.513] [modloading-worker-0/DEBUG] [net.minecraftforge.fml.config.ConfigTracker/CONFIG]: Config file ars_nouveau/glyph_harm.toml for ars_nouveau tracking
[16Nov2025 09:39:20.514] [modloading-worker-0/DEBUG] [net.minecraftforge.fml.config.ConfigTracker/CONFIG]: Config file ars_nouveau/glyph_ignite.toml for ars_nouveau tracking
[16Nov2025 09:39:20.514] [modloading-worker-0/DEBUG] [net.minecraftforge.fml.config.ConfigTracker/CONFIG]: Config file ars_nouveau/glyph_phantom_block.toml for ars_nouveau tracking
[16Nov2025 09:39:20.515] [modloading-worker-0/DEBUG] [net.minecraftforge.fml.config.ConfigTracker/CONFIG]: Config file ars_nouveau/glyph_heal.toml for ars_nouveau tracking
[16Nov2025 09:39:20.515] [modloading-worker-0/DEBUG] [net.minecraftforge.fml.config.ConfigTracker/CONFIG]: Config file ars_nouveau/glyph_grow.toml for ars_nouveau tracking
[16Nov2025 09:39:20.518] [modloading-worker-0/DEBUG] [net.minecraftforge.fml.config.ConfigTracker/CONFIG]: Config file ars_nouveau/glyph_gust.toml for ars_nouveau tracking
[16Nov2025 09:39:20.518] [modloading-worker-0/DEBUG] [net.minecraftforge.fml.config.ConfigTracker/CONFIG]: Config file ars_nouveau/glyph_light.toml for ars_nouveau tracking
[16Nov2025 09:39:20.519] [modloading-worker-0/DEBUG] [net.minecraftforge.fml.config.ConfigTracker/CONFIG]: Config file ars_nouveau/glyph_dispel.toml for ars_nouveau tracking
[16Nov2025 09:39:20.520] [modloading-worker-0/DEBUG] [net.minecraftforge.fml.config.ConfigTracker/CONFIG]: Config file ars_nouveau/glyph_launch.toml for ars_nouveau tracking
[16Nov2025 09:39:20.520] [modloading-worker-0/DEBUG] [net.minecraftforge.fml.config.ConfigTracker/CONFIG]: Config file ars_nouveau/glyph_pull.toml for ars_nouveau tracking
[16Nov2025 09:39:20.522] [modloading-worker-0/DEBUG] [net.minecraftforge.fml.config.ConfigTracker/CONFIG]: Config file ars_nouveau/glyph_blink.toml for ars_nouveau tracking
[16Nov2025 09:39:20.525] [modloading-worker-0/DEBUG] [net.minecraftforge.fml.config.ConfigTracker/CONFIG]: Config file ars_nouveau/glyph_explosion.toml for ars_nouveau tracking
[16Nov2025 09:39:20.527] [modloading-worker-0/DEBUG] [net.minecraftforge.fml.config.ConfigTracker/CONFIG]: Config file ars_nouveau/glyph_lightning.toml for ars_nouveau tracking
[16Nov2025 09:39:20.527] [modloading-worker-0/DEBUG] [net.minecraftforge.fml.config.ConfigTracker/CONFIG]: Config file ars_nouveau/glyph_slowfall.toml for ars_nouveau tracking
[16Nov2025 09:39:20.529] [modloading-worker-0/DEBUG] [net.minecraftforge.fml.config.ConfigTracker/CONFIG]: Config file ars_nouveau/glyph_fangs.toml for ars_nouveau tracking
[16Nov2025 09:39:20.530] [modloading-worker-0/DEBUG] [net.minecraftforge.fml.config.ConfigTracker/CONFIG]: Config file ars_nouveau/glyph_summon_vex.toml for ars_nouveau tracking
[16Nov2025 09:39:20.530] [modloading-worker-0/DEBUG] [net.minecraftforge.fml.config.ConfigTracker/CONFIG]: Config file ars_nouveau/glyph_accelerate.toml for ars_nouveau tracking
[16Nov2025 09:39:20.530] [modloading-worker-0/DEBUG] [net.minecraftforge.fml.config.ConfigTracker/CONFIG]: Config file ars_nouveau/glyph_decelerate.toml for ars_nouveau tracking
[16Nov2025 09:39:20.530] [modloading-worker-0/DEBUG] [net.minecraftforge.fml.config.ConfigTracker/CONFIG]: Config file ars_nouveau/glyph_split.toml for ars_nouveau tracking
[16Nov2025 09:39:20.530] [modloading-worker-0/DEBUG] [net.minecraftforge.fml.config.ConfigTracker/CONFIG]: Config file ars_nouveau/glyph_amplify.toml for ars_nouveau tracking
[16Nov2025 09:39:20.530] [modloading-worker-0/DEBUG] [net.minecraftforge.fml.config.ConfigTracker/CONFIG]: Config file ars_nouveau/glyph_aoe.toml for ars_nouveau tracking
[16Nov2025 09:39:20.530] [modloading-worker-0/DEBUG] [net.minecraftforge.fml.config.ConfigTracker/CONFIG]: Config file ars_nouveau/glyph_extend_time.toml for ars_nouveau tracking
[16Nov2025 09:39:20.531] [modloading-worker-0/DEBUG] [net.minecraftforge.fml.config.ConfigTracker/CONFIG]: Config file ars_nouveau/glyph_pierce.toml for ars_nouveau tracking
[16Nov2025 09:39:20.531] [modloading-worker-0/DEBUG] [net.minecraftforge.fml.config.ConfigTracker/CONFIG]: Config file ars_nouveau/glyph_dampen.toml for ars_nouveau tracking
[16Nov2025 09:39:20.531] [modloading-worker-0/DEBUG] [net.minecraftforge.fml.config.ConfigTracker/CONFIG]: Config file ars_nouveau/glyph_extract.toml for ars_nouveau tracking
[16Nov2025 09:39:20.531] [modloading-worker-0/DEBUG] [net.minecraftforge.fml.config.ConfigTracker/CONFIG]: Config file ars_nouveau/glyph_fortune.toml for ars_nouveau tracking
[16Nov2025 09:39:20.531] [modloading-worker-0/DEBUG] [net.minecraftforge.common.ForgeMod/FORGEMOD]: Loading Network data for FML net version: FML3
[16Nov2025 09:39:20.531] [modloading-worker-0/DEBUG] [net.minecraftforge.fml.config.ConfigTracker/CONFIG]: Config file ars_nouveau/glyph_ender_inventory.toml for ars_nouveau tracking
[16Nov2025 09:39:20.532] [modloading-worker-0/DEBUG] [net.minecraftforge.fml.config.ConfigTracker/CONFIG]: Config file ars_nouveau/glyph_harvest.toml for ars_nouveau tracking
[16Nov2025 09:39:20.532] [modloading-worker-0/DEBUG] [net.minecraftforge.fml.config.ConfigTracker/CONFIG]: Config file ars_nouveau/glyph_fell.toml for ars_nouveau tracking
[16Nov2025 09:39:20.534] [modloading-worker-0/DEBUG] [net.minecraftforge.fml.config.ConfigTracker/CONFIG]: Config file ars_nouveau/glyph_pickup.toml for ars_nouveau tracking
[16Nov2025 09:39:20.534] [modloading-worker-0/DEBUG] [net.minecraftforge.fml.config.ConfigTracker/CONFIG]: Config file ars_nouveau/glyph_interact.toml for ars_nouveau tracking
[16Nov2025 09:39:20.534] [modloading-worker-0/DEBUG] [net.minecraftforge.fml.config.ConfigTracker/CONFIG]: Config file ars_nouveau/glyph_place_block.toml for ars_nouveau tracking
[16Nov2025 09:39:20.535] [modloading-worker-0/DEBUG] [net.minecraftforge.fml.config.ConfigTracker/CONFIG]: Config file ars_nouveau/glyph_snare.toml for ars_nouveau tracking
[16Nov2025 09:39:20.535] [modloading-worker-0/DEBUG] [net.minecraftforge.fml.config.ConfigTracker/CONFIG]: Config file ars_nouveau/glyph_smelt.toml for ars_nouveau tracking
[16Nov2025 09:39:20.536] [modloading-worker-0/DEBUG] [net.minecraftforge.fml.config.ConfigTracker/CONFIG]: Config file ars_nouveau/glyph_leap.toml for ars_nouveau tracking
[16Nov2025 09:39:20.537] [modloading-worker-0/DEBUG] [net.minecraftforge.fml.config.ConfigTracker/CONFIG]: Config file ars_nouveau/glyph_delay.toml for ars_nouveau tracking
[16Nov2025 09:39:20.537] [modloading-worker-0/DEBUG] [net.minecraftforge.fml.config.ConfigTracker/CONFIG]: Config file ars_nouveau/glyph_redstone_signal.toml for ars_nouveau tracking
[16Nov2025 09:39:20.537] [modloading-worker-0/DEBUG] [net.minecraftforge.fml.config.ConfigTracker/CONFIG]: Config file ars_nouveau/glyph_intangible.toml for ars_nouveau tracking
[16Nov2025 09:39:20.537] [modloading-worker-0/DEBUG] [net.minecraftforge.fml.config.ConfigTracker/CONFIG]: Config file ars_nouveau/glyph_invisibility.toml for ars_nouveau tracking
[16Nov2025 09:39:20.538] [modloading-worker-0/DEBUG] [net.minecraftforge.fml.config.ConfigTracker/CONFIG]: Config file ars_nouveau/glyph_duration_down.toml for ars_nouveau tracking
[16Nov2025 09:39:20.538] [modloading-worker-0/DEBUG] [net.minecraftforge.fml.config.ConfigTracker/CONFIG]: Config file ars_nouveau/glyph_wither.toml for ars_nouveau tracking
[16Nov2025 09:39:20.538] [modloading-worker-0/DEBUG] [net.minecraftforge.fml.config.ConfigTracker/CONFIG]: Config file ars_nouveau/glyph_exchange.toml for ars_nouveau tracking
[16Nov2025 09:39:20.540] [modloading-worker-0/DEBUG] [net.minecraftforge.fml.config.ConfigTracker/CONFIG]: Config file ars_nouveau/glyph_craft.toml for ars_nouveau tracking
[16Nov2025 09:39:20.541] [modloading-worker-0/DEBUG] [net.minecraftforge.fml.config.ConfigTracker/CONFIG]: Config file ars_nouveau/glyph_flare.toml for ars_nouveau tracking
[16Nov2025 09:39:20.543] [modloading-worker-0/DEBUG] [net.minecraftforge.fml.config.ConfigTracker/CONFIG]: Config file ars_nouveau/glyph_cold_snap.toml for ars_nouveau tracking
[16Nov2025 09:39:20.543] [modloading-worker-0/DEBUG] [net.minecraftforge.fml.config.ConfigTracker/CONFIG]: Config file ars_nouveau/glyph_conjure_water.toml for ars_nouveau tracking
[16Nov2025 09:39:20.543] [modloading-worker-0/DEBUG] [net.minecraftforge.fml.config.ConfigTracker/CONFIG]: Config file ars_nouveau/glyph_gravity.toml for ars_nouveau tracking
[16Nov2025 09:39:20.544] [modloading-worker-0/DEBUG] [net.minecraftforge.fml.config.ConfigTracker/CONFIG]: Config file ars_nouveau/glyph_cut.toml for ars_nouveau tracking
[16Nov2025 09:39:20.544] [modloading-worker-0/DEBUG] [net.minecraftforge.fml.config.ConfigTracker/CONFIG]: Config file ars_nouveau/glyph_crush.toml for ars_nouveau tracking
[16Nov2025 09:39:20.544] [modloading-worker-0/DEBUG] [net.minecraftforge.fml.config.ConfigTracker/CONFIG]: Config file ars_nouveau/glyph_summon_wolves.toml for ars_nouveau tracking
[16Nov2025 09:39:20.544] [modloading-worker-0/DEBUG] [net.minecraftforge.fml.config.ConfigTracker/CONFIG]: Config file ars_nouveau/glyph_summon_steed.toml for ars_nouveau tracking
[16Nov2025 09:39:20.545] [modloading-worker-0/DEBUG] [net.minecraftforge.fml.config.ConfigTracker/CONFIG]: Config file ars_nouveau/glyph_summon_decoy.toml for ars_nouveau tracking
[16Nov2025 09:39:20.545] [modloading-worker-0/DEBUG] [net.minecraftforge.fml.config.ConfigTracker/CONFIG]: Config file forge-client.toml for forge tracking
[16Nov2025 09:39:20.545] [modloading-worker-0/DEBUG] [net.minecraftforge.fml.config.ConfigTracker/CONFIG]: Config file ars_nouveau/glyph_hex.toml for ars_nouveau tracking
[16Nov2025 09:39:20.545] [modloading-worker-0/DEBUG] [net.minecraftforge.fml.config.ConfigTracker/CONFIG]: Config file forge-server.toml for forge tracking
[16Nov2025 09:39:20.545] [modloading-worker-0/DEBUG] [net.minecraftforge.fml.ModLoadingContext/]: Attempted to register an empty config for type COMMON on mod forge
[16Nov2025 09:39:20.545] [modloading-worker-0/DEBUG] [net.minecraftforge.fml.config.ConfigTracker/CONFIG]: Config file ars_nouveau/glyph_underfoot.toml for ars_nouveau tracking
[16Nov2025 09:39:20.547] [modloading-worker-0/DEBUG] [net.minecraftforge.fml.config.ConfigTracker/CONFIG]: Config file ars_nouveau/glyph_glide.toml for ars_nouveau tracking
[16Nov2025 09:39:20.547] [modloading-worker-0/DEBUG] [net.minecraftforge.fml.config.ConfigTracker/CONFIG]: Config file ars_nouveau/glyph_rune.toml for ars_nouveau tracking
[16Nov2025 09:39:20.547] [modloading-worker-0/DEBUG] [net.minecraftforge.fml.config.ConfigTracker/CONFIG]: Config file ars_nouveau/glyph_freeze.toml for ars_nouveau tracking
[16Nov2025 09:39:20.547] [modloading-worker-0/DEBUG] [net.minecraftforge.fml.config.ConfigTracker/CONFIG]: Config file ars_nouveau/glyph_name.toml for ars_nouveau tracking
[16Nov2025 09:39:20.549] [modloading-worker-0/DEBUG] [net.minecraftforge.fml.config.ConfigTracker/CONFIG]: Config file ars_nouveau/glyph_summon_undead.toml for ars_nouveau tracking
[16Nov2025 09:39:20.555] [modloading-worker-0/DEBUG] [net.minecraftforge.fml.config.ConfigTracker/CONFIG]: Config file ars_nouveau/glyph_firework.toml for ars_nouveau tracking
[16Nov2025 09:39:20.556] [modloading-worker-0/DEBUG] [net.minecraftforge.fml.config.ConfigTracker/CONFIG]: Config file ars_nouveau/glyph_toss.toml for ars_nouveau tracking
[16Nov2025 09:39:20.557] [modloading-worker-0/DEBUG] [net.minecraftforge.fml.config.ConfigTracker/CONFIG]: Config file ars_nouveau/glyph_bounce.toml for ars_nouveau tracking
[16Nov2025 09:39:20.557] [modloading-worker-0/DEBUG] [net.minecraftforge.fml.config.ConfigTracker/CONFIG]: Config file ars_nouveau/glyph_sensitive.toml for ars_nouveau tracking
[16Nov2025 09:39:20.557] [modloading-worker-0/DEBUG] [net.minecraftforge.fml.config.ConfigTracker/CONFIG]: Config file ars_nouveau/glyph_wind_shear.toml for ars_nouveau tracking
[16Nov2025 09:39:20.559] [modloading-worker-0/DEBUG] [net.minecraftforge.fml.config.ConfigTracker/CONFIG]: Config file ars_nouveau/glyph_evaporate.toml for ars_nouveau tracking
[16Nov2025 09:39:20.561] [modloading-worker-0/DEBUG] [net.minecraftforge.fml.config.ConfigTracker/CONFIG]: Config file ars_nouveau/glyph_linger.toml for ars_nouveau tracking
[16Nov2025 09:39:20.561] [modloading-worker-0/DEBUG] [net.minecraftforge.fml.config.ConfigTracker/CONFIG]: Config file ars_nouveau/glyph_sense_magic.toml for ars_nouveau tracking
[16Nov2025 09:39:20.561] [modloading-worker-0/DEBUG] [net.minecraftforge.fml.config.ConfigTracker/CONFIG]: Config file ars_nouveau/glyph_infuse.toml for ars_nouveau tracking
[16Nov2025 09:39:20.562] [modloading-worker-0/DEBUG] [net.minecraftforge.fml.config.ConfigTracker/CONFIG]: Config file ars_nouveau/glyph_rotate.toml for ars_nouveau tracking
[16Nov2025 09:39:20.563] [modloading-worker-0/DEBUG] [net.minecraftforge.fml.config.ConfigTracker/CONFIG]: Config file ars_nouveau/glyph_wall.toml for ars_nouveau tracking
[16Nov2025 09:39:20.566] [modloading-worker-0/DEBUG] [net.minecraftforge.fml.config.ConfigTracker/CONFIG]: Config file ars_nouveau/glyph_animate_block.toml for ars_nouveau tracking
[16Nov2025 09:39:20.567] [modloading-worker-0/DEBUG] [net.minecraftforge.fml.config.ConfigTracker/CONFIG]: Config file ars_nouveau/burst.toml for ars_nouveau tracking
[16Nov2025 09:39:20.567] [modloading-worker-0/DEBUG] [net.minecraftforge.fml.config.ConfigTracker/CONFIG]: Config file ars_nouveau/glyph_randomize.toml for ars_nouveau tracking
[16Nov2025 09:39:20.569] [modloading-worker-0/DEBUG] [net.minecraftforge.fml.config.ConfigTracker/CONFIG]: Config file ars_nouveau/glyph_orbit.toml for ars_nouveau tracking
[16Nov2025 09:39:20.569] [modloading-worker-0/DEBUG] [net.minecraftforge.fml.config.ConfigTracker/CONFIG]: Config file ars_nouveau/reset.toml for ars_nouveau tracking
[16Nov2025 09:39:20.572] [modloading-worker-0/DEBUG] [net.minecraftforge.fml.javafmlmod.AutomaticEventSubscriber/LOADING]: Attempting to inject @EventBusSubscriber classes into the eventbus for forge
[16Nov2025 09:39:20.572] [modloading-worker-0/DEBUG] [net.minecraftforge.fml.config.ConfigTracker/CONFIG]: Config file ars_nouveau/wololo.toml for ars_nouveau tracking
[16Nov2025 09:39:20.573] [modloading-worker-0/DEBUG] [net.minecraftforge.fml.javafmlmod.AutomaticEventSubscriber/LOADING]: Auto-subscribing net.minecraftforge.common.ForgeSpawnEggItem$CommonHandler to MOD
[16Nov2025 09:39:20.573] [modloading-worker-0/DEBUG] [net.minecraftforge.fml.config.ConfigTracker/CONFIG]: Config file ars_nouveau/rewind.toml for ars_nouveau tracking
[16Nov2025 09:39:20.574] [modloading-worker-0/DEBUG] [net.minecraftforge.fml.javafmlmod.AutomaticEventSubscriber/LOADING]: Auto-subscribing net.minecraftforge.common.ForgeSpawnEggItem$ColorRegisterHandler to MOD
[16Nov2025 09:39:20.577] [modloading-worker-0/DEBUG] [net.minecraftforge.fml.javafmlmod.AutomaticEventSubscriber/LOADING]: Auto-subscribing net.minecraftforge.client.model.data.ModelDataManager to FORGE
[16Nov2025 09:39:20.579] [modloading-worker-0/DEBUG] [net.minecraftforge.fml.javafmlmod.AutomaticEventSubscriber/LOADING]: Auto-subscribing net.minecraftforge.client.ForgeHooksClient$ClientEvents to MOD
[16Nov2025 09:39:20.586] [modloading-worker-0/DEBUG] [net.minecraftforge.fml.javafmlmod.AutomaticEventSubscriber/LOADING]: Auto-subscribing net.minecraftforge.client.ClientForgeMod to MOD
[16Nov2025 09:39:20.679] [modloading-worker-0/DEBUG] [net.minecraftforge.fml.config.ConfigTracker/CONFIG]: Config file ars_nouveau-server.toml for ars_nouveau tracking
[16Nov2025 09:39:20.681] [modloading-worker-0/DEBUG] [net.minecraftforge.fml.config.ConfigTracker/CONFIG]: Config file ars_nouveau-common.toml for ars_nouveau tracking
[16Nov2025 09:39:20.681] [modloading-worker-0/DEBUG] [net.minecraftforge.fml.config.ConfigTracker/CONFIG]: Config file ars_nouveau-client.toml for ars_nouveau tracking
[16Nov2025 09:39:20.688] [modloading-worker-0/DEBUG] [mixin/]: Mixing light.LevelRendererMixin from ars_nouveau.mixins.json into net.minecraft.client.renderer.LevelRenderer
[16Nov2025 09:39:20.690] [modloading-worker-0/DEBUG] [mixin/]: Mixing client.MixinLevelRenderer from patchouli_xplat.mixins.json into net.minecraft.client.renderer.LevelRenderer
[16Nov2025 09:39:20.691] [modloading-worker-0/DEBUG] [mixin/]: Mixing camera.LevelRendererMixin from ars_nouveau.mixins.json into net.minecraft.client.renderer.LevelRenderer
[16Nov2025 09:39:21.011] [modloading-worker-0/DEBUG] [net.minecraftforge.fml.javafmlmod.AutomaticEventSubscriber/LOADING]: Attempting to inject @EventBusSubscriber classes into the eventbus for ars_nouveau
[16Nov2025 09:39:21.011] [modloading-worker-0/DEBUG] [net.minecraftforge.fml.javafmlmod.AutomaticEventSubscriber/LOADING]: Auto-subscribing com.hollingsworth.arsnouveau.setup.registry.RecipeRegistry to MOD
[16Nov2025 09:39:21.011] [modloading-worker-0/DEBUG] [net.minecraftforge.fml.javafmlmod.AutomaticEventSubscriber/LOADING]: Auto-subscribing com.hollingsworth.arsnouveau.setup.registry.ModEntities$RegistrationHandler to MOD
[16Nov2025 09:39:21.012] [modloading-worker-0/DEBUG] [net.minecraftforge.fml.javafmlmod.AutomaticEventSubscriber/LOADING]: Auto-subscribing com.hollingsworth.arsnouveau.setup.registry.CapabilityRegistry$EventHandler to FORGE
[16Nov2025 09:39:21.018] [modloading-worker-0/DEBUG] [net.minecraftforge.fml.javafmlmod.AutomaticEventSubscriber/LOADING]: Auto-subscribing com.hollingsworth.arsnouveau.setup.config.Config to MOD
[16Nov2025 09:39:21.019] [modloading-worker-0/DEBUG] [net.minecraftforge.fml.javafmlmod.AutomaticEventSubscriber/LOADING]: Auto-subscribing com.hollingsworth.arsnouveau.common.world.saved_data.RedstoneSavedData to FORGE
[16Nov2025 09:39:21.020] [modloading-worker-0/DEBUG] [net.minecraftforge.fml.javafmlmod.AutomaticEventSubscriber/LOADING]: Auto-subscribing com.hollingsworth.arsnouveau.common.potions.GravityEffect to FORGE
[16Nov2025 09:39:21.023] [modloading-worker-0/DEBUG] [mixin/]: Mixing DamageSourceMixin from ars_nouveau.mixins.json into net.minecraft.world.damagesource.DamageSource
[16Nov2025 09:39:21.024] [modloading-worker-0/DEBUG] [mixin/]: Renaming synthetic method lambda$spellDeathMessage$0(Lnet/minecraft/world/item/ItemStack;Lnet/minecraft/network/chat/Style;)Lnet/minecraft/network/chat/Style; to md286f9d$lambda$spellDeathMessage$0$0 in ars_nouveau.mixins.json:DamageSourceMixin
[16Nov2025 09:39:21.062] [modloading-worker-0/DEBUG] [net.minecraftforge.fml.javafmlmod.AutomaticEventSubscriber/LOADING]: Auto-subscribing com.hollingsworth.arsnouveau.common.potions.BounceEffect to FORGE
[16Nov2025 09:39:21.063] [modloading-worker-0/DEBUG] [net.minecraftforge.fml.javafmlmod.AutomaticEventSubscriber/LOADING]: Auto-subscribing com.hollingsworth.arsnouveau.common.mob_jar.WitherBehavior to FORGE
[16Nov2025 09:39:21.065] [modloading-worker-0/DEBUG] [net.minecraftforge.fml.javafmlmod.AutomaticEventSubscriber/LOADING]: Auto-subscribing com.hollingsworth.arsnouveau.common.items.curios.SummoningFocus to FORGE
[16Nov2025 09:39:21.073] [modloading-worker-0/DEBUG] [net.minecraftforge.fml.javafmlmod.AutomaticEventSubscriber/LOADING]: Auto-subscribing com.hollingsworth.arsnouveau.common.event.SummonEvents to FORGE
[16Nov2025 09:39:21.074] [modloading-worker-0/DEBUG] [net.minecraftforge.fml.javafmlmod.AutomaticEventSubscriber/LOADING]: Auto-subscribing com.hollingsworth.arsnouveau.common.event.ScryEvents to FORGE
[16Nov2025 09:39:21.077] [modloading-worker-0/DEBUG] [net.minecraftforge.fml.javafmlmod.AutomaticEventSubscriber/LOADING]: Auto-subscribing com.hollingsworth.arsnouveau.common.event.ReactiveEvents to FORGE
[16Nov2025 09:39:21.081] [modloading-worker-0/DEBUG] [net.minecraftforge.fml.javafmlmod.AutomaticEventSubscriber/LOADING]: Auto-subscribing com.hollingsworth.arsnouveau.common.event.PerkEvents to FORGE
[16Nov2025 09:39:21.086] [modloading-worker-0/DEBUG] [net.minecraftforge.fml.javafmlmod.AutomaticEventSubscriber/LOADING]: Auto-subscribing com.hollingsworth.arsnouveau.common.event.ManaCapEvents to FORGE
[16Nov2025 09:39:21.089] [modloading-worker-0/DEBUG] [net.minecraftforge.fml.javafmlmod.AutomaticEventSubscriber/LOADING]: Auto-subscribing com.hollingsworth.arsnouveau.common.event.LightEvents to FORGE
[16Nov2025 09:39:21.090] [modloading-worker-0/DEBUG] [net.minecraftforge.fml.javafmlmod.AutomaticEventSubscriber/LOADING]: Auto-subscribing com.hollingsworth.arsnouveau.common.event.JarEvents to FORGE
[16Nov2025 09:39:21.092] [modloading-worker-0/DEBUG] [net.minecraftforge.fml.javafmlmod.AutomaticEventSubscriber/LOADING]: Auto-subscribing com.hollingsworth.arsnouveau.common.event.FamiliarEvents to FORGE
[16Nov2025 09:39:21.100] [modloading-worker-0/DEBUG] [net.minecraftforge.fml.javafmlmod.AutomaticEventSubscriber/LOADING]: Auto-subscribing com.hollingsworth.arsnouveau.common.event.EventHandler to FORGE
[16Nov2025 09:39:21.113] [modloading-worker-0/DEBUG] [net.minecraftforge.fml.javafmlmod.AutomaticEventSubscriber/LOADING]: Auto-subscribing com.hollingsworth.arsnouveau.common.event.ArsEvents to FORGE
[16Nov2025 09:39:21.118] [modloading-worker-0/DEBUG] [net.minecraftforge.fml.javafmlmod.AutomaticEventSubscriber/LOADING]: Auto-subscribing com.hollingsworth.arsnouveau.common.datagen.ModDatagen to MOD
[16Nov2025 09:39:21.120] [modloading-worker-0/DEBUG] [net.minecraftforge.fml.javafmlmod.AutomaticEventSubscriber/LOADING]: Auto-subscribing com.hollingsworth.arsnouveau.common.camera.ClientCameraEvents to FORGE
[16Nov2025 09:39:21.127] [modloading-worker-0/DEBUG] [net.minecraftforge.fml.javafmlmod.AutomaticEventSubscriber/LOADING]: Auto-subscribing com.hollingsworth.arsnouveau.common.camera.CameraEvents to FORGE
[16Nov2025 09:39:21.131] [modloading-worker-0/DEBUG] [net.minecraftforge.fml.javafmlmod.AutomaticEventSubscriber/LOADING]: Auto-subscribing com.hollingsworth.arsnouveau.common.camera.CameraController to FORGE
[16Nov2025 09:39:21.132] [modloading-worker-0/DEBUG] [net.minecraftforge.fml.javafmlmod.AutomaticEventSubscriber/LOADING]: Auto-subscribing com.hollingsworth.arsnouveau.common.block.tile.VitalicSourcelinkTile to FORGE
[16Nov2025 09:39:21.137] [modloading-worker-0/DEBUG] [net.minecraftforge.fml.javafmlmod.AutomaticEventSubscriber/LOADING]: Auto-subscribing com.hollingsworth.arsnouveau.common.block.tile.AgronomicSourcelinkTile to FORGE
[16Nov2025 09:39:21.138] [modloading-worker-0/DEBUG] [net.minecraftforge.fml.javafmlmod.AutomaticEventSubscriber/LOADING]: Auto-subscribing com.hollingsworth.arsnouveau.client.registry.ShaderRegistry to MOD
[16Nov2025 09:39:21.152] [modloading-worker-0/DEBUG] [mixin/]: Mixing GameRendererMixin from ars_nouveau.mixins.json into net.minecraft.client.renderer.GameRenderer
[16Nov2025 09:39:21.218] [modloading-worker-0/DEBUG] [net.minecraftforge.fml.javafmlmod.AutomaticEventSubscriber/LOADING]: Auto-subscribing com.hollingsworth.arsnouveau.client.registry.ModParticles to MOD
[16Nov2025 09:39:21.222] [modloading-worker-0/DEBUG] [net.minecraftforge.fml.javafmlmod.AutomaticEventSubscriber/LOADING]: Auto-subscribing com.hollingsworth.arsnouveau.client.registry.ModKeyBindings to MOD
[16Nov2025 09:39:21.224] [modloading-worker-0/DEBUG] [net.minecraftforge.fml.javafmlmod.AutomaticEventSubscriber/LOADING]: Auto-subscribing com.hollingsworth.arsnouveau.client.registry.ClientHandler to MOD
[16Nov2025 09:39:21.234] [modloading-worker-0/DEBUG] [net.minecraftforge.fml.javafmlmod.AutomaticEventSubscriber/LOADING]: Auto-subscribing com.hollingsworth.arsnouveau.client.keybindings.KeyHandler to FORGE
[16Nov2025 09:39:21.237] [modloading-worker-0/DEBUG] [net.minecraftforge.fml.javafmlmod.AutomaticEventSubscriber/LOADING]: Auto-subscribing com.hollingsworth.arsnouveau.client.gui.radial_menu.GuiRadialMenu to FORGE
[16Nov2025 09:39:21.244] [modloading-worker-0/DEBUG] [net.minecraftforge.fml.javafmlmod.AutomaticEventSubscriber/LOADING]: Auto-subscribing com.hollingsworth.arsnouveau.client.events.ClientPlayerEvent to FORGE
[16Nov2025 09:39:21.245] [modloading-worker-0/DEBUG] [net.minecraftforge.fml.javafmlmod.AutomaticEventSubscriber/LOADING]: Auto-subscribing com.hollingsworth.arsnouveau.client.events.ClientEvents to FORGE
[16Nov2025 09:39:21.249] [modloading-worker-0/DEBUG] [net.minecraftforge.fml.javafmlmod.AutomaticEventSubscriber/LOADING]: Auto-subscribing com.hollingsworth.arsnouveau.client.events.ClientEvents$ClientModEvents to MOD
[16Nov2025 09:39:21.250] [modloading-worker-0/DEBUG] [net.minecraftforge.fml.javafmlmod.AutomaticEventSubscriber/LOADING]: Auto-subscribing com.hollingsworth.arsnouveau.client.SkyTextureHandler to FORGE
[16Nov2025 09:39:21.251] [modloading-worker-0/DEBUG] [net.minecraftforge.fml.javafmlmod.AutomaticEventSubscriber/LOADING]: Auto-subscribing com.hollingsworth.arsnouveau.api.util.SourceUtil to FORGE
[16Nov2025 09:39:21.251] [modloading-worker-0/DEBUG] [net.minecraftforge.fml.javafmlmod.AutomaticEventSubscriber/LOADING]: Auto-subscribing com.hollingsworth.arsnouveau.api.source.SourceManager to FORGE
[16Nov2025 09:39:21.252] [modloading-worker-0/DEBUG] [net.minecraftforge.fml.javafmlmod.AutomaticEventSubscriber/LOADING]: Auto-subscribing com.hollingsworth.arsnouveau.api.perk.PerkAttributes to MOD
[16Nov2025 09:39:21.253] [modloading-worker-0/DEBUG] [net.minecraftforge.fml.javafmlmod.AutomaticEventSubscriber/LOADING]: Auto-subscribing com.hollingsworth.arsnouveau.api.event.EventQueue to FORGE
[16Nov2025 09:39:21.254] [modloading-worker-0/DEBUG] [net.minecraftforge.fml.javafmlmod.AutomaticEventSubscriber/LOADING]: Auto-subscribing com.hollingsworth.arsnouveau.ArsNouveau to FORGE
[16Nov2025 09:39:21.275] [Render thread/DEBUG] [net.minecraftforge.registries.ObjectHolderRegistry/REGISTRIES]: Processing ObjectHolder annotations
[16Nov2025 09:39:21.298] [Render thread/DEBUG] [net.minecraftforge.registries.ObjectHolderRegistry/REGISTRIES]: Found 4390 ObjectHolder annotations
[16Nov2025 09:39:21.303] [Render thread/DEBUG] [net.minecraftforge.common.capabilities.CapabilityManager/CAPABILITIES]: Attempting to automatically register: Lnet/minecraftforge/energy/IEnergyStorage;
[16Nov2025 09:39:21.303] [Render thread/DEBUG] [net.minecraftforge.common.capabilities.CapabilityManager/CAPABILITIES]: Attempting to automatically register: Lnet/minecraftforge/fluids/capability/IFluidHandler;
[16Nov2025 09:39:21.303] [Render thread/DEBUG] [net.minecraftforge.common.capabilities.CapabilityManager/CAPABILITIES]: Attempting to automatically register: Lnet/minecraftforge/fluids/capability/IFluidHandlerItem;
[16Nov2025 09:39:21.303] [Render thread/DEBUG] [net.minecraftforge.common.capabilities.CapabilityManager/CAPABILITIES]: Attempting to automatically register: Lnet/minecraftforge/items/IItemHandler;
[16Nov2025 09:39:21.304] [Render thread/DEBUG] [net.minecraftforge.registries.GameData/REGISTRIES]: Unfreezing vanilla registries
[16Nov2025 09:39:21.310] [Render thread/DEBUG] [net.minecraftforge.registries.GameData/REGISTRIES]: Applying holder lookups: minecraft:sound_event
[16Nov2025 09:39:21.314] [Render thread/DEBUG] [net.minecraftforge.registries.GameData/REGISTRIES]: Holder lookups applied: minecraft:sound_event
[16Nov2025 09:39:21.314] [Render thread/DEBUG] [net.minecraftforge.registries.GameData/REGISTRIES]: Applying holder lookups: minecraft:fluid
[16Nov2025 09:39:21.316] [Render thread/DEBUG] [net.minecraftforge.registries.GameData/REGISTRIES]: Holder lookups applied: minecraft:fluid
[16Nov2025 09:39:21.457] [Render thread/DEBUG] [net.minecraftforge.registries.GameData/REGISTRIES]: Applying holder lookups: minecraft:block
[16Nov2025 09:39:21.458] [Render thread/DEBUG] [net.minecraftforge.registries.GameData/REGISTRIES]: Holder lookups applied: minecraft:block
[16Nov2025 09:39:21.459] [Render thread/DEBUG] [net.minecraftforge.registries.GameData/REGISTRIES]: Applying holder lookups: minecraft:attribute
[16Nov2025 09:39:21.460] [Render thread/DEBUG] [net.minecraftforge.registries.GameData/REGISTRIES]: Holder lookups applied: minecraft:attribute
[16Nov2025 09:39:21.461] [Render thread/DEBUG] [net.minecraftforge.registries.GameData/REGISTRIES]: Applying holder lookups: minecraft:mob_effect
[16Nov2025 09:39:21.462] [Render thread/DEBUG] [net.minecraftforge.registries.GameData/REGISTRIES]: Holder lookups applied: minecraft:mob_effect
[16Nov2025 09:39:21.468] [Render thread/DEBUG] [net.minecraftforge.registries.GameData/REGISTRIES]: Applying holder lookups: minecraft:particle_type
[16Nov2025 09:39:21.469] [Render thread/DEBUG] [net.minecraftforge.registries.GameData/REGISTRIES]: Holder lookups applied: minecraft:particle_type
[16Nov2025 09:39:21.482] [Render thread/DEBUG] [software.bernie.geckolib.GeckoLib/]: Registered SyncedAnimatable for class software.bernie.example.item.JackInTheBoxItem
[16Nov2025 09:39:21.551] [Render thread/DEBUG] [net.minecraftforge.registries.GameData/REGISTRIES]: Applying holder lookups: minecraft:item
[16Nov2025 09:39:21.552] [Render thread/DEBUG] [net.minecraftforge.registries.GameData/REGISTRIES]: Holder lookups applied: minecraft:item
[16Nov2025 09:39:21.554] [Render thread/DEBUG] [net.minecraftforge.registries.GameData/REGISTRIES]: Applying holder lookups: minecraft:entity_type
[16Nov2025 09:39:21.555] [Render thread/DEBUG] [net.minecraftforge.registries.GameData/REGISTRIES]: Holder lookups applied: minecraft:entity_type
[16Nov2025 09:39:21.555] [Render thread/DEBUG] [net.minecraftforge.registries.GameData/REGISTRIES]: Applying holder lookups: minecraft:sensor_type
[16Nov2025 09:39:21.555] [Render thread/DEBUG] [net.minecraftforge.registries.GameData/REGISTRIES]: Holder lookups applied: minecraft:sensor_type
[16Nov2025 09:39:21.556] [Render thread/DEBUG] [net.minecraftforge.registries.GameData/REGISTRIES]: Applying holder lookups: minecraft:memory_module_type
[16Nov2025 09:39:21.556] [Render thread/DEBUG] [net.minecraftforge.registries.GameData/REGISTRIES]: Holder lookups applied: minecraft:memory_module_type
[16Nov2025 09:39:21.557] [Render thread/DEBUG] [net.minecraftforge.registries.GameData/REGISTRIES]: Applying holder lookups: minecraft:potion
[16Nov2025 09:39:21.557] [Render thread/DEBUG] [net.minecraftforge.registries.GameData/REGISTRIES]: Holder lookups applied: minecraft:potion
[16Nov2025 09:39:21.557] [Render thread/DEBUG] [net.minecraftforge.registries.GameData/REGISTRIES]: Applying holder lookups: minecraft:game_event
[16Nov2025 09:39:21.557] [Render thread/DEBUG] [net.minecraftforge.registries.GameData/REGISTRIES]: Holder lookups applied: minecraft:game_event
[16Nov2025 09:39:21.557] [Render thread/DEBUG] [net.minecraftforge.registries.GameData/REGISTRIES]: Applying holder lookups: minecraft:enchantment
[16Nov2025 09:39:21.557] [Render thread/DEBUG] [net.minecraftforge.registries.GameData/REGISTRIES]: Holder lookups applied: minecraft:enchantment
[16Nov2025 09:39:21.560] [Render thread/DEBUG] [net.minecraftforge.registries.GameData/REGISTRIES]: Applying holder lookups: minecraft:block_entity_type
[16Nov2025 09:39:21.561] [Render thread/DEBUG] [net.minecraftforge.registries.GameData/REGISTRIES]: Holder lookups applied: minecraft:block_entity_type
[16Nov2025 09:39:21.561] [Render thread/DEBUG] [net.minecraftforge.registries.GameData/REGISTRIES]: Applying holder lookups: minecraft:painting_variant
[16Nov2025 09:39:21.561] [Render thread/DEBUG] [net.minecraftforge.registries.GameData/REGISTRIES]: Holder lookups applied: minecraft:painting_variant
[16Nov2025 09:39:21.561] [Render thread/DEBUG] [net.minecraftforge.registries.GameData/REGISTRIES]: Applying holder lookups: minecraft:stat_type
[16Nov2025 09:39:21.562] [Render thread/DEBUG] [net.minecraftforge.registries.GameData/REGISTRIES]: Holder lookups applied: minecraft:stat_type
[16Nov2025 09:39:21.562] [Render thread/DEBUG] [net.minecraftforge.registries.GameData/REGISTRIES]: Applying holder lookups: minecraft:custom_stat
[16Nov2025 09:39:21.562] [Render thread/DEBUG] [net.minecraftforge.registries.GameData/REGISTRIES]: Holder lookups applied: minecraft:custom_stat
[16Nov2025 09:39:21.562] [Render thread/DEBUG] [net.minecraftforge.registries.GameData/REGISTRIES]: Applying holder lookups: minecraft:chunk_status
[16Nov2025 09:39:21.562] [Render thread/DEBUG] [net.minecraftforge.registries.GameData/REGISTRIES]: Holder lookups applied: minecraft:chunk_status
[16Nov2025 09:39:21.562] [Render thread/DEBUG] [net.minecraftforge.registries.GameData/REGISTRIES]: Applying holder lookups: minecraft:rule_test
[16Nov2025 09:39:21.562] [Render thread/DEBUG] [net.minecraftforge.registries.GameData/REGISTRIES]: Holder lookups applied: minecraft:rule_test
[16Nov2025 09:39:21.563] [Render thread/DEBUG] [net.minecraftforge.registries.GameData/REGISTRIES]: Applying holder lookups: minecraft:rule_block_entity_modifier
[16Nov2025 09:39:21.563] [Render thread/DEBUG] [net.minecraftforge.registries.GameData/REGISTRIES]: Holder lookups applied: minecraft:rule_block_entity_modifier
[16Nov2025 09:39:21.563] [Render thread/DEBUG] [net.minecraftforge.registries.GameData/REGISTRIES]: Applying holder lookups: minecraft:pos_rule_test
[16Nov2025 09:39:21.563] [Render thread/DEBUG] [net.minecraftforge.registries.GameData/REGISTRIES]: Holder lookups applied: minecraft:pos_rule_test
[16Nov2025 09:39:21.570] [Render thread/DEBUG] [net.minecraftforge.registries.GameData/REGISTRIES]: Applying holder lookups: minecraft:menu
[16Nov2025 09:39:21.571] [Render thread/DEBUG] [net.minecraftforge.registries.GameData/REGISTRIES]: Holder lookups applied: minecraft:menu
[16Nov2025 09:39:21.571] [Render thread/DEBUG] [net.minecraftforge.registries.GameData/REGISTRIES]: Applying holder lookups: minecraft:recipe_type
[16Nov2025 09:39:21.571] [Render thread/DEBUG] [net.minecraftforge.registries.GameData/REGISTRIES]: Holder lookups applied: minecraft:recipe_type
[16Nov2025 09:39:21.597] [Render thread/DEBUG] [net.minecraftforge.registries.GameData/REGISTRIES]: Applying holder lookups: minecraft:recipe_serializer
[16Nov2025 09:39:21.597] [Render thread/DEBUG] [net.minecraftforge.registries.GameData/REGISTRIES]: Holder lookups applied: minecraft:recipe_serializer
[16Nov2025 09:39:21.597] [Render thread/DEBUG] [net.minecraftforge.registries.GameData/REGISTRIES]: Applying holder lookups: minecraft:position_source_type
[16Nov2025 09:39:21.598] [Render thread/DEBUG] [net.minecraftforge.registries.GameData/REGISTRIES]: Holder lookups applied: minecraft:position_source_type
[16Nov2025 09:39:21.599] [Render thread/DEBUG] [net.minecraftforge.registries.GameData/REGISTRIES]: Applying holder lookups: minecraft:command_argument_type
[16Nov2025 09:39:21.601] [Render thread/DEBUG] [net.minecraftforge.registries.GameData/REGISTRIES]: Holder lookups applied: minecraft:command_argument_type
[16Nov2025 09:39:21.601] [Render thread/DEBUG] [net.minecraftforge.registries.GameData/REGISTRIES]: Applying holder lookups: minecraft:villager_type
[16Nov2025 09:39:21.601] [Render thread/DEBUG] [net.minecraftforge.registries.GameData/REGISTRIES]: Holder lookups applied: minecraft:villager_type
[16Nov2025 09:39:21.602] [Render thread/DEBUG] [net.minecraftforge.registries.GameData/REGISTRIES]: Applying holder lookups: minecraft:villager_profession
[16Nov2025 09:39:21.602] [Render thread/DEBUG] [net.minecraftforge.registries.GameData/REGISTRIES]: Holder lookups applied: minecraft:villager_profession
[16Nov2025 09:39:21.602] [Render thread/DEBUG] [net.minecraftforge.registries.GameData/REGISTRIES]: Applying holder lookups: minecraft:point_of_interest_type
[16Nov2025 09:39:21.603] [Render thread/DEBUG] [net.minecraftforge.registries.GameData/REGISTRIES]: Holder lookups applied: minecraft:point_of_interest_type
[16Nov2025 09:39:21.603] [Render thread/DEBUG] [net.minecraftforge.registries.GameData/REGISTRIES]: Applying holder lookups: minecraft:schedule
[16Nov2025 09:39:21.603] [Render thread/DEBUG] [net.minecraftforge.registries.GameData/REGISTRIES]: Holder lookups applied: minecraft:schedule
[16Nov2025 09:39:21.603] [Render thread/DEBUG] [net.minecraftforge.registries.GameData/REGISTRIES]: Applying holder lookups: minecraft:activity
[16Nov2025 09:39:21.603] [Render thread/DEBUG] [net.minecraftforge.registries.GameData/REGISTRIES]: Holder lookups applied: minecraft:activity
[16Nov2025 09:39:21.603] [Render thread/DEBUG] [net.minecraftforge.registries.GameData/REGISTRIES]: Applying holder lookups: minecraft:loot_pool_entry_type
[16Nov2025 09:39:21.603] [Render thread/DEBUG] [net.minecraftforge.registries.GameData/REGISTRIES]: Holder lookups applied: minecraft:loot_pool_entry_type
[16Nov2025 09:39:21.603] [Render thread/DEBUG] [net.minecraftforge.registries.GameData/REGISTRIES]: Applying holder lookups: minecraft:loot_function_type
[16Nov2025 09:39:21.603] [Render thread/DEBUG] [net.minecraftforge.registries.GameData/REGISTRIES]: Holder lookups applied: minecraft:loot_function_type
[16Nov2025 09:39:21.605] [Render thread/DEBUG] [net.minecraftforge.registries.GameData/REGISTRIES]: Applying holder lookups: minecraft:loot_condition_type
[16Nov2025 09:39:21.606] [Render thread/DEBUG] [net.minecraftforge.registries.GameData/REGISTRIES]: Holder lookups applied: minecraft:loot_condition_type
[16Nov2025 09:39:21.606] [Render thread/DEBUG] [net.minecraftforge.registries.GameData/REGISTRIES]: Applying holder lookups: minecraft:loot_number_provider_type
[16Nov2025 09:39:21.606] [Render thread/DEBUG] [net.minecraftforge.registries.GameData/REGISTRIES]: Holder lookups applied: minecraft:loot_number_provider_type
[16Nov2025 09:39:21.606] [Render thread/DEBUG] [net.minecraftforge.registries.GameData/REGISTRIES]: Applying holder lookups: minecraft:loot_nbt_provider_type
[16Nov2025 09:39:21.606] [Render thread/DEBUG] [net.minecraftforge.registries.GameData/REGISTRIES]: Holder lookups applied: minecraft:loot_nbt_provider_type
[16Nov2025 09:39:21.606] [Render thread/DEBUG] [net.minecraftforge.registries.GameData/REGISTRIES]: Applying holder lookups: minecraft:loot_score_provider_type
[16Nov2025 09:39:21.607] [Render thread/DEBUG] [net.minecraftforge.registries.GameData/REGISTRIES]: Holder lookups applied: minecraft:loot_score_provider_type
[16Nov2025 09:39:21.607] [Render thread/DEBUG] [net.minecraftforge.registries.GameData/REGISTRIES]: Applying holder lookups: minecraft:float_provider_type
[16Nov2025 09:39:21.607] [Render thread/DEBUG] [net.minecraftforge.registries.GameData/REGISTRIES]: Holder lookups applied: minecraft:float_provider_type
[16Nov2025 09:39:21.607] [Render thread/DEBUG] [net.minecraftforge.registries.GameData/REGISTRIES]: Applying holder lookups: minecraft:int_provider_type
[16Nov2025 09:39:21.607] [Render thread/DEBUG] [net.minecraftforge.registries.GameData/REGISTRIES]: Holder lookups applied: minecraft:int_provider_type
[16Nov2025 09:39:21.607] [Render thread/DEBUG] [net.minecraftforge.registries.GameData/REGISTRIES]: Applying holder lookups: minecraft:height_provider_type
[16Nov2025 09:39:21.607] [Render thread/DEBUG] [net.minecraftforge.registries.GameData/REGISTRIES]: Holder lookups applied: minecraft:height_provider_type
[16Nov2025 09:39:21.607] [Render thread/DEBUG] [net.minecraftforge.registries.GameData/REGISTRIES]: Applying holder lookups: minecraft:block_predicate_type
[16Nov2025 09:39:21.607] [Render thread/DEBUG] [net.minecraftforge.registries.GameData/REGISTRIES]: Holder lookups applied: minecraft:block_predicate_type
[16Nov2025 09:39:21.607] [Render thread/DEBUG] [net.minecraftforge.registries.GameData/REGISTRIES]: Applying holder lookups: minecraft:worldgen/carver
[16Nov2025 09:39:21.607] [Render thread/DEBUG] [net.minecraftforge.registries.GameData/REGISTRIES]: Holder lookups applied: minecraft:worldgen/carver
[16Nov2025 09:39:21.607] [Render thread/DEBUG] [net.minecraftforge.registries.GameData/REGISTRIES]: Applying holder lookups: minecraft:worldgen/feature
[16Nov2025 09:39:21.608] [Render thread/DEBUG] [net.minecraftforge.registries.GameData/REGISTRIES]: Holder lookups applied: minecraft:worldgen/feature
[16Nov2025 09:39:21.608] [Render thread/DEBUG] [net.minecraftforge.registries.GameData/REGISTRIES]: Applying holder lookups: minecraft:worldgen/structure_processor
[16Nov2025 09:39:21.608] [Render thread/DEBUG] [net.minecraftforge.registries.GameData/REGISTRIES]: Holder lookups applied: minecraft:worldgen/structure_processor
[16Nov2025 09:39:21.608] [Render thread/DEBUG] [net.minecraftforge.registries.GameData/REGISTRIES]: Applying holder lookups: minecraft:worldgen/structure_placement
[16Nov2025 09:39:21.608] [Render thread/DEBUG] [net.minecraftforge.registries.GameData/REGISTRIES]: Holder lookups applied: minecraft:worldgen/structure_placement
[16Nov2025 09:39:21.608] [Render thread/DEBUG] [net.minecraftforge.registries.GameData/REGISTRIES]: Applying holder lookups: minecraft:worldgen/structure_piece
[16Nov2025 09:39:21.609] [Render thread/DEBUG] [net.minecraftforge.registries.GameData/REGISTRIES]: Holder lookups applied: minecraft:worldgen/structure_piece
[16Nov2025 09:39:21.610] [Render thread/DEBUG] [net.minecraftforge.registries.GameData/REGISTRIES]: Applying holder lookups: minecraft:worldgen/structure_type
[16Nov2025 09:39:21.610] [Render thread/DEBUG] [net.minecraftforge.registries.GameData/REGISTRIES]: Holder lookups applied: minecraft:worldgen/structure_type
[16Nov2025 09:39:21.611] [Render thread/DEBUG] [net.minecraftforge.registries.GameData/REGISTRIES]: Applying holder lookups: minecraft:worldgen/placement_modifier_type
[16Nov2025 09:39:21.611] [Render thread/DEBUG] [net.minecraftforge.registries.GameData/REGISTRIES]: Holder lookups applied: minecraft:worldgen/placement_modifier_type
[16Nov2025 09:39:21.612] [Render thread/DEBUG] [net.minecraftforge.registries.GameData/REGISTRIES]: Applying holder lookups: minecraft:worldgen/block_state_provider_type
[16Nov2025 09:39:21.612] [Render thread/DEBUG] [net.minecraftforge.registries.GameData/REGISTRIES]: Holder lookups applied: minecraft:worldgen/block_state_provider_type
[16Nov2025 09:39:21.612] [Render thread/DEBUG] [net.minecraftforge.registries.GameData/REGISTRIES]: Applying holder lookups: minecraft:worldgen/foliage_placer_type
[16Nov2025 09:39:21.612] [Render thread/DEBUG] [net.minecraftforge.registries.GameData/REGISTRIES]: Holder lookups applied: minecraft:worldgen/foliage_placer_type
[16Nov2025 09:39:21.613] [Render thread/DEBUG] [net.minecraftforge.registries.GameData/REGISTRIES]: Applying holder lookups: minecraft:worldgen/trunk_placer_type
[16Nov2025 09:39:21.614] [Render thread/DEBUG] [net.minecraftforge.registries.GameData/REGISTRIES]: Holder lookups applied: minecraft:worldgen/trunk_placer_type
[16Nov2025 09:39:21.614] [Render thread/DEBUG] [net.minecraftforge.registries.GameData/REGISTRIES]: Applying holder lookups: minecraft:worldgen/root_placer_type
[16Nov2025 09:39:21.614] [Render thread/DEBUG] [net.minecraftforge.registries.GameData/REGISTRIES]: Holder lookups applied: minecraft:worldgen/root_placer_type
[16Nov2025 09:39:21.614] [Render thread/DEBUG] [net.minecraftforge.registries.GameData/REGISTRIES]: Applying holder lookups: minecraft:worldgen/tree_decorator_type
[16Nov2025 09:39:21.614] [Render thread/DEBUG] [net.minecraftforge.registries.GameData/REGISTRIES]: Holder lookups applied: minecraft:worldgen/tree_decorator_type
[16Nov2025 09:39:21.614] [Render thread/DEBUG] [net.minecraftforge.registries.GameData/REGISTRIES]: Applying holder lookups: minecraft:worldgen/feature_size_type
[16Nov2025 09:39:21.614] [Render thread/DEBUG] [net.minecraftforge.registries.GameData/REGISTRIES]: Holder lookups applied: minecraft:worldgen/feature_size_type
[16Nov2025 09:39:21.615] [Render thread/DEBUG] [net.minecraftforge.registries.GameData/REGISTRIES]: Applying holder lookups: minecraft:worldgen/biome_source
[16Nov2025 09:39:21.615] [Render thread/DEBUG] [net.minecraftforge.registries.GameData/REGISTRIES]: Holder lookups applied: minecraft:worldgen/biome_source
[16Nov2025 09:39:21.615] [Render thread/DEBUG] [net.minecraftforge.registries.GameData/REGISTRIES]: Applying holder lookups: minecraft:worldgen/chunk_generator
[16Nov2025 09:39:21.615] [Render thread/DEBUG] [net.minecraftforge.registries.GameData/REGISTRIES]: Holder lookups applied: minecraft:worldgen/chunk_generator
[16Nov2025 09:39:21.615] [Render thread/DEBUG] [net.minecraftforge.registries.GameData/REGISTRIES]: Applying holder lookups: minecraft:worldgen/material_condition
[16Nov2025 09:39:21.615] [Render thread/DEBUG] [net.minecraftforge.registries.GameData/REGISTRIES]: Holder lookups applied: minecraft:worldgen/material_condition
[16Nov2025 09:39:21.615] [Render thread/DEBUG] [net.minecraftforge.registries.GameData/REGISTRIES]: Applying holder lookups: minecraft:worldgen/material_rule
[16Nov2025 09:39:21.615] [Render thread/DEBUG] [net.minecraftforge.registries.GameData/REGISTRIES]: Holder lookups applied: minecraft:worldgen/material_rule
[16Nov2025 09:39:21.615] [Render thread/DEBUG] [net.minecraftforge.registries.GameData/REGISTRIES]: Applying holder lookups: minecraft:worldgen/density_function_type
[16Nov2025 09:39:21.616] [Render thread/DEBUG] [net.minecraftforge.registries.GameData/REGISTRIES]: Holder lookups applied: minecraft:worldgen/density_function_type
[16Nov2025 09:39:21.616] [Render thread/DEBUG] [net.minecraftforge.registries.GameData/REGISTRIES]: Applying holder lookups: minecraft:worldgen/structure_pool_element
[16Nov2025 09:39:21.616] [Render thread/DEBUG] [net.minecraftforge.registries.GameData/REGISTRIES]: Holder lookups applied: minecraft:worldgen/structure_pool_element
[16Nov2025 09:39:21.616] [Render thread/DEBUG] [net.minecraftforge.registries.GameData/REGISTRIES]: Applying holder lookups: minecraft:cat_variant
[16Nov2025 09:39:21.616] [Render thread/DEBUG] [net.minecraftforge.registries.GameData/REGISTRIES]: Holder lookups applied: minecraft:cat_variant
[16Nov2025 09:39:21.616] [Render thread/DEBUG] [net.minecraftforge.registries.GameData/REGISTRIES]: Applying holder lookups: minecraft:frog_variant
[16Nov2025 09:39:21.617] [Render thread/DEBUG] [net.minecraftforge.registries.GameData/REGISTRIES]: Holder lookups applied: minecraft:frog_variant
[16Nov2025 09:39:21.617] [Render thread/DEBUG] [net.minecraftforge.registries.GameData/REGISTRIES]: Applying holder lookups: minecraft:banner_pattern
[16Nov2025 09:39:21.617] [Render thread/DEBUG] [net.minecraftforge.registries.GameData/REGISTRIES]: Holder lookups applied: minecraft:banner_pattern
[16Nov2025 09:39:21.617] [Render thread/DEBUG] [net.minecraftforge.registries.GameData/REGISTRIES]: Applying holder lookups: minecraft:instrument
[16Nov2025 09:39:21.617] [Render thread/DEBUG] [net.minecraftforge.registries.GameData/REGISTRIES]: Holder lookups applied: minecraft:instrument
[16Nov2025 09:39:21.617] [Render thread/DEBUG] [net.minecraftforge.registries.GameData/REGISTRIES]: Applying holder lookups: minecraft:decorated_pot_patterns
[16Nov2025 09:39:21.617] [Render thread/DEBUG] [net.minecraftforge.registries.GameData/REGISTRIES]: Holder lookups applied: minecraft:decorated_pot_patterns
[16Nov2025 09:39:21.619] [Render thread/DEBUG] [net.minecraftforge.registries.GameData/REGISTRIES]: Applying holder lookups: minecraft:creative_mode_tab
[16Nov2025 09:39:21.620] [Render thread/DEBUG] [net.minecraftforge.registries.GameData/REGISTRIES]: Holder lookups applied: minecraft:creative_mode_tab
[16Nov2025 09:39:21.625] [Render thread/DEBUG] [net.minecraftforge.registries.GameData/REGISTRIES]: Applying holder lookups: forge:biome_modifier_serializers
[16Nov2025 09:39:21.625] [Render thread/DEBUG] [net.minecraftforge.registries.GameData/REGISTRIES]: Holder lookups applied: forge:biome_modifier_serializers
[16Nov2025 09:39:21.627] [Render thread/DEBUG] [net.minecraftforge.registries.GameData/REGISTRIES]: Applying holder lookups: forge:display_contexts
[16Nov2025 09:39:21.627] [Render thread/DEBUG] [net.minecraftforge.registries.GameData/REGISTRIES]: Holder lookups applied: forge:display_contexts
[16Nov2025 09:39:21.627] [Render thread/DEBUG] [net.minecraftforge.registries.GameData/REGISTRIES]: Applying holder lookups: forge:entity_data_serializers
[16Nov2025 09:39:21.628] [Render thread/DEBUG] [net.minecraftforge.registries.GameData/REGISTRIES]: Holder lookups applied: forge:entity_data_serializers
[16Nov2025 09:39:21.632] [Render thread/DEBUG] [net.minecraftforge.registries.GameData/REGISTRIES]: Applying holder lookups: forge:fluid_type
[16Nov2025 09:39:21.633] [Render thread/DEBUG] [net.minecraftforge.registries.GameData/REGISTRIES]: Holder lookups applied: forge:fluid_type
[16Nov2025 09:39:21.633] [Render thread/DEBUG] [net.minecraftforge.registries.GameData/REGISTRIES]: Applying holder lookups: forge:global_loot_modifier_serializers
[16Nov2025 09:39:21.635] [Render thread/DEBUG] [net.minecraftforge.registries.GameData/REGISTRIES]: Holder lookups applied: forge:global_loot_modifier_serializers
[16Nov2025 09:39:21.639] [Render thread/DEBUG] [net.minecraftforge.registries.GameData/REGISTRIES]: Applying holder lookups: forge:holder_set_type
[16Nov2025 09:39:21.639] [Render thread/DEBUG] [net.minecraftforge.registries.GameData/REGISTRIES]: Holder lookups applied: forge:holder_set_type
[16Nov2025 09:39:21.639] [Render thread/DEBUG] [net.minecraftforge.registries.GameData/REGISTRIES]: Applying holder lookups: forge:structure_modifier_serializers
[16Nov2025 09:39:21.639] [Render thread/DEBUG] [net.minecraftforge.registries.GameData/REGISTRIES]: Holder lookups applied: forge:structure_modifier_serializers
[16Nov2025 09:39:21.639] [Render thread/DEBUG] [net.minecraftforge.registries.GameData/REGISTRIES]: Applying holder lookups: minecraft:worldgen/biome
[16Nov2025 09:39:21.641] [Render thread/DEBUG] [net.minecraftforge.registries.GameData/REGISTRIES]: Holder lookups applied: minecraft:worldgen/biome
[16Nov2025 09:39:21.777] [Render thread/DEBUG] [net.minecraftforge.client.loading.ClientModLoader/CORE]: Generating PackInfo named mod:ars_structurize for mod file C:\Users\Sabien\MCreatorWorkspaces\ars_structerize\build\resources\main
[16Nov2025 09:39:21.778] [Render thread/DEBUG] [net.minecraftforge.client.loading.ClientModLoader/CORE]: Generating PackInfo named mod:mixinextras for mod file 
[16Nov2025 09:39:21.778] [Render thread/DEBUG] [net.minecraftforge.client.loading.ClientModLoader/CORE]: Generating PackInfo named mod:forge for mod file /
[16Nov2025 09:39:21.778] [Render thread/DEBUG] [net.minecraftforge.client.loading.ClientModLoader/CORE]: Generating PackInfo named mod:curios for mod file C:\Users\Sabien\.mcreator\gradle\caches\forge_gradle\deobf_dependencies\curse\maven\curios-309927\6058834_mapped_official_1.20.1\curios-309927-6058834_mapped_official_1.20.1.jar
[16Nov2025 09:39:21.779] [Render thread/DEBUG] [net.minecraftforge.client.loading.ClientModLoader/CORE]: Generating PackInfo named mod:patchouli for mod file C:\Users\Sabien\.mcreator\gradle\caches\forge_gradle\deobf_dependencies\curse\maven\patchouli-306770\4966125_mapped_official_1.20.1\patchouli-306770-4966125_mapped_official_1.20.1.jar
[16Nov2025 09:39:21.779] [Render thread/DEBUG] [net.minecraftforge.client.loading.ClientModLoader/CORE]: Generating PackInfo named mod:geckolib for mod file C:\Users\Sabien\.mcreator\gradle\caches\forge_gradle\deobf_dependencies\curse\maven\geckolib-388172\6027567_mapped_official_1.20.1\geckolib-388172-6027567_mapped_official_1.20.1.jar
[16Nov2025 09:39:21.779] [Render thread/DEBUG] [net.minecraftforge.client.loading.ClientModLoader/CORE]: Generating PackInfo named mod:ars_nouveau for mod file C:\Users\Sabien\.mcreator\gradle\caches\forge_gradle\deobf_dependencies\curse\maven\ars-nouveau-401955\5894609_mapped_official_1.20.1\ars-nouveau-401955-5894609_mapped_official_1.20.1.jar
[16Nov2025 09:39:21.789] [Render thread/DEBUG] [mixin/]: Mixing client.TextureManagerMixin from geckolib.mixins.json into net.minecraft.client.renderer.texture.TextureManager
[16Nov2025 09:39:21.970] [Render thread/DEBUG] [mixin/]: Mixing client.AccessorMultiBufferSource from patchouli_xplat.mixins.json into net.minecraft.client.renderer.MultiBufferSource$BufferSource
[16Nov2025 09:39:22.100] [Render thread/INFO] [net.minecraftforge.gametest.ForgeGameTestHooks/]: Enabled Gametest Namespaces: []
[16Nov2025 09:39:22.375] [Render thread/INFO] [net.minecraft.server.packs.resources.ReloadableResourceManager/]: Reloading ResourceManager: vanilla, mod_resources
[16Nov2025 09:39:22.390] [modloading-worker-0/DEBUG] [net.minecraftforge.fml.config.ConfigTracker/CONFIG]: Loading configs type CLIENT
[16Nov2025 09:39:22.391] [modloading-worker-0/DEBUG] [net.minecraftforge.fml.config.ConfigFileTypeHandler/CONFIG]: Built TOML config for C:\Users\Sabien\MCreatorWorkspaces\ars_structerize\run\config\patchouli-client.toml
[16Nov2025 09:39:22.402] [modloading-worker-0/DEBUG] [net.minecraftforge.fml.config.ConfigFileTypeHandler/CONFIG]: Loaded TOML config file C:\Users\Sabien\MCreatorWorkspaces\ars_structerize\run\config\patchouli-client.toml
[16Nov2025 09:39:22.409] [modloading-worker-0/DEBUG] [net.minecraftforge.fml.config.ConfigFileTypeHandler/CONFIG]: Watching TOML config file C:\Users\Sabien\MCreatorWorkspaces\ars_structerize\run\config\patchouli-client.toml for changes
[16Nov2025 09:39:22.419] [modloading-worker-0/DEBUG] [net.minecraftforge.fml.config.ConfigFileTypeHandler/CONFIG]: Built TOML config for C:\Users\Sabien\MCreatorWorkspaces\ars_structerize\run\config\curios-client.toml
[16Nov2025 09:39:22.430] [modloading-worker-0/DEBUG] [net.minecraftforge.fml.config.ConfigFileTypeHandler/CONFIG]: Loaded TOML config file C:\Users\Sabien\MCreatorWorkspaces\ars_structerize\run\config\curios-client.toml
[16Nov2025 09:39:22.430] [modloading-worker-0/DEBUG] [net.minecraftforge.fml.config.ConfigFileTypeHandler/CONFIG]: Watching TOML config file C:\Users\Sabien\MCreatorWorkspaces\ars_structerize\run\config\curios-client.toml for changes
[16Nov2025 09:39:22.431] [modloading-worker-0/DEBUG] [net.minecraftforge.fml.config.ConfigFileTypeHandler/CONFIG]: Built TOML config for C:\Users\Sabien\MCreatorWorkspaces\ars_structerize\run\config\forge-client.toml
[16Nov2025 09:39:22.447] [modloading-worker-0/DEBUG] [net.minecraftforge.fml.config.ConfigFileTypeHandler/CONFIG]: Loaded TOML config file C:\Users\Sabien\MCreatorWorkspaces\ars_structerize\run\config\forge-client.toml
[16Nov2025 09:39:22.448] [modloading-worker-0/DEBUG] [net.minecraftforge.fml.config.ConfigFileTypeHandler/CONFIG]: Watching TOML config file C:\Users\Sabien\MCreatorWorkspaces\ars_structerize\run\config\forge-client.toml for changes
[16Nov2025 09:39:22.449] [modloading-worker-0/DEBUG] [net.minecraftforge.common.ForgeConfig/FORGEMOD]: Loaded forge config file forge-client.toml
[16Nov2025 09:39:22.450] [modloading-worker-0/DEBUG] [net.minecraftforge.fml.config.ConfigFileTypeHandler/CONFIG]: Built TOML config for C:\Users\Sabien\MCreatorWorkspaces\ars_structerize\run\config\ars_nouveau-client.toml
[16Nov2025 09:39:22.450] [Thread-4/DEBUG] [net.minecraftforge.fml.config.ConfigFileTypeHandler/CONFIG]: Config file forge-client.toml changed, sending notifies
[16Nov2025 09:39:22.451] [Thread-4/DEBUG] [net.minecraftforge.common.ForgeConfig/FORGEMOD]: Forge config just got changed on the file system!
[16Nov2025 09:39:22.463] [modloading-worker-0/DEBUG] [net.minecraftforge.fml.config.ConfigFileTypeHandler/CONFIG]: Loaded TOML config file C:\Users\Sabien\MCreatorWorkspaces\ars_structerize\run\config\ars_nouveau-client.toml
[16Nov2025 09:39:22.468] [modloading-worker-0/DEBUG] [net.minecraftforge.fml.config.ConfigFileTypeHandler/CONFIG]: Watching TOML config file C:\Users\Sabien\MCreatorWorkspaces\ars_structerize\run\config\ars_nouveau-client.toml for changes
[16Nov2025 09:39:22.471] [modloading-worker-0/DEBUG] [net.minecraftforge.fml.config.ConfigTracker/CONFIG]: Loading configs type COMMON
[16Nov2025 09:39:22.471] [modloading-worker-0/DEBUG] [net.minecraftforge.fml.config.ConfigFileTypeHandler/CONFIG]: Built TOML config for C:\Users\Sabien\MCreatorWorkspaces\ars_structerize\run\config\curios-common.toml
[16Nov2025 09:39:22.492] [modloading-worker-0/DEBUG] [net.minecraftforge.fml.config.ConfigFileTypeHandler/CONFIG]: Loaded TOML config file C:\Users\Sabien\MCreatorWorkspaces\ars_structerize\run\config\curios-common.toml
[16Nov2025 09:39:22.497] [modloading-worker-0/DEBUG] [net.minecraftforge.fml.config.ConfigFileTypeHandler/CONFIG]: Watching TOML config file C:\Users\Sabien\MCreatorWorkspaces\ars_structerize\run\config\curios-common.toml for changes
[16Nov2025 09:39:22.498] [modloading-worker-0/DEBUG] [net.minecraftforge.fml.config.ConfigFileTypeHandler/CONFIG]: Built TOML config for C:\Users\Sabien\MCreatorWorkspaces\ars_structerize\run\config\ars_nouveau-common.toml
[16Nov2025 09:39:22.515] [modloading-worker-0/DEBUG] [net.minecraftforge.fml.config.ConfigFileTypeHandler/CONFIG]: Loaded TOML config file C:\Users\Sabien\MCreatorWorkspaces\ars_structerize\run\config\ars_nouveau-common.toml
[16Nov2025 09:39:22.516] [modloading-worker-0/DEBUG] [net.minecraftforge.fml.config.ConfigFileTypeHandler/CONFIG]: Watching TOML config file C:\Users\Sabien\MCreatorWorkspaces\ars_structerize\run\config\ars_nouveau-common.toml for changes
[16Nov2025 09:39:22.522] [Thread-4/DEBUG] [net.minecraftforge.fml.config.ConfigFileTypeHandler/CONFIG]: Config file ars_nouveau-common.toml changed, sending notifies
[16Nov2025 09:39:22.570] [Worker-Main-8/DEBUG] [mixin/]: Mixing MixinSlotAttribute from curios.mixins.json into top.theillusivec4.curios.api.SlotAttribute
[16Nov2025 09:39:22.594] [Worker-Main-8/DEBUG] [mixin/]: Mixing MixinCuriosApi from curios.mixins.json into top.theillusivec4.curios.api.CuriosApi
[16Nov2025 09:39:22.597] [Worker-Main-8/DEBUG] [net.minecraftforge.coremod.transformer.CoreModBaseTransformer/COREMOD]: Transforming net/minecraft/world/entity/EntityType
[16Nov2025 09:39:22.627] [Forge Version Check/INFO] [net.minecraftforge.fml.VersionChecker/]: [forge] Starting version check at https://files.minecraftforge.net/net/minecraftforge/forge/promotions_slim.json
[16Nov2025 09:39:22.724] [Worker-Main-9/INFO] [net.minecraft.client.gui.font.providers.UnihexProvider/]: Found unifont_all_no_pua-15.0.06.hex, loading
[16Nov2025 09:39:22.742] [Worker-Main-8/DEBUG] [mixin/]: Mixing camera.PlayerListMixin from ars_nouveau.mixins.json into net.minecraft.server.players.PlayerList
[16Nov2025 09:39:22.834] [Worker-Main-8/DEBUG] [patchouli/]: Instantiating xplat impl: vazkii.patchouli.forge.xplat.ForgeXplatImpl
[16Nov2025 09:39:22.999] [Render thread/DEBUG] [net.minecraftforge.fml.DeferredWorkQueue/LOADING]: Dispatching synchronous work for work queue COMMON_SETUP: 3 jobs
[16Nov2025 09:39:23.028] [Forge Version Check/DEBUG] [net.minecraftforge.fml.VersionChecker/]: [forge] Received version check data:
{
  "homepage": "https://files.minecraftforge.net/net/minecraftforge/forge/",
  "promos": {
    "1.1-latest": "1.3.4.29",
    "1.2.3-latest": "1.4.1.64",
    "1.2.4-latest": "2.0.0.68",
    "1.2.5-latest": "3.4.9.171",
    "1.3.2-latest": "4.3.5.318",
    "1.4.0-latest": "5.0.0.326",
    "1.4.1-latest": "6.0.0.329",
    "1.4.2-latest": "6.0.1.355",
    "1.4.3-latest": "6.2.1.358",
    "1.4.4-latest": "6.3.0.378",
    "1.4.5-latest": "6.4.2.448",
    "1.4.6-latest": "6.5.0.489",
    "1.4.7-latest": "6.6.2.534",
    "1.5-latest": "7.7.0.598",
    "1.5.1-latest": "7.7.2.682",
    "1.5.2-latest": "7.8.1.738",
    "1.5.2-recommended": "7.8.1.738",
    "1.6.1-latest": "8.9.0.775",
    "1.6.2-latest": "9.10.1.871",
    "1.6.2-recommended": "9.10.1.871",
    "1.6.3-latest": "9.11.0.878",
    "1.6.4-latest": "9.11.1.1345",
    "1.6.4-recommended": "9.11.1.1345",
    "1.7.2-latest": "10.12.2.1161",
    "1.7.2-recommended": "10.12.2.1161",
    "1.7.10_pre4-latest": "10.12.2.1149",
    "1.7.10-latest": "10.13.4.1614",
    "1.7.10-recommended": "10.13.4.1614",
    "1.8-latest": "11.14.4.1577",
    "1.8-recommended": "11.14.4.1563",
    "1.8.8-latest": "11.15.0.1655",
    "1.8.9-latest": "11.15.1.2318",
    "1.8.9-recommended": "11.15.1.2318",
    "1.9-latest": "12.16.1.1938",
    "1.9-recommended": "12.16.1.1887",
    "1.9.4-latest": "12.17.0.2317",
    "1.9.4-recommended": "12.17.0.2317",
    "1.10-latest": "12.18.0.2000",
    "1.10.2-latest": "12.18.3.2511",
    "1.10.2-recommended": "12.18.3.2511",
    "1.11-latest": "13.19.1.2199",
    "1.11-recommended": "13.19.1.2189",
    "1.11.2-latest": "13.20.1.2588",
    "1.11.2-recommended": "13.20.1.2588",
    "1.12-latest": "14.21.1.2443",
    "1.12-recommended": "14.21.1.2387",
    "1.12.1-latest": "14.22.1.2485",
    "1.12.1-recommended": "14.22.1.2478",
    "1.12.2-latest": "14.23.5.2860",
    "1.12.2-recommended": "14.23.5.2859",
    "1.13.2-latest": "25.0.223",
    "1.14.2-latest": "26.0.63",
    "1.14.3-latest": "27.0.60",
    "1.14.4-latest": "28.2.26",
    "1.14.4-recommended": "28.2.26",
    "1.15-latest": "29.0.4",
    "1.15.1-latest": "30.0.51",
    "1.15.2-latest": "31.2.60",
    "1.15.2-recommended": "31.2.57",
    "1.16.1-latest": "32.0.108",
    "1.16.2-latest": "33.0.61",
    "1.16.3-latest": "34.1.42",
    "1.16.3-recommended": "34.1.0",
    "1.16.4-latest": "35.1.37",
    "1.16.4-recommended": "35.1.4",
    "1.16.5-latest": "36.2.42",
    "1.16.5-recommended": "36.2.34",
    "1.17.1-latest": "37.1.1",
    "1.17.1-recommended": "37.1.1",
    "1.18-latest": "38.0.17",
    "1.18.1-latest": "39.1.2",
    "1.18.1-recommended": "39.1.0",
    "1.18.2-recommended": "40.3.0",
    "1.18.2-latest": "40.3.11",
    "1.19-latest": "41.1.0",
    "1.19-recommended": "41.1.0",
    "1.19.1-latest": "42.0.9",
    "1.19.2-recommended": "43.5.0",
    "1.19.2-latest": "43.5.1",
    "1.19.3-latest": "44.1.23",
    "1.19.3-recommended": "44.1.0",
    "1.19.4-recommended": "45.4.0",
    "1.19.4-latest": "45.4.2",
    "1.20-latest": "46.0.14",
    "1.20.1-recommended": "47.4.0",
    "1.20.1-latest": "47.4.10",
    "1.20.2-latest": "48.1.0",
    "1.20.2-recommended": "48.1.0",
    "1.20.3-latest": "49.0.2",
    "1.20.4-latest": "49.2.2",
    "1.20.4-recommended": "49.2.0",
    "1.20.6-latest": "50.2.2",
    "1.20.6-recommended": "50.2.0",
    "1.21-latest": "51.0.33",
    "1.21.1-latest": "52.1.6",
    "1.21.1-recommended": "52.1.0",
    "1.21.3-latest": "53.1.4",
    "1.21.3-recommended": "53.1.0",
    "1.21.4-latest": "54.1.8",
    "1.21.4-recommended": "54.1.0",
    "1.21.5-latest": "55.1.2",
    "1.21.5-recommended": "55.1.0",
    "1.21.6-latest": "56.0.9",
    "1.21.7-latest": "57.0.3",
    "1.21.8-latest": "58.1.8",
    "1.21.8-recommended": "58.1.0",
    "1.21.9-latest": "59.0.5",
    "1.21.10-latest": "60.0.20"
  }
}
[16Nov2025 09:39:23.029] [Forge Version Check/INFO] [net.minecraftforge.fml.VersionChecker/]: [forge] Found status: OUTDATED Current: 47.2.0 Target: 47.4.0
[16Nov2025 09:39:23.030] [Render thread/DEBUG] [net.minecraftforge.fml.DeferredWorkQueue/LOADING]: Synchronous work queue completed in 28.89 ms
[16Nov2025 09:39:23.116] [Render thread/DEBUG] [net.minecraftforge.fml.DeferredWorkQueue/LOADING]: Dispatching synchronous work for work queue SIDED_SETUP: 2 jobs
[16Nov2025 09:39:23.134] [Render thread/DEBUG] [net.minecraftforge.fml.DeferredWorkQueue/LOADING]: Synchronous work queue completed in 17.66 ms
[16Nov2025 09:39:23.506] [Worker-Main-6/WARN] [net.minecraft.client.resources.model.ModelBakery/]: Exception loading blockstate definition: 'ars_nouveau:blockstates/magelight_torch.json' missing model for variant: 'ars_nouveau:magelight_torch#facing=east,floor=true,level=1,roof=true'
[16Nov2025 09:39:23.506] [Worker-Main-6/WARN] [net.minecraft.client.resources.model.ModelBakery/]: Exception loading blockstate definition: 'ars_nouveau:blockstates/magelight_torch.json' missing model for variant: 'ars_nouveau:magelight_torch#facing=east,floor=true,level=0,roof=true'
[16Nov2025 09:39:23.506] [Worker-Main-6/WARN] [net.minecraft.client.resources.model.ModelBakery/]: Exception loading blockstate definition: 'ars_nouveau:blockstates/magelight_torch.json' missing model for variant: 'ars_nouveau:magelight_torch#facing=east,floor=true,level=3,roof=true'
[16Nov2025 09:39:23.506] [Worker-Main-6/WARN] [net.minecraft.client.resources.model.ModelBakery/]: Exception loading blockstate definition: 'ars_nouveau:blockstates/magelight_torch.json' missing model for variant: 'ars_nouveau:magelight_torch#facing=north,floor=true,level=10,roof=true'
[16Nov2025 09:39:23.506] [Worker-Main-6/WARN] [net.minecraft.client.resources.model.ModelBakery/]: Exception loading blockstate definition: 'ars_nouveau:blockstates/magelight_torch.json' missing model for variant: 'ars_nouveau:magelight_torch#facing=north,floor=true,level=11,roof=true'
[16Nov2025 09:39:23.507] [Worker-Main-6/WARN] [net.minecraft.client.resources.model.ModelBakery/]: Exception loading blockstate definition: 'ars_nouveau:blockstates/magelight_torch.json' missing model for variant: 'ars_nouveau:magelight_torch#facing=north,floor=true,level=9,roof=true'
[16Nov2025 09:39:23.507] [Worker-Main-6/WARN] [net.minecraft.client.resources.model.ModelBakery/]: Exception loading blockstate definition: 'ars_nouveau:blockstates/magelight_torch.json' missing model for variant: 'ars_nouveau:magelight_torch#facing=east,floor=true,level=2,roof=true'
[16Nov2025 09:39:23.507] [Worker-Main-6/WARN] [net.minecraft.client.resources.model.ModelBakery/]: Exception loading blockstate definition: 'ars_nouveau:blockstates/magelight_torch.json' missing model for variant: 'ars_nouveau:magelight_torch#facing=east,floor=true,level=7,roof=true'
[16Nov2025 09:39:23.507] [Worker-Main-6/WARN] [net.minecraft.client.resources.model.ModelBakery/]: Exception loading blockstate definition: 'ars_nouveau:blockstates/magelight_torch.json' missing model for variant: 'ars_nouveau:magelight_torch#facing=north,floor=true,level=4,roof=true'
[16Nov2025 09:39:23.507] [Worker-Main-6/WARN] [net.minecraft.client.resources.model.ModelBakery/]: Exception loading blockstate definition: 'ars_nouveau:blockstates/magelight_torch.json' missing model for variant: 'ars_nouveau:magelight_torch#facing=east,floor=true,level=8,roof=true'
[16Nov2025 09:39:23.507] [Worker-Main-6/WARN] [net.minecraft.client.resources.model.ModelBakery/]: Exception loading blockstate definition: 'ars_nouveau:blockstates/magelight_torch.json' missing model for variant: 'ars_nouveau:magelight_torch#facing=north,floor=true,level=14,roof=true'
[16Nov2025 09:39:23.507] [Worker-Main-6/WARN] [net.minecraft.client.resources.model.ModelBakery/]: Exception loading blockstate definition: 'ars_nouveau:blockstates/magelight_torch.json' missing model for variant: 'ars_nouveau:magelight_torch#facing=east,floor=true,level=12,roof=true'
[16Nov2025 09:39:23.507] [Worker-Main-6/WARN] [net.minecraft.client.resources.model.ModelBakery/]: Exception loading blockstate definition: 'ars_nouveau:blockstates/magelight_torch.json' missing model for variant: 'ars_nouveau:magelight_torch#facing=east,floor=true,level=13,roof=true'
[16Nov2025 09:39:23.507] [Worker-Main-6/WARN] [net.minecraft.client.resources.model.ModelBakery/]: Exception loading blockstate definition: 'ars_nouveau:blockstates/magelight_torch.json' missing model for variant: 'ars_nouveau:magelight_torch#facing=north,floor=true,level=13,roof=true'
[16Nov2025 09:39:23.507] [Worker-Main-6/WARN] [net.minecraft.client.resources.model.ModelBakery/]: Exception loading blockstate definition: 'ars_nouveau:blockstates/magelight_torch.json' missing model for variant: 'ars_nouveau:magelight_torch#facing=north,floor=true,level=3,roof=true'
[16Nov2025 09:39:23.507] [Worker-Main-6/WARN] [net.minecraft.client.resources.model.ModelBakery/]: Exception loading blockstate definition: 'ars_nouveau:blockstates/magelight_torch.json' missing model for variant: 'ars_nouveau:magelight_torch#facing=east,floor=true,level=14,roof=true'
[16Nov2025 09:39:23.507] [Worker-Main-6/WARN] [net.minecraft.client.resources.model.ModelBakery/]: Exception loading blockstate definition: 'ars_nouveau:blockstates/magelight_torch.json' missing model for variant: 'ars_nouveau:magelight_torch#facing=east,floor=true,level=11,roof=true'
[16Nov2025 09:39:23.507] [Worker-Main-6/WARN] [net.minecraft.client.resources.model.ModelBakery/]: Exception loading blockstate definition: 'ars_nouveau:blockstates/magelight_torch.json' missing model for variant: 'ars_nouveau:magelight_torch#facing=north,floor=true,level=2,roof=true'
[16Nov2025 09:39:23.507] [Worker-Main-6/WARN] [net.minecraft.client.resources.model.ModelBakery/]: Exception loading blockstate definition: 'ars_nouveau:blockstates/magelight_torch.json' missing model for variant: 'ars_nouveau:magelight_torch#facing=north,floor=true,level=5,roof=true'
[16Nov2025 09:39:23.507] [Worker-Main-6/WARN] [net.minecraft.client.resources.model.ModelBakery/]: Exception loading blockstate definition: 'ars_nouveau:blockstates/magelight_torch.json' missing model for variant: 'ars_nouveau:magelight_torch#facing=east,floor=true,level=15,roof=true'
[16Nov2025 09:39:23.507] [Worker-Main-6/WARN] [net.minecraft.client.resources.model.ModelBakery/]: Exception loading blockstate definition: 'ars_nouveau:blockstates/magelight_torch.json' missing model for variant: 'ars_nouveau:magelight_torch#facing=east,floor=true,level=9,roof=true'
[16Nov2025 09:39:23.507] [Worker-Main-6/WARN] [net.minecraft.client.resources.model.ModelBakery/]: Exception loading blockstate definition: 'ars_nouveau:blockstates/magelight_torch.json' missing model for variant: 'ars_nouveau:magelight_torch#facing=north,floor=true,level=15,roof=true'
[16Nov2025 09:39:23.507] [Worker-Main-6/WARN] [net.minecraft.client.resources.model.ModelBakery/]: Exception loading blockstate definition: 'ars_nouveau:blockstates/magelight_torch.json' missing model for variant: 'ars_nouveau:magelight_torch#facing=east,floor=true,level=6,roof=true'
[16Nov2025 09:39:23.507] [Worker-Main-6/WARN] [net.minecraft.client.resources.model.ModelBakery/]: Exception loading blockstate definition: 'ars_nouveau:blockstates/magelight_torch.json' missing model for variant: 'ars_nouveau:magelight_torch#facing=north,floor=true,level=12,roof=true'
[16Nov2025 09:39:23.507] [Worker-Main-6/WARN] [net.minecraft.client.resources.model.ModelBakery/]: Exception loading blockstate definition: 'ars_nouveau:blockstates/magelight_torch.json' missing model for variant: 'ars_nouveau:magelight_torch#facing=north,floor=true,level=8,roof=true'
[16Nov2025 09:39:23.507] [Worker-Main-6/WARN] [net.minecraft.client.resources.model.ModelBakery/]: Exception loading blockstate definition: 'ars_nouveau:blockstates/magelight_torch.json' missing model for variant: 'ars_nouveau:magelight_torch#facing=north,floor=true,level=0,roof=true'
[16Nov2025 09:39:23.507] [Worker-Main-6/WARN] [net.minecraft.client.resources.model.ModelBakery/]: Exception loading blockstate definition: 'ars_nouveau:blockstates/magelight_torch.json' missing model for variant: 'ars_nouveau:magelight_torch#facing=north,floor=true,level=7,roof=true'
[16Nov2025 09:39:23.507] [Worker-Main-6/WARN] [net.minecraft.client.resources.model.ModelBakery/]: Exception loading blockstate definition: 'ars_nouveau:blockstates/magelight_torch.json' missing model for variant: 'ars_nouveau:magelight_torch#facing=east,floor=true,level=4,roof=true'
[16Nov2025 09:39:23.507] [Worker-Main-6/WARN] [net.minecraft.client.resources.model.ModelBakery/]: Exception loading blockstate definition: 'ars_nouveau:blockstates/magelight_torch.json' missing model for variant: 'ars_nouveau:magelight_torch#facing=east,floor=true,level=5,roof=true'
[16Nov2025 09:39:23.507] [Worker-Main-6/WARN] [net.minecraft.client.resources.model.ModelBakery/]: Exception loading blockstate definition: 'ars_nouveau:blockstates/magelight_torch.json' missing model for variant: 'ars_nouveau:magelight_torch#facing=north,floor=true,level=6,roof=true'
[16Nov2025 09:39:23.507] [Worker-Main-6/WARN] [net.minecraft.client.resources.model.ModelBakery/]: Exception loading blockstate definition: 'ars_nouveau:blockstates/magelight_torch.json' missing model for variant: 'ars_nouveau:magelight_torch#facing=east,floor=true,level=10,roof=true'
[16Nov2025 09:39:23.507] [Worker-Main-6/WARN] [net.minecraft.client.resources.model.ModelBakery/]: Exception loading blockstate definition: 'ars_nouveau:blockstates/magelight_torch.json' missing model for variant: 'ars_nouveau:magelight_torch#facing=north,floor=true,level=1,roof=true'
[16Nov2025 09:39:24.009] [Worker-Main-6/WARN] [net.minecraft.client.resources.model.ModelManager/]: Missing textures in model ars_nouveau:redstone_relay#facing=east,power=8:
    minecraft:textures/atlas/blocks.png:ars_nouveau:blocks/agronomic_sourcelink
[16Nov2025 09:39:24.151] [Render thread/DEBUG] [net.minecraftforge.fml.DeferredWorkQueue/LOADING]: Dispatching synchronous work for work queue COMPLETE: 1 jobs
[16Nov2025 09:39:24.152] [Render thread/DEBUG] [net.minecraftforge.fml.DeferredWorkQueue/LOADING]: Synchronous work queue completed in 943.8 μs
[16Nov2025 09:39:24.156] [modloading-worker-0/DEBUG] [net.minecraftforge.registries.GameData/REGISTRIES]: Freezing registries
[16Nov2025 09:39:24.157] [modloading-worker-0/DEBUG] [net.minecraftforge.registries.ForgeRegistry/REGISTRIES]: Registry minecraft:block Sync: FROZEN -> ACTIVE
[16Nov2025 09:39:24.162] [modloading-worker-0/DEBUG] [net.minecraftforge.registries.ForgeRegistry/REGISTRIES]: Registry minecraft:fluid Sync: FROZEN -> ACTIVE
[16Nov2025 09:39:24.162] [modloading-worker-0/DEBUG] [net.minecraftforge.registries.ForgeRegistry/REGISTRIES]: Registry minecraft:item Sync: FROZEN -> ACTIVE
[16Nov2025 09:39:24.169] [modloading-worker-0/DEBUG] [net.minecraftforge.registries.ForgeRegistry/REGISTRIES]: Registry minecraft:mob_effect Sync: FROZEN -> ACTIVE
[16Nov2025 09:39:24.170] [modloading-worker-0/DEBUG] [net.minecraftforge.registries.ForgeRegistry/REGISTRIES]: Registry minecraft:sound_event Sync: FROZEN -> ACTIVE
[16Nov2025 09:39:24.175] [modloading-worker-0/DEBUG] [net.minecraftforge.registries.ForgeRegistry/REGISTRIES]: Registry minecraft:potion Sync: FROZEN -> ACTIVE
[16Nov2025 09:39:24.175] [modloading-worker-0/DEBUG] [net.minecraftforge.registries.ForgeRegistry/REGISTRIES]: Registry minecraft:enchantment Sync: FROZEN -> ACTIVE
[16Nov2025 09:39:24.176] [modloading-worker-0/DEBUG] [net.minecraftforge.registries.ForgeRegistry/REGISTRIES]: Registry minecraft:entity_type Sync: FROZEN -> ACTIVE
[16Nov2025 09:39:24.176] [modloading-worker-0/DEBUG] [net.minecraftforge.registries.ForgeRegistry/REGISTRIES]: Registry minecraft:block_entity_type Sync: FROZEN -> ACTIVE
[16Nov2025 09:39:24.177] [modloading-worker-0/DEBUG] [net.minecraftforge.registries.ForgeRegistry/REGISTRIES]: Registry minecraft:particle_type Sync: FROZEN -> ACTIVE
[16Nov2025 09:39:24.177] [modloading-worker-0/DEBUG] [net.minecraftforge.registries.ForgeRegistry/REGISTRIES]: Registry minecraft:menu Sync: FROZEN -> ACTIVE
[16Nov2025 09:39:24.177] [modloading-worker-0/DEBUG] [net.minecraftforge.registries.ForgeRegistry/REGISTRIES]: Registry minecraft:painting_variant Sync: FROZEN -> ACTIVE
[16Nov2025 09:39:24.177] [modloading-worker-0/DEBUG] [net.minecraftforge.registries.ForgeRegistry/REGISTRIES]: Registry minecraft:recipe_type Sync: FROZEN -> ACTIVE
[16Nov2025 09:39:24.177] [modloading-worker-0/DEBUG] [net.minecraftforge.registries.ForgeRegistry/REGISTRIES]: Registry minecraft:recipe_serializer Sync: FROZEN -> ACTIVE
[16Nov2025 09:39:24.177] [modloading-worker-0/DEBUG] [net.minecraftforge.registries.ForgeRegistry/REGISTRIES]: Registry minecraft:attribute Sync: FROZEN -> ACTIVE
[16Nov2025 09:39:24.177] [modloading-worker-0/DEBUG] [net.minecraftforge.registries.ForgeRegistry/REGISTRIES]: Registry minecraft:stat_type Sync: FROZEN -> ACTIVE
[16Nov2025 09:39:24.177] [modloading-worker-0/DEBUG] [net.minecraftforge.registries.ForgeRegistry/REGISTRIES]: Registry minecraft:command_argument_type Sync: FROZEN -> ACTIVE
[16Nov2025 09:39:24.178] [modloading-worker-0/DEBUG] [net.minecraftforge.registries.ForgeRegistry/REGISTRIES]: Registry minecraft:villager_profession Sync: FROZEN -> ACTIVE
[16Nov2025 09:39:24.178] [modloading-worker-0/DEBUG] [net.minecraftforge.registries.ForgeRegistry/REGISTRIES]: Registry minecraft:point_of_interest_type Sync: FROZEN -> ACTIVE
[16Nov2025 09:39:24.179] [modloading-worker-0/DEBUG] [net.minecraftforge.registries.ForgeRegistry/REGISTRIES]: Registry minecraft:memory_module_type Sync: FROZEN -> ACTIVE
[16Nov2025 09:39:24.179] [modloading-worker-0/DEBUG] [net.minecraftforge.registries.ForgeRegistry/REGISTRIES]: Registry minecraft:sensor_type Sync: FROZEN -> ACTIVE
[16Nov2025 09:39:24.179] [modloading-worker-0/DEBUG] [net.minecraftforge.registries.ForgeRegistry/REGISTRIES]: Registry minecraft:schedule Sync: FROZEN -> ACTIVE
[16Nov2025 09:39:24.179] [modloading-worker-0/DEBUG] [net.minecraftforge.registries.ForgeRegistry/REGISTRIES]: Registry minecraft:activity Sync: FROZEN -> ACTIVE
[16Nov2025 09:39:24.180] [modloading-worker-0/DEBUG] [net.minecraftforge.registries.ForgeRegistry/REGISTRIES]: Registry minecraft:worldgen/carver Sync: FROZEN -> ACTIVE
[16Nov2025 09:39:24.180] [modloading-worker-0/DEBUG] [net.minecraftforge.registries.ForgeRegistry/REGISTRIES]: Registry minecraft:worldgen/feature Sync: FROZEN -> ACTIVE
[16Nov2025 09:39:24.180] [modloading-worker-0/DEBUG] [net.minecraftforge.registries.ForgeRegistry/REGISTRIES]: Registry minecraft:chunk_status Sync: FROZEN -> ACTIVE
[16Nov2025 09:39:24.180] [modloading-worker-0/DEBUG] [net.minecraftforge.registries.ForgeRegistry/REGISTRIES]: Registry minecraft:worldgen/block_state_provider_type Sync: FROZEN -> ACTIVE
[16Nov2025 09:39:24.180] [modloading-worker-0/DEBUG] [net.minecraftforge.registries.ForgeRegistry/REGISTRIES]: Registry minecraft:worldgen/foliage_placer_type Sync: FROZEN -> ACTIVE
[16Nov2025 09:39:24.180] [modloading-worker-0/DEBUG] [net.minecraftforge.registries.ForgeRegistry/REGISTRIES]: Registry minecraft:worldgen/tree_decorator_type Sync: FROZEN -> ACTIVE
[16Nov2025 09:39:24.180] [modloading-worker-0/DEBUG] [net.minecraftforge.registries.ForgeRegistry/REGISTRIES]: Registry minecraft:worldgen/biome Sync: FROZEN -> ACTIVE
[16Nov2025 09:39:24.180] [modloading-worker-0/DEBUG] [net.minecraftforge.registries.ForgeRegistry/REGISTRIES]: Registry forge:entity_data_serializers Sync: FROZEN -> ACTIVE
[16Nov2025 09:39:24.180] [modloading-worker-0/DEBUG] [net.minecraftforge.registries.ForgeRegistry/REGISTRIES]: Registry forge:global_loot_modifier_serializers Sync: FROZEN -> ACTIVE
[16Nov2025 09:39:24.180] [modloading-worker-0/DEBUG] [net.minecraftforge.registries.ForgeRegistry/REGISTRIES]: Registry forge:biome_modifier_serializers Sync: FROZEN -> ACTIVE
[16Nov2025 09:39:24.181] [modloading-worker-0/DEBUG] [net.minecraftforge.registries.ForgeRegistry/REGISTRIES]: Registry forge:fluid_type Sync: FROZEN -> ACTIVE
[16Nov2025 09:39:24.181] [modloading-worker-0/DEBUG] [net.minecraftforge.registries.ForgeRegistry/REGISTRIES]: Registry forge:structure_modifier_serializers Sync: FROZEN -> ACTIVE
[16Nov2025 09:39:24.181] [modloading-worker-0/DEBUG] [net.minecraftforge.registries.ForgeRegistry/REGISTRIES]: Registry forge:holder_set_type Sync: FROZEN -> ACTIVE
[16Nov2025 09:39:24.181] [modloading-worker-0/DEBUG] [net.minecraftforge.registries.ForgeRegistry/REGISTRIES]: Registry forge:display_contexts Sync: FROZEN -> ACTIVE
[16Nov2025 09:39:25.026] [modloading-worker-0/DEBUG] [net.minecraftforge.registries.GameData/REGISTRIES]: All registries frozen
[16Nov2025 09:39:25.072] [Render thread/DEBUG] [net.minecraftforge.common.ForgeI18n/CORE]: Loading I18N data entries: 8131
[16Nov2025 09:39:25.094] [Render thread/WARN] [net.minecraft.client.sounds.SoundEngine/]: Missing sound for event: minecraft:item.goat_horn.play
[16Nov2025 09:39:25.095] [Render thread/WARN] [net.minecraft.client.sounds.SoundEngine/]: Missing sound for event: minecraft:entity.goat.screaming.horn_break
[16Nov2025 09:39:25.148] [Render thread/INFO] [com.mojang.blaze3d.audio.Library/]: OpenAL initialized on device OpenAL Soft on 27G2G3 (NVIDIA High Definition Audio)
[16Nov2025 09:39:25.149] [Render thread/INFO] [net.minecraft.client.sounds.SoundEngine/SOUNDS]: Sound engine started
[16Nov2025 09:39:25.286] [Render thread/INFO] [net.minecraft.client.renderer.texture.TextureAtlas/]: Created: 2048x1024x2 minecraft:textures/atlas/blocks.png-atlas
[16Nov2025 09:39:25.299] [Render thread/INFO] [net.minecraft.client.renderer.texture.TextureAtlas/]: Created: 256x256x2 minecraft:textures/atlas/signs.png-atlas
[16Nov2025 09:39:25.304] [Render thread/INFO] [net.minecraft.client.renderer.texture.TextureAtlas/]: Created: 512x512x2 minecraft:textures/atlas/banner_patterns.png-atlas
[16Nov2025 09:39:25.305] [Render thread/INFO] [net.minecraft.client.renderer.texture.TextureAtlas/]: Created: 512x512x2 minecraft:textures/atlas/shield_patterns.png-atlas
[16Nov2025 09:39:25.305] [Render thread/INFO] [net.minecraft.client.renderer.texture.TextureAtlas/]: Created: 1024x1024x2 minecraft:textures/atlas/armor_trims.png-atlas
[16Nov2025 09:39:25.307] [Render thread/INFO] [net.minecraft.client.renderer.texture.TextureAtlas/]: Created: 256x256x2 minecraft:textures/atlas/chest.png-atlas
[16Nov2025 09:39:25.310] [Render thread/INFO] [net.minecraft.client.renderer.texture.TextureAtlas/]: Created: 128x64x2 minecraft:textures/atlas/decorated_pot.png-atlas
[16Nov2025 09:39:25.311] [Render thread/INFO] [net.minecraft.client.renderer.texture.TextureAtlas/]: Created: 512x256x2 minecraft:textures/atlas/beds.png-atlas
[16Nov2025 09:39:25.311] [Render thread/INFO] [net.minecraft.client.renderer.texture.TextureAtlas/]: Created: 512x256x2 minecraft:textures/atlas/shulker_boxes.png-atlas
[16Nov2025 09:39:25.419] [Render thread/WARN] [net.minecraft.client.renderer.ShaderInstance/]: Shader rendertype_entity_translucent_emissive could not find sampler named Sampler2 in the specified shader program.
[16Nov2025 09:39:25.469] [Render thread/INFO] [net.minecraft.client.renderer.texture.TextureAtlas/]: Created: 512x256x0 minecraft:textures/atlas/particles.png-atlas
[16Nov2025 09:39:25.471] [Render thread/INFO] [net.minecraft.client.renderer.texture.TextureAtlas/]: Created: 256x256x0 minecraft:textures/atlas/paintings.png-atlas
[16Nov2025 09:39:25.471] [Render thread/INFO] [net.minecraft.client.renderer.texture.TextureAtlas/]: Created: 256x128x0 minecraft:textures/atlas/mob_effects.png-atlas
[16Nov2025 09:39:25.474] [Render thread/INFO] [patchouli/]: BookContentResourceListenerLoader preloaded 281 jsons
[16Nov2025 09:39:25.474] [Render thread/DEBUG] [patchouli/]: Not reloading resource pack-based books as client world is missing
[16Nov2025 09:39:25.899] [Realms Notification Availability checker #1/INFO] [com.mojang.realmsclient.client.RealmsClient/]: Could not authorize you against Realms server: java.lang.RuntimeException: Failed to parse into SignedJWT: 0
[16Nov2025 09:39:49.594] [Render thread/INFO] [net.minecraftforge.registries.GameData/REGISTRIES]: Injecting existing registry data into this CLIENT instance
[16Nov2025 09:39:49.603] [Render thread/DEBUG] [net.minecraftforge.registries.ForgeRegistry/REGISTRIES]: Registry minecraft:block: Fixed minecraft:block id mismatch ars_nouveau:agronomic_sourcelink: 1079 (init) -> 1077 (map).
[16Nov2025 09:39:49.605] [Render thread/DEBUG] [net.minecraftforge.registries.ForgeRegistry/REGISTRIES]: Registry minecraft:block: Fixed minecraft:block id mismatch ars_nouveau:alchemical_sourcelink: 1138 (init) -> 1136 (map).
[16Nov2025 09:39:49.605] [Render thread/DEBUG] [net.minecraftforge.registries.ForgeRegistry/REGISTRIES]: Registry minecraft:block: Fixed minecraft:block id mismatch ars_nouveau:alteration_table: 1162 (init) -> 1160 (map).
[16Nov2025 09:39:49.605] [Render thread/DEBUG] [net.minecraftforge.registries.ForgeRegistry/REGISTRIES]: Registry minecraft:block: Fixed minecraft:block id mismatch ars_nouveau:arcane_core: 1089 (init) -> 1087 (map).
[16Nov2025 09:39:49.605] [Render thread/DEBUG] [net.minecraftforge.registries.ForgeRegistry/REGISTRIES]: Registry minecraft:block: Fixed minecraft:block id mismatch ars_nouveau:arcane_pedestal: 1175 (init) -> 1173 (map).
[16Nov2025 09:39:49.605] [Render thread/DEBUG] [net.minecraftforge.registries.ForgeRegistry/REGISTRIES]: Registry minecraft:block: Fixed minecraft:block id mismatch ars_nouveau:arcane_platform: 1171 (init) -> 1169 (map).
[16Nov2025 09:39:49.605] [Render thread/DEBUG] [net.minecraftforge.registries.ForgeRegistry/REGISTRIES]: Registry minecraft:block: Fixed minecraft:block id mismatch ars_nouveau:archwood_button: 1113 (init) -> 1111 (map).
[16Nov2025 09:39:49.605] [Render thread/DEBUG] [net.minecraftforge.registries.ForgeRegistry/REGISTRIES]: Registry minecraft:block: Fixed minecraft:block id mismatch ars_nouveau:archwood_chest: 1145 (init) -> 1143 (map).
[16Nov2025 09:39:49.605] [Render thread/DEBUG] [net.minecraftforge.registries.ForgeRegistry/REGISTRIES]: Registry minecraft:block: Fixed minecraft:block id mismatch ars_nouveau:archwood_door: 1120 (init) -> 1118 (map).
[16Nov2025 09:39:49.605] [Render thread/DEBUG] [net.minecraftforge.registries.ForgeRegistry/REGISTRIES]: Registry minecraft:block: Fixed minecraft:block id mismatch ars_nouveau:archwood_fence: 1119 (init) -> 1117 (map).
[16Nov2025 09:39:49.605] [Render thread/DEBUG] [net.minecraftforge.registries.ForgeRegistry/REGISTRIES]: Registry minecraft:block: Fixed minecraft:block id mismatch ars_nouveau:archwood_fence_gate: 1116 (init) -> 1114 (map).
[16Nov2025 09:39:49.605] [Render thread/DEBUG] [net.minecraftforge.registries.ForgeRegistry/REGISTRIES]: Registry minecraft:block: Fixed minecraft:block id mismatch ars_nouveau:archwood_planks: 1112 (init) -> 1110 (map).
[16Nov2025 09:39:49.605] [Render thread/DEBUG] [net.minecraftforge.registries.ForgeRegistry/REGISTRIES]: Registry minecraft:block: Fixed minecraft:block id mismatch ars_nouveau:archwood_pressure_plate: 1118 (init) -> 1116 (map).
[16Nov2025 09:39:49.605] [Render thread/DEBUG] [net.minecraftforge.registries.ForgeRegistry/REGISTRIES]: Registry minecraft:block: Fixed minecraft:block id mismatch ars_nouveau:archwood_sconce: 1135 (init) -> 1133 (map).
[16Nov2025 09:39:49.605] [Render thread/DEBUG] [net.minecraftforge.registries.ForgeRegistry/REGISTRIES]: Registry minecraft:block: Fixed minecraft:block id mismatch ars_nouveau:archwood_slab: 1115 (init) -> 1113 (map).
[16Nov2025 09:39:49.605] [Render thread/DEBUG] [net.minecraftforge.registries.ForgeRegistry/REGISTRIES]: Registry minecraft:block: Fixed minecraft:block id mismatch ars_nouveau:archwood_stairs: 1114 (init) -> 1112 (map).
[16Nov2025 09:39:49.605] [Render thread/DEBUG] [net.minecraftforge.registries.ForgeRegistry/REGISTRIES]: Registry minecraft:block: Fixed minecraft:block id mismatch ars_nouveau:archwood_trapdoor: 1117 (init) -> 1115 (map).
[16Nov2025 09:39:49.605] [Render thread/DEBUG] [net.minecraftforge.registries.ForgeRegistry/REGISTRIES]: Registry minecraft:block: Fixed minecraft:block id mismatch ars_nouveau:basic_spell_turret: 1143 (init) -> 1141 (map).
[16Nov2025 09:39:49.605] [Render thread/DEBUG] [net.minecraftforge.registries.ForgeRegistry/REGISTRIES]: Registry minecraft:block: Fixed minecraft:block id mismatch ars_nouveau:bastion_pod: 1158 (init) -> 1156 (map).
[16Nov2025 09:39:49.605] [Render thread/DEBUG] [net.minecraftforge.registries.ForgeRegistry/REGISTRIES]: Registry minecraft:block: Fixed minecraft:block id mismatch ars_nouveau:blue_archwood_leaves: 1097 (init) -> 1095 (map).
[16Nov2025 09:39:49.605] [Render thread/DEBUG] [net.minecraftforge.registries.ForgeRegistry/REGISTRIES]: Registry minecraft:block: Fixed minecraft:block id mismatch ars_nouveau:blue_archwood_log: 1096 (init) -> 1094 (map).
[16Nov2025 09:39:49.606] [Render thread/DEBUG] [net.minecraftforge.registries.ForgeRegistry/REGISTRIES]: Registry minecraft:block: Fixed minecraft:block id mismatch ars_nouveau:blue_archwood_sapling: 1098 (init) -> 1096 (map).
[16Nov2025 09:39:49.606] [Render thread/DEBUG] [net.minecraftforge.registries.ForgeRegistry/REGISTRIES]: Registry minecraft:block: Fixed minecraft:block id mismatch ars_nouveau:blue_archwood_wood: 1099 (init) -> 1097 (map).
[16Nov2025 09:39:49.606] [Render thread/DEBUG] [net.minecraftforge.registries.ForgeRegistry/REGISTRIES]: Registry minecraft:block: Fixed minecraft:block id mismatch ars_nouveau:blue_sbed: 1150 (init) -> 1148 (map).
[16Nov2025 09:39:49.606] [Render thread/DEBUG] [net.minecraftforge.registries.ForgeRegistry/REGISTRIES]: Registry minecraft:block: Fixed minecraft:block id mismatch ars_nouveau:bombegranate_pod: 1160 (init) -> 1158 (map).
[16Nov2025 09:39:49.606] [Render thread/DEBUG] [net.minecraftforge.registries.ForgeRegistry/REGISTRIES]: Registry minecraft:block: Fixed minecraft:block id mismatch ars_nouveau:brazier_relay: 1173 (init) -> 1171 (map).
[16Nov2025 09:39:49.606] [Render thread/DEBUG] [net.minecraftforge.registries.ForgeRegistry/REGISTRIES]: Registry minecraft:block: Fixed minecraft:block id mismatch ars_nouveau:creative_source_jar: 1095 (init) -> 1093 (map).
[16Nov2025 09:39:49.606] [Render thread/DEBUG] [net.minecraftforge.registries.ForgeRegistry/REGISTRIES]: Registry minecraft:block: Fixed minecraft:block id mismatch ars_nouveau:drygmy_stone: 1137 (init) -> 1135 (map).
[16Nov2025 09:39:49.606] [Render thread/DEBUG] [net.minecraftforge.registries.ForgeRegistry/REGISTRIES]: Registry minecraft:block: Fixed minecraft:block id mismatch ars_nouveau:enchanting_apparatus: 1080 (init) -> 1078 (map).
[16Nov2025 09:39:49.606] [Render thread/DEBUG] [net.minecraftforge.registries.ForgeRegistry/REGISTRIES]: Registry minecraft:block: Fixed minecraft:block id mismatch ars_nouveau:falseweave: 1166 (init) -> 1164 (map).
[16Nov2025 09:39:49.606] [Render thread/DEBUG] [net.minecraftforge.registries.ForgeRegistry/REGISTRIES]: Registry minecraft:block: Fixed minecraft:block id mismatch ars_nouveau:frostaya_pod: 1159 (init) -> 1157 (map).
[16Nov2025 09:39:49.606] [Render thread/DEBUG] [net.minecraftforge.registries.ForgeRegistry/REGISTRIES]: Registry minecraft:block: Fixed minecraft:block id mismatch ars_nouveau:ghostweave: 1168 (init) -> 1166 (map).
[16Nov2025 09:39:49.606] [Render thread/DEBUG] [net.minecraftforge.registries.ForgeRegistry/REGISTRIES]: Registry minecraft:block: Fixed minecraft:block id mismatch ars_nouveau:gilded_sourcestone_alternating: 1019 (init) -> 1017 (map).
[16Nov2025 09:39:49.606] [Render thread/DEBUG] [net.minecraftforge.registries.ForgeRegistry/REGISTRIES]: Registry minecraft:block: Fixed minecraft:block id mismatch ars_nouveau:gilded_sourcestone_alternating_slab: 1041 (init) -> 1039 (map).
[16Nov2025 09:39:49.606] [Render thread/DEBUG] [net.minecraftforge.registries.ForgeRegistry/REGISTRIES]: Registry minecraft:block: Fixed minecraft:block id mismatch ars_nouveau:gilded_sourcestone_alternating_stairs: 1063 (init) -> 1061 (map).
[16Nov2025 09:39:49.606] [Render thread/DEBUG] [net.minecraftforge.registries.ForgeRegistry/REGISTRIES]: Registry minecraft:block: Fixed minecraft:block id mismatch ars_nouveau:gilded_sourcestone_basketweave: 1018 (init) -> 1016 (map).
[16Nov2025 09:39:49.606] [Render thread/DEBUG] [net.minecraftforge.registries.ForgeRegistry/REGISTRIES]: Registry minecraft:block: Fixed minecraft:block id mismatch ars_nouveau:gilded_sourcestone_basketweave_slab: 1040 (init) -> 1038 (map).
[16Nov2025 09:39:49.607] [Render thread/DEBUG] [net.minecraftforge.registries.ForgeRegistry/REGISTRIES]: Registry minecraft:block: Fixed minecraft:block id mismatch ars_nouveau:gilded_sourcestone_basketweave_stairs: 1062 (init) -> 1060 (map).
[16Nov2025 09:39:49.607] [Render thread/DEBUG] [net.minecraftforge.registries.ForgeRegistry/REGISTRIES]: Registry minecraft:block: Fixed minecraft:block id mismatch ars_nouveau:gilded_sourcestone_large_bricks: 1020 (init) -> 1018 (map).
[16Nov2025 09:39:49.607] [Render thread/DEBUG] [net.minecraftforge.registries.ForgeRegistry/REGISTRIES]: Registry minecraft:block: Fixed minecraft:block id mismatch ars_nouveau:gilded_sourcestone_large_bricks_slab: 1042 (init) -> 1040 (map).
[16Nov2025 09:39:49.607] [Render thread/DEBUG] [net.minecraftforge.registries.ForgeRegistry/REGISTRIES]: Registry minecraft:block: Fixed minecraft:block id mismatch ars_nouveau:gilded_sourcestone_large_bricks_stairs: 1064 (init) -> 1062 (map).
[16Nov2025 09:39:49.607] [Render thread/DEBUG] [net.minecraftforge.registries.ForgeRegistry/REGISTRIES]: Registry minecraft:block: Fixed minecraft:block id mismatch ars_nouveau:gilded_sourcestone_mosaic: 1017 (init) -> 1015 (map).
[16Nov2025 09:39:49.607] [Render thread/DEBUG] [net.minecraftforge.registries.ForgeRegistry/REGISTRIES]: Registry minecraft:block: Fixed minecraft:block id mismatch ars_nouveau:gilded_sourcestone_mosaic_slab: 1039 (init) -> 1037 (map).
[16Nov2025 09:39:49.607] [Render thread/DEBUG] [net.minecraftforge.registries.ForgeRegistry/REGISTRIES]: Registry minecraft:block: Fixed minecraft:block id mismatch ars_nouveau:gilded_sourcestone_mosaic_stairs: 1061 (init) -> 1059 (map).
[16Nov2025 09:39:49.607] [Render thread/DEBUG] [net.minecraftforge.registries.ForgeRegistry/REGISTRIES]: Registry minecraft:block: Fixed minecraft:block id mismatch ars_nouveau:gilded_sourcestone_small_bricks: 1021 (init) -> 1019 (map).
[16Nov2025 09:39:49.607] [Render thread/DEBUG] [net.minecraftforge.registries.ForgeRegistry/REGISTRIES]: Registry minecraft:block: Fixed minecraft:block id mismatch ars_nouveau:gilded_sourcestone_small_bricks_slab: 1043 (init) -> 1041 (map).
[16Nov2025 09:39:49.607] [Render thread/DEBUG] [net.minecraftforge.registries.ForgeRegistry/REGISTRIES]: Registry minecraft:block: Fixed minecraft:block id mismatch ars_nouveau:gilded_sourcestone_small_bricks_stairs: 1065 (init) -> 1063 (map).
[16Nov2025 09:39:49.607] [Render thread/DEBUG] [net.minecraftforge.registries.ForgeRegistry/REGISTRIES]: Registry minecraft:block: Fixed minecraft:block id mismatch ars_nouveau:green_archwood_leaves: 1109 (init) -> 1107 (map).
[16Nov2025 09:39:49.607] [Render thread/DEBUG] [net.minecraftforge.registries.ForgeRegistry/REGISTRIES]: Registry minecraft:block: Fixed minecraft:block id mismatch ars_nouveau:green_archwood_log: 1108 (init) -> 1106 (map).
[16Nov2025 09:39:49.607] [Render thread/DEBUG] [net.minecraftforge.registries.ForgeRegistry/REGISTRIES]: Registry minecraft:block: Fixed minecraft:block id mismatch ars_nouveau:green_archwood_sapling: 1110 (init) -> 1108 (map).
[16Nov2025 09:39:49.607] [Render thread/DEBUG] [net.minecraftforge.registries.ForgeRegistry/REGISTRIES]: Registry minecraft:block: Fixed minecraft:block id mismatch ars_nouveau:green_archwood_wood: 1111 (init) -> 1109 (map).
[16Nov2025 09:39:49.607] [Render thread/DEBUG] [net.minecraftforge.registries.ForgeRegistry/REGISTRIES]: Registry minecraft:block: Fixed minecraft:block id mismatch ars_nouveau:green_sbed: 1151 (init) -> 1149 (map).
[16Nov2025 09:39:49.607] [Render thread/DEBUG] [net.minecraftforge.registries.ForgeRegistry/REGISTRIES]: Registry minecraft:block: Fixed minecraft:block id mismatch ars_nouveau:imbuement_chamber: 1087 (init) -> 1085 (map).
[16Nov2025 09:39:49.607] [Render thread/DEBUG] [net.minecraftforge.registries.ForgeRegistry/REGISTRIES]: Registry minecraft:block: Fixed minecraft:block id mismatch ars_nouveau:intangible_air: 1091 (init) -> 1089 (map).
[16Nov2025 09:39:49.607] [Render thread/DEBUG] [net.minecraftforge.registries.ForgeRegistry/REGISTRIES]: Registry minecraft:block: Fixed minecraft:block id mismatch ars_nouveau:item_detector: 1179 (init) -> 1177 (map).
[16Nov2025 09:39:49.607] [Render thread/DEBUG] [net.minecraftforge.registries.ForgeRegistry/REGISTRIES]: Registry minecraft:block: Fixed minecraft:block id mismatch ars_nouveau:light_block: 1077 (init) -> 1075 (map).
[16Nov2025 09:39:49.607] [Render thread/DEBUG] [net.minecraftforge.registries.ForgeRegistry/REGISTRIES]: Registry minecraft:block: Fixed minecraft:block id mismatch ars_nouveau:mage_block: 1076 (init) -> 1074 (map).
[16Nov2025 09:39:49.607] [Render thread/DEBUG] [net.minecraftforge.registries.ForgeRegistry/REGISTRIES]: Registry minecraft:block: Fixed minecraft:block id mismatch ars_nouveau:magebloom_block: 1169 (init) -> 1167 (map).
[16Nov2025 09:39:49.607] [Render thread/DEBUG] [net.minecraftforge.registries.ForgeRegistry/REGISTRIES]: Registry minecraft:block: Fixed minecraft:block id mismatch ars_nouveau:magebloom_crop: 1083 (init) -> 1081 (map).
[16Nov2025 09:39:49.607] [Render thread/DEBUG] [net.minecraftforge.registries.ForgeRegistry/REGISTRIES]: Registry minecraft:block: Fixed minecraft:block id mismatch ars_nouveau:magelight_torch: 1172 (init) -> 1170 (map).
[16Nov2025 09:39:49.607] [Render thread/DEBUG] [net.minecraftforge.registries.ForgeRegistry/REGISTRIES]: Registry minecraft:block: Fixed minecraft:block id mismatch ars_nouveau:magic_fire: 1136 (init) -> 1134 (map).
[16Nov2025 09:39:49.607] [Render thread/DEBUG] [net.minecraftforge.registries.ForgeRegistry/REGISTRIES]: Registry minecraft:block: Fixed minecraft:block id mismatch ars_nouveau:mendosteen_pod: 1157 (init) -> 1155 (map).
[16Nov2025 09:39:49.607] [Render thread/DEBUG] [net.minecraftforge.registries.ForgeRegistry/REGISTRIES]: Registry minecraft:block: Fixed minecraft:block id mismatch ars_nouveau:mirrorweave: 1167 (init) -> 1165 (map).
[16Nov2025 09:39:49.607] [Render thread/DEBUG] [net.minecraftforge.registries.ForgeRegistry/REGISTRIES]: Registry minecraft:block: Fixed minecraft:block id mismatch ars_nouveau:mob_jar: 1163 (init) -> 1161 (map).
[16Nov2025 09:39:49.607] [Render thread/DEBUG] [net.minecraftforge.registries.ForgeRegistry/REGISTRIES]: Registry minecraft:block: Fixed minecraft:block id mismatch ars_nouveau:mycelial_sourcelink: 1140 (init) -> 1138 (map).
[16Nov2025 09:39:49.608] [Render thread/DEBUG] [net.minecraftforge.registries.ForgeRegistry/REGISTRIES]: Registry minecraft:block: Fixed minecraft:block id mismatch ars_nouveau:orange_sbed: 1152 (init) -> 1150 (map).
[16Nov2025 09:39:49.608] [Render thread/DEBUG] [net.minecraftforge.registries.ForgeRegistry/REGISTRIES]: Registry minecraft:block: Fixed minecraft:block id mismatch ars_nouveau:polished_sconce: 1134 (init) -> 1132 (map).
[16Nov2025 09:39:49.608] [Render thread/DEBUG] [net.minecraftforge.registries.ForgeRegistry/REGISTRIES]: Registry minecraft:block: Fixed minecraft:block id mismatch ars_nouveau:portal: 1086 (init) -> 1084 (map).
[16Nov2025 09:39:49.608] [Render thread/DEBUG] [net.minecraftforge.registries.ForgeRegistry/REGISTRIES]: Registry minecraft:block: Fixed minecraft:block id mismatch ars_nouveau:potion_diffuser: 1161 (init) -> 1159 (map).
[16Nov2025 09:39:49.608] [Render thread/DEBUG] [net.minecraftforge.registries.ForgeRegistry/REGISTRIES]: Registry minecraft:block: Fixed minecraft:block id mismatch ars_nouveau:potion_jar: 1130 (init) -> 1128 (map).
[16Nov2025 09:39:49.608] [Render thread/DEBUG] [net.minecraftforge.registries.ForgeRegistry/REGISTRIES]: Registry minecraft:block: Fixed minecraft:block id mismatch ars_nouveau:potion_melder: 1131 (init) -> 1129 (map).
[16Nov2025 09:39:49.608] [Render thread/DEBUG] [net.minecraftforge.registries.ForgeRegistry/REGISTRIES]: Registry minecraft:block: Fixed minecraft:block id mismatch ars_nouveau:potted_blue_archwood_sapling: 1073 (init) -> 1071 (map).
[16Nov2025 09:39:49.608] [Render thread/DEBUG] [net.minecraftforge.registries.ForgeRegistry/REGISTRIES]: Registry minecraft:block: Fixed minecraft:block id mismatch ars_nouveau:potted_green_archwood_sapling: 1074 (init) -> 1072 (map).
[16Nov2025 09:39:49.608] [Render thread/DEBUG] [net.minecraftforge.registries.ForgeRegistry/REGISTRIES]: Registry minecraft:block: Fixed minecraft:block id mismatch ars_nouveau:potted_magebloom_crop: 1071 (init) -> 1069 (map).
[16Nov2025 09:39:49.608] [Render thread/DEBUG] [net.minecraftforge.registries.ForgeRegistry/REGISTRIES]: Registry minecraft:block: Fixed minecraft:block id mismatch ars_nouveau:potted_purple_archwood_sapling: 1075 (init) -> 1073 (map).
[16Nov2025 09:39:49.609] [Render thread/DEBUG] [net.minecraftforge.registries.ForgeRegistry/REGISTRIES]: Registry minecraft:block: Fixed minecraft:block id mismatch ars_nouveau:potted_red_archwood_sapling: 1072 (init) -> 1070 (map).
[16Nov2025 09:39:49.609] [Render thread/DEBUG] [net.minecraftforge.registries.ForgeRegistry/REGISTRIES]: Registry minecraft:block: Fixed minecraft:block id mismatch ars_nouveau:purple_archwood_leaves: 1105 (init) -> 1103 (map).
[16Nov2025 09:39:49.609] [Render thread/DEBUG] [net.minecraftforge.registries.ForgeRegistry/REGISTRIES]: Registry minecraft:block: Fixed minecraft:block id mismatch ars_nouveau:purple_archwood_log: 1104 (init) -> 1102 (map).
[16Nov2025 09:39:49.609] [Render thread/DEBUG] [net.minecraftforge.registries.ForgeRegistry/REGISTRIES]: Registry minecraft:block: Fixed minecraft:block id mismatch ars_nouveau:purple_archwood_sapling: 1106 (init) -> 1104 (map).
[16Nov2025 09:39:49.609] [Render thread/DEBUG] [net.minecraftforge.registries.ForgeRegistry/REGISTRIES]: Registry minecraft:block: Fixed minecraft:block id mismatch ars_nouveau:purple_archwood_wood: 1107 (init) -> 1105 (map).
[16Nov2025 09:39:49.609] [Render thread/DEBUG] [net.minecraftforge.registries.ForgeRegistry/REGISTRIES]: Registry minecraft:block: Fixed minecraft:block id mismatch ars_nouveau:purple_sbed: 1154 (init) -> 1152 (map).
[16Nov2025 09:39:49.609] [Render thread/DEBUG] [net.minecraftforge.registries.ForgeRegistry/REGISTRIES]: Registry minecraft:block: Fixed minecraft:block id mismatch ars_nouveau:red_archwood_leaves: 1101 (init) -> 1099 (map).
[16Nov2025 09:39:49.609] [Render thread/DEBUG] [net.minecraftforge.registries.ForgeRegistry/REGISTRIES]: Registry minecraft:block: Fixed minecraft:block id mismatch ars_nouveau:red_archwood_log: 1100 (init) -> 1098 (map).
[16Nov2025 09:39:49.609] [Render thread/DEBUG] [net.minecraftforge.registries.ForgeRegistry/REGISTRIES]: Registry minecraft:block: Fixed minecraft:block id mismatch ars_nouveau:red_archwood_sapling: 1102 (init) -> 1100 (map).
[16Nov2025 09:39:49.609] [Render thread/DEBUG] [net.minecraftforge.registries.ForgeRegistry/REGISTRIES]: Registry minecraft:block: Fixed minecraft:block id mismatch ars_nouveau:red_archwood_wood: 1103 (init) -> 1101 (map).
[16Nov2025 09:39:49.609] [Render thread/DEBUG] [net.minecraftforge.registries.ForgeRegistry/REGISTRIES]: Registry minecraft:block: Fixed minecraft:block id mismatch ars_nouveau:red_sbed: 1149 (init) -> 1147 (map).
[16Nov2025 09:39:49.609] [Render thread/DEBUG] [net.minecraftforge.registries.ForgeRegistry/REGISTRIES]: Registry minecraft:block: Fixed minecraft:block id mismatch ars_nouveau:redstone_relay: 1181 (init) -> 1179 (map).
[16Nov2025 09:39:49.609] [Render thread/DEBUG] [net.minecraftforge.registries.ForgeRegistry/REGISTRIES]: Registry minecraft:block: Fixed minecraft:block id mismatch ars_nouveau:relay: 1082 (init) -> 1080 (map).
[16Nov2025 09:39:49.609] [Render thread/DEBUG] [net.minecraftforge.registries.ForgeRegistry/REGISTRIES]: Registry minecraft:block: Fixed minecraft:block id mismatch ars_nouveau:relay_collector: 1148 (init) -> 1146 (map).
[16Nov2025 09:39:49.609] [Render thread/DEBUG] [net.minecraftforge.registries.ForgeRegistry/REGISTRIES]: Registry minecraft:block: Fixed minecraft:block id mismatch ars_nouveau:relay_deposit: 1141 (init) -> 1139 (map).
[16Nov2025 09:39:49.609] [Render thread/DEBUG] [net.minecraftforge.registries.ForgeRegistry/REGISTRIES]: Registry minecraft:block: Fixed minecraft:block id mismatch ars_nouveau:relay_splitter: 1088 (init) -> 1086 (map).
[16Nov2025 09:39:49.609] [Render thread/DEBUG] [net.minecraftforge.registries.ForgeRegistry/REGISTRIES]: Registry minecraft:block: Fixed minecraft:block id mismatch ars_nouveau:relay_warp: 1142 (init) -> 1140 (map).
[16Nov2025 09:39:49.609] [Render thread/DEBUG] [net.minecraftforge.registries.ForgeRegistry/REGISTRIES]: Registry minecraft:block: Fixed minecraft:block id mismatch ars_nouveau:repository: 1165 (init) -> 1163 (map).
[16Nov2025 09:39:49.609] [Render thread/DEBUG] [net.minecraftforge.registries.ForgeRegistry/REGISTRIES]: Registry minecraft:block: Fixed minecraft:block id mismatch ars_nouveau:ritual_brazier: 1176 (init) -> 1174 (map).
[16Nov2025 09:39:49.609] [Render thread/DEBUG] [net.minecraftforge.registries.ForgeRegistry/REGISTRIES]: Registry minecraft:block: Fixed minecraft:block id mismatch ars_nouveau:rotating_spell_turret: 1170 (init) -> 1168 (map).
[16Nov2025 09:39:49.609] [Render thread/DEBUG] [net.minecraftforge.registries.ForgeRegistry/REGISTRIES]: Registry minecraft:block: Fixed minecraft:block id mismatch ars_nouveau:rune: 1085 (init) -> 1083 (map).
[16Nov2025 09:39:49.609] [Render thread/DEBUG] [net.minecraftforge.registries.ForgeRegistry/REGISTRIES]: Registry minecraft:block: Fixed minecraft:block id mismatch ars_nouveau:sconce: 1132 (init) -> 1130 (map).
[16Nov2025 09:39:49.609] [Render thread/DEBUG] [net.minecraftforge.registries.ForgeRegistry/REGISTRIES]: Registry minecraft:block: Fixed minecraft:block id mismatch ars_nouveau:scribes_table: 1084 (init) -> 1082 (map).
[16Nov2025 09:39:49.609] [Render thread/DEBUG] [net.minecraftforge.registries.ForgeRegistry/REGISTRIES]: Registry minecraft:block: Fixed minecraft:block id mismatch ars_nouveau:scryers_crystal: 1156 (init) -> 1154 (map).
[16Nov2025 09:39:49.609] [Render thread/DEBUG] [net.minecraftforge.registries.ForgeRegistry/REGISTRIES]: Registry minecraft:block: Fixed minecraft:block id mismatch ars_nouveau:scryers_oculus: 1155 (init) -> 1153 (map).
[16Nov2025 09:39:49.609] [Render thread/DEBUG] [net.minecraftforge.registries.ForgeRegistry/REGISTRIES]: Registry minecraft:block: Fixed minecraft:block id mismatch ars_nouveau:sky_block: 1177 (init) -> 1175 (map).
[16Nov2025 09:39:49.609] [Render thread/DEBUG] [net.minecraftforge.registries.ForgeRegistry/REGISTRIES]: Registry minecraft:block: Fixed minecraft:block id mismatch ars_nouveau:smooth_gilded_sourcestone_alternating: 1024 (init) -> 1022 (map).
[16Nov2025 09:39:49.609] [Render thread/DEBUG] [net.minecraftforge.registries.ForgeRegistry/REGISTRIES]: Registry minecraft:block: Fixed minecraft:block id mismatch ars_nouveau:smooth_gilded_sourcestone_alternating_slab: 1046 (init) -> 1044 (map).
[16Nov2025 09:39:49.610] [Render thread/DEBUG] [net.minecraftforge.registries.ForgeRegistry/REGISTRIES]: Registry minecraft:block: Fixed minecraft:block id mismatch ars_nouveau:smooth_gilded_sourcestone_alternating_stairs: 1068 (init) -> 1066 (map).
[16Nov2025 09:39:49.610] [Render thread/DEBUG] [net.minecraftforge.registries.ForgeRegistry/REGISTRIES]: Registry minecraft:block: Fixed minecraft:block id mismatch ars_nouveau:smooth_gilded_sourcestone_basketweave: 1023 (init) -> 1021 (map).
[16Nov2025 09:39:49.611] [Render thread/DEBUG] [net.minecraftforge.registries.ForgeRegistry/REGISTRIES]: Registry minecraft:block: Fixed minecraft:block id mismatch ars_nouveau:smooth_gilded_sourcestone_basketweave_slab: 1045 (init) -> 1043 (map).
[16Nov2025 09:39:49.611] [Render thread/DEBUG] [net.minecraftforge.registries.ForgeRegistry/REGISTRIES]: Registry minecraft:block: Fixed minecraft:block id mismatch ars_nouveau:smooth_gilded_sourcestone_basketweave_stairs: 1067 (init) -> 1065 (map).
[16Nov2025 09:39:49.611] [Render thread/DEBUG] [net.minecraftforge.registries.ForgeRegistry/REGISTRIES]: Registry minecraft:block: Fixed minecraft:block id mismatch ars_nouveau:smooth_gilded_sourcestone_large_bricks: 1025 (init) -> 1023 (map).
[16Nov2025 09:39:49.611] [Render thread/DEBUG] [net.minecraftforge.registries.ForgeRegistry/REGISTRIES]: Registry minecraft:block: Fixed minecraft:block id mismatch ars_nouveau:smooth_gilded_sourcestone_large_bricks_slab: 1047 (init) -> 1045 (map).
[16Nov2025 09:39:49.611] [Render thread/DEBUG] [net.minecraftforge.registries.ForgeRegistry/REGISTRIES]: Registry minecraft:block: Fixed minecraft:block id mismatch ars_nouveau:smooth_gilded_sourcestone_large_bricks_stairs: 1069 (init) -> 1067 (map).
[16Nov2025 09:39:49.611] [Render thread/DEBUG] [net.minecraftforge.registries.ForgeRegistry/REGISTRIES]: Registry minecraft:block: Fixed minecraft:block id mismatch ars_nouveau:smooth_gilded_sourcestone_mosaic: 1022 (init) -> 1020 (map).
[16Nov2025 09:39:49.611] [Render thread/DEBUG] [net.minecraftforge.registries.ForgeRegistry/REGISTRIES]: Registry minecraft:block: Fixed minecraft:block id mismatch ars_nouveau:smooth_gilded_sourcestone_mosaic_slab: 1044 (init) -> 1042 (map).
[16Nov2025 09:39:49.611] [Render thread/DEBUG] [net.minecraftforge.registries.ForgeRegistry/REGISTRIES]: Registry minecraft:block: Fixed minecraft:block id mismatch ars_nouveau:smooth_gilded_sourcestone_mosaic_stairs: 1066 (init) -> 1064 (map).
[16Nov2025 09:39:49.611] [Render thread/DEBUG] [net.minecraftforge.registries.ForgeRegistry/REGISTRIES]: Registry minecraft:block: Fixed minecraft:block id mismatch ars_nouveau:smooth_gilded_sourcestone_small_bricks: 1026 (init) -> 1024 (map).
[16Nov2025 09:39:49.611] [Render thread/DEBUG] [net.minecraftforge.registries.ForgeRegistry/REGISTRIES]: Registry minecraft:block: Fixed minecraft:block id mismatch ars_nouveau:smooth_gilded_sourcestone_small_bricks_slab: 1048 (init) -> 1046 (map).
[16Nov2025 09:39:49.611] [Render thread/DEBUG] [net.minecraftforge.registries.ForgeRegistry/REGISTRIES]: Registry minecraft:block: Fixed minecraft:block id mismatch ars_nouveau:smooth_gilded_sourcestone_small_bricks_stairs: 1070 (init) -> 1068 (map).
[16Nov2025 09:39:49.611] [Render thread/DEBUG] [net.minecraftforge.registries.ForgeRegistry/REGISTRIES]: Registry minecraft:block: Fixed minecraft:block id mismatch ars_nouveau:smooth_sourcestone: 1015 (init) -> 1013 (map).
[16Nov2025 09:39:49.611] [Render thread/DEBUG] [net.minecraftforge.registries.ForgeRegistry/REGISTRIES]: Registry minecraft:block: Fixed minecraft:block id mismatch ars_nouveau:smooth_sourcestone_alternating: 1013 (init) -> 1011 (map).
[16Nov2025 09:39:49.611] [Render thread/DEBUG] [net.minecraftforge.registries.ForgeRegistry/REGISTRIES]: Registry minecraft:block: Fixed minecraft:block id mismatch ars_nouveau:smooth_sourcestone_alternating_slab: 1035 (init) -> 1033 (map).
[16Nov2025 09:39:49.611] [Render thread/DEBUG] [net.minecraftforge.registries.ForgeRegistry/REGISTRIES]: Registry minecraft:block: Fixed minecraft:block id mismatch ars_nouveau:smooth_sourcestone_alternating_stairs: 1057 (init) -> 1055 (map).
[16Nov2025 09:39:49.611] [Render thread/DEBUG] [net.minecraftforge.registries.ForgeRegistry/REGISTRIES]: Registry minecraft:block: Fixed minecraft:block id mismatch ars_nouveau:smooth_sourcestone_basketweave: 1011 (init) -> 1009 (map).
[16Nov2025 09:39:49.611] [Render thread/DEBUG] [net.minecraftforge.registries.ForgeRegistry/REGISTRIES]: Registry minecraft:block: Fixed minecraft:block id mismatch ars_nouveau:smooth_sourcestone_basketweave_slab: 1033 (init) -> 1031 (map).
[16Nov2025 09:39:49.611] [Render thread/DEBUG] [net.minecraftforge.registries.ForgeRegistry/REGISTRIES]: Registry minecraft:block: Fixed minecraft:block id mismatch ars_nouveau:smooth_sourcestone_basketweave_stairs: 1055 (init) -> 1053 (map).
[16Nov2025 09:39:49.611] [Render thread/DEBUG] [net.minecraftforge.registries.ForgeRegistry/REGISTRIES]: Registry minecraft:block: Fixed minecraft:block id mismatch ars_nouveau:smooth_sourcestone_large_bricks: 1014 (init) -> 1012 (map).
[16Nov2025 09:39:49.611] [Render thread/DEBUG] [net.minecraftforge.registries.ForgeRegistry/REGISTRIES]: Registry minecraft:block: Fixed minecraft:block id mismatch ars_nouveau:smooth_sourcestone_large_bricks_slab: 1036 (init) -> 1034 (map).
[16Nov2025 09:39:49.611] [Render thread/DEBUG] [net.minecraftforge.registries.ForgeRegistry/REGISTRIES]: Registry minecraft:block: Fixed minecraft:block id mismatch ars_nouveau:smooth_sourcestone_large_bricks_stairs: 1058 (init) -> 1056 (map).
[16Nov2025 09:39:49.611] [Render thread/DEBUG] [net.minecraftforge.registries.ForgeRegistry/REGISTRIES]: Registry minecraft:block: Fixed minecraft:block id mismatch ars_nouveau:smooth_sourcestone_mosaic: 1012 (init) -> 1010 (map).
[16Nov2025 09:39:49.612] [Render thread/DEBUG] [net.minecraftforge.registries.ForgeRegistry/REGISTRIES]: Registry minecraft:block: Fixed minecraft:block id mismatch ars_nouveau:smooth_sourcestone_mosaic_slab: 1034 (init) -> 1032 (map).
[16Nov2025 09:39:49.612] [Render thread/DEBUG] [net.minecraftforge.registries.ForgeRegistry/REGISTRIES]: Registry minecraft:block: Fixed minecraft:block id mismatch ars_nouveau:smooth_sourcestone_mosaic_stairs: 1056 (init) -> 1054 (map).
[16Nov2025 09:39:49.612] [Render thread/DEBUG] [net.minecraftforge.registries.ForgeRegistry/REGISTRIES]: Registry minecraft:block: Fixed minecraft:block id mismatch ars_nouveau:smooth_sourcestone_slab: 1037 (init) -> 1035 (map).
[16Nov2025 09:39:49.612] [Render thread/DEBUG] [net.minecraftforge.registries.ForgeRegistry/REGISTRIES]: Registry minecraft:block: Fixed minecraft:block id mismatch ars_nouveau:smooth_sourcestone_small_bricks: 1016 (init) -> 1014 (map).
[16Nov2025 09:39:49.612] [Render thread/DEBUG] [net.minecraftforge.registries.ForgeRegistry/REGISTRIES]: Registry minecraft:block: Fixed minecraft:block id mismatch ars_nouveau:smooth_sourcestone_small_bricks_slab: 1038 (init) -> 1036 (map).
[16Nov2025 09:39:49.612] [Render thread/DEBUG] [net.minecraftforge.registries.ForgeRegistry/REGISTRIES]: Registry minecraft:block: Fixed minecraft:block id mismatch ars_nouveau:smooth_sourcestone_small_bricks_stairs: 1060 (init) -> 1058 (map).
[16Nov2025 09:39:49.612] [Render thread/DEBUG] [net.minecraftforge.registries.ForgeRegistry/REGISTRIES]: Registry minecraft:block: Fixed minecraft:block id mismatch ars_nouveau:smooth_sourcestone_stairs: 1059 (init) -> 1057 (map).
[16Nov2025 09:39:49.612] [Render thread/DEBUG] [net.minecraftforge.registries.ForgeRegistry/REGISTRIES]: Registry minecraft:block: Fixed minecraft:block id mismatch ars_nouveau:source_gem_block: 1129 (init) -> 1127 (map).
[16Nov2025 09:39:49.612] [Render thread/DEBUG] [net.minecraftforge.registries.ForgeRegistry/REGISTRIES]: Registry minecraft:block: Fixed minecraft:block id mismatch ars_nouveau:source_jar: 1081 (init) -> 1079 (map).
[16Nov2025 09:39:49.612] [Render thread/DEBUG] [net.minecraftforge.registries.ForgeRegistry/REGISTRIES]: Registry minecraft:block: Fixed minecraft:block id mismatch ars_nouveau:sourceberry_bush: 1093 (init) -> 1091 (map).
[16Nov2025 09:39:49.612] [Render thread/DEBUG] [net.minecraftforge.registries.ForgeRegistry/REGISTRIES]: Registry minecraft:block: Fixed minecraft:block id mismatch ars_nouveau:sourceberry_sack: 1182 (init) -> 1180 (map).
[16Nov2025 09:39:49.612] [Render thread/DEBUG] [net.minecraftforge.registries.ForgeRegistry/REGISTRIES]: Registry minecraft:block: Fixed minecraft:block id mismatch ars_nouveau:sourcestone: 1005 (init) -> 1003 (map).
[16Nov2025 09:39:49.612] [Render thread/DEBUG] [net.minecraftforge.registries.ForgeRegistry/REGISTRIES]: Registry minecraft:block: Fixed minecraft:block id mismatch ars_nouveau:sourcestone_alternating: 1008 (init) -> 1006 (map).
[16Nov2025 09:39:49.612] [Render thread/DEBUG] [net.minecraftforge.registries.ForgeRegistry/REGISTRIES]: Registry minecraft:block: Fixed minecraft:block id mismatch ars_nouveau:sourcestone_alternating_slab: 1030 (init) -> 1028 (map).
[16Nov2025 09:39:49.612] [Render thread/DEBUG] [net.minecraftforge.registries.ForgeRegistry/REGISTRIES]: Registry minecraft:block: Fixed minecraft:block id mismatch ars_nouveau:sourcestone_alternating_stairs: 1052 (init) -> 1050 (map).
[16Nov2025 09:39:49.612] [Render thread/DEBUG] [net.minecraftforge.registries.ForgeRegistry/REGISTRIES]: Registry minecraft:block: Fixed minecraft:block id mismatch ars_nouveau:sourcestone_basketweave: 1007 (init) -> 1005 (map).
[16Nov2025 09:39:49.612] [Render thread/DEBUG] [net.minecraftforge.registries.ForgeRegistry/REGISTRIES]: Registry minecraft:block: Fixed minecraft:block id mismatch ars_nouveau:sourcestone_basketweave_slab: 1029 (init) -> 1027 (map).
[16Nov2025 09:39:49.612] [Render thread/DEBUG] [net.minecraftforge.registries.ForgeRegistry/REGISTRIES]: Registry minecraft:block: Fixed minecraft:block id mismatch ars_nouveau:sourcestone_basketweave_stairs: 1051 (init) -> 1049 (map).
[16Nov2025 09:39:49.612] [Render thread/DEBUG] [net.minecraftforge.registries.ForgeRegistry/REGISTRIES]: Registry minecraft:block: Fixed minecraft:block id mismatch ars_nouveau:sourcestone_large_bricks: 1009 (init) -> 1007 (map).
[16Nov2025 09:39:49.612] [Render thread/DEBUG] [net.minecraftforge.registries.ForgeRegistry/REGISTRIES]: Registry minecraft:block: Fixed minecraft:block id mismatch ars_nouveau:sourcestone_large_bricks_slab: 1031 (init) -> 1029 (map).
[16Nov2025 09:39:49.612] [Render thread/DEBUG] [net.minecraftforge.registries.ForgeRegistry/REGISTRIES]: Registry minecraft:block: Fixed minecraft:block id mismatch ars_nouveau:sourcestone_large_bricks_stairs: 1053 (init) -> 1051 (map).
[16Nov2025 09:39:49.613] [Render thread/DEBUG] [net.minecraftforge.registries.ForgeRegistry/REGISTRIES]: Registry minecraft:block: Fixed minecraft:block id mismatch ars_nouveau:sourcestone_mosaic: 1006 (init) -> 1004 (map).
[16Nov2025 09:39:49.613] [Render thread/DEBUG] [net.minecraftforge.registries.ForgeRegistry/REGISTRIES]: Registry minecraft:block: Fixed minecraft:block id mismatch ars_nouveau:sourcestone_mosaic_slab: 1028 (init) -> 1026 (map).
[16Nov2025 09:39:49.613] [Render thread/DEBUG] [net.minecraftforge.registries.ForgeRegistry/REGISTRIES]: Registry minecraft:block: Fixed minecraft:block id mismatch ars_nouveau:sourcestone_mosaic_stairs: 1050 (init) -> 1048 (map).
[16Nov2025 09:39:49.613] [Render thread/DEBUG] [net.minecraftforge.registries.ForgeRegistry/REGISTRIES]: Registry minecraft:block: Fixed minecraft:block id mismatch ars_nouveau:sourcestone_sconce: 1133 (init) -> 1131 (map).
[16Nov2025 09:39:49.613] [Render thread/DEBUG] [net.minecraftforge.registries.ForgeRegistry/REGISTRIES]: Registry minecraft:block: Fixed minecraft:block id mismatch ars_nouveau:sourcestone_slab: 1027 (init) -> 1025 (map).
[16Nov2025 09:39:49.613] [Render thread/DEBUG] [net.minecraftforge.registries.ForgeRegistry/REGISTRIES]: Registry minecraft:block: Fixed minecraft:block id mismatch ars_nouveau:sourcestone_small_bricks: 1010 (init) -> 1008 (map).
[16Nov2025 09:39:49.613] [Render thread/DEBUG] [net.minecraftforge.registries.ForgeRegistry/REGISTRIES]: Registry minecraft:block: Fixed minecraft:block id mismatch ars_nouveau:sourcestone_small_bricks_slab: 1032 (init) -> 1030 (map).
[16Nov2025 09:39:49.613] [Render thread/DEBUG] [net.minecraftforge.registries.ForgeRegistry/REGISTRIES]: Registry minecraft:block: Fixed minecraft:block id mismatch ars_nouveau:sourcestone_small_bricks_stairs: 1054 (init) -> 1052 (map).
[16Nov2025 09:39:49.613] [Render thread/DEBUG] [net.minecraftforge.registries.ForgeRegistry/REGISTRIES]: Registry minecraft:block: Fixed minecraft:block id mismatch ars_nouveau:sourcestone_stairs: 1049 (init) -> 1047 (map).
[16Nov2025 09:39:49.613] [Render thread/DEBUG] [net.minecraftforge.registries.ForgeRegistry/REGISTRIES]: Registry minecraft:block: Fixed minecraft:block id mismatch ars_nouveau:spell_prism: 1146 (init) -> 1144 (map).
[16Nov2025 09:39:49.613] [Render thread/DEBUG] [net.minecraftforge.registries.ForgeRegistry/REGISTRIES]: Registry minecraft:block: Fixed minecraft:block id mismatch ars_nouveau:spell_sensor: 1180 (init) -> 1178 (map).
[16Nov2025 09:39:49.613] [Render thread/DEBUG] [net.minecraftforge.registries.ForgeRegistry/REGISTRIES]: Registry minecraft:block: Fixed minecraft:block id mismatch ars_nouveau:spell_turret: 1090 (init) -> 1088 (map).
[16Nov2025 09:39:49.613] [Render thread/DEBUG] [net.minecraftforge.registries.ForgeRegistry/REGISTRIES]: Registry minecraft:block: Fixed minecraft:block id mismatch ars_nouveau:storage_lectern: 1174 (init) -> 1172 (map).
[16Nov2025 09:39:49.613] [Render thread/DEBUG] [net.minecraftforge.registries.ForgeRegistry/REGISTRIES]: Registry minecraft:block: Fixed minecraft:block id mismatch ars_nouveau:stripped_blue_archwood_log: 1121 (init) -> 1119 (map).
[16Nov2025 09:39:49.613] [Render thread/DEBUG] [net.minecraftforge.registries.ForgeRegistry/REGISTRIES]: Registry minecraft:block: Fixed minecraft:block id mismatch ars_nouveau:stripped_blue_archwood_wood: 1122 (init) -> 1120 (map).
[16Nov2025 09:39:49.613] [Render thread/DEBUG] [net.minecraftforge.registries.ForgeRegistry/REGISTRIES]: Registry minecraft:block: Fixed minecraft:block id mismatch ars_nouveau:stripped_green_archwood_log: 1123 (init) -> 1121 (map).
[16Nov2025 09:39:49.613] [Render thread/DEBUG] [net.minecraftforge.registries.ForgeRegistry/REGISTRIES]: Registry minecraft:block: Fixed minecraft:block id mismatch ars_nouveau:stripped_green_archwood_wood: 1124 (init) -> 1122 (map).
[16Nov2025 09:39:49.613] [Render thread/DEBUG] [net.minecraftforge.registries.ForgeRegistry/REGISTRIES]: Registry minecraft:block: Fixed minecraft:block id mismatch ars_nouveau:stripped_purple_archwood_log: 1127 (init) -> 1125 (map).
[16Nov2025 09:39:49.613] [Render thread/DEBUG] [net.minecraftforge.registries.ForgeRegistry/REGISTRIES]: Registry minecraft:block: Fixed minecraft:block id mismatch ars_nouveau:stripped_purple_archwood_wood: 1128 (init) -> 1126 (map).
[16Nov2025 09:39:49.614] [Render thread/DEBUG] [net.minecraftforge.registries.ForgeRegistry/REGISTRIES]: Registry minecraft:block: Fixed minecraft:block id mismatch ars_nouveau:stripped_red_archwood_log: 1125 (init) -> 1123 (map).
[16Nov2025 09:39:49.614] [Render thread/DEBUG] [net.minecraftforge.registries.ForgeRegistry/REGISTRIES]: Registry minecraft:block: Fixed minecraft:block id mismatch ars_nouveau:stripped_red_archwood_wood: 1126 (init) -> 1124 (map).
[16Nov2025 09:39:49.614] [Render thread/DEBUG] [net.minecraftforge.registries.ForgeRegistry/REGISTRIES]: Registry minecraft:block: Fixed minecraft:block id mismatch ars_nouveau:temporary_block: 1178 (init) -> 1176 (map).
[16Nov2025 09:39:49.614] [Render thread/DEBUG] [net.minecraftforge.registries.ForgeRegistry/REGISTRIES]: Registry minecraft:block: Fixed minecraft:block id mismatch ars_nouveau:temporary_light_block: 1078 (init) -> 1076 (map).
[16Nov2025 09:39:49.614] [Render thread/DEBUG] [net.minecraftforge.registries.ForgeRegistry/REGISTRIES]: Registry minecraft:block: Fixed minecraft:block id mismatch ars_nouveau:timer_spell_turret: 1144 (init) -> 1142 (map).
[16Nov2025 09:39:49.614] [Render thread/DEBUG] [net.minecraftforge.registries.ForgeRegistry/REGISTRIES]: Registry minecraft:block: Fixed minecraft:block id mismatch ars_nouveau:vitalic_sourcelink: 1139 (init) -> 1137 (map).
[16Nov2025 09:39:49.614] [Render thread/DEBUG] [net.minecraftforge.registries.ForgeRegistry/REGISTRIES]: Registry minecraft:block: Fixed minecraft:block id mismatch ars_nouveau:void_prism: 1164 (init) -> 1162 (map).
[16Nov2025 09:39:49.614] [Render thread/DEBUG] [net.minecraftforge.registries.ForgeRegistry/REGISTRIES]: Registry minecraft:block: Fixed minecraft:block id mismatch ars_nouveau:volcanic_sourcelink: 1092 (init) -> 1090 (map).
[16Nov2025 09:39:49.614] [Render thread/DEBUG] [net.minecraftforge.registries.ForgeRegistry/REGISTRIES]: Registry minecraft:block: Fixed minecraft:block id mismatch ars_nouveau:whirlisprig_flower: 1147 (init) -> 1145 (map).
[16Nov2025 09:39:49.614] [Render thread/DEBUG] [net.minecraftforge.registries.ForgeRegistry/REGISTRIES]: Registry minecraft:block: Fixed minecraft:block id mismatch ars_nouveau:wixie_cauldron: 1094 (init) -> 1092 (map).
[16Nov2025 09:39:49.614] [Render thread/DEBUG] [net.minecraftforge.registries.ForgeRegistry/REGISTRIES]: Registry minecraft:block: Fixed minecraft:block id mismatch ars_nouveau:yellow_sbed: 1153 (init) -> 1151 (map).
[16Nov2025 09:39:49.614] [Render thread/DEBUG] [net.minecraftforge.registries.ForgeRegistry/REGISTRIES]: Registry minecraft:block: Fixed minecraft:block id mismatch geckolib:fertilizer: 1004 (init) -> 1182 (map).
[16Nov2025 09:39:49.614] [Render thread/DEBUG] [net.minecraftforge.registries.ForgeRegistry/REGISTRIES]: Registry minecraft:block: Fixed minecraft:block id mismatch geckolib:gecko_habitat: 1003 (init) -> 1181 (map).
[16Nov2025 09:39:49.620] [Render thread/DEBUG] [net.minecraftforge.registries.ForgeRegistry/REGISTRIES]: Registry minecraft:entity_type: Fixed minecraft:entity_type id mismatch ars_nouveau:ally_vex: 135 (init) -> 127 (map).
[16Nov2025 09:39:49.620] [Render thread/DEBUG] [net.minecraftforge.registries.ForgeRegistry/REGISTRIES]: Registry minecraft:entity_type: Fixed minecraft:entity_type id mismatch ars_nouveau:amethyst_golem: 170 (init) -> 162 (map).
[16Nov2025 09:39:49.621] [Render thread/DEBUG] [net.minecraftforge.registries.ForgeRegistry/REGISTRIES]: Registry minecraft:entity_type: Fixed minecraft:entity_type id mismatch ars_nouveau:an_lightning: 153 (init) -> 145 (map).
[16Nov2025 09:39:49.621] [Render thread/DEBUG] [net.minecraftforge.registries.ForgeRegistry/REGISTRIES]: Registry minecraft:entity_type: Fixed minecraft:entity_type id mismatch ars_nouveau:animated_block: 177 (init) -> 169 (map).
[16Nov2025 09:39:49.621] [Render thread/DEBUG] [net.minecraftforge.registries.ForgeRegistry/REGISTRIES]: Registry minecraft:entity_type: Fixed minecraft:entity_type id mismatch ars_nouveau:animated_head: 178 (init) -> 170 (map).
[16Nov2025 09:39:49.621] [Render thread/DEBUG] [net.minecraftforge.registries.ForgeRegistry/REGISTRIES]: Registry minecraft:entity_type: Fixed minecraft:entity_type id mismatch ars_nouveau:arcing_spell_proj: 133 (init) -> 125 (map).
[16Nov2025 09:39:49.621] [Render thread/DEBUG] [net.minecraftforge.registries.ForgeRegistry/REGISTRIES]: Registry minecraft:entity_type: Fixed minecraft:entity_type id mismatch ars_nouveau:blazing_weald_walker: 168 (init) -> 160 (map).
[16Nov2025 09:39:49.621] [Render thread/DEBUG] [net.minecraftforge.registries.ForgeRegistry/REGISTRIES]: Registry minecraft:entity_type: Fixed minecraft:entity_type id mismatch ars_nouveau:bookwyrm: 137 (init) -> 129 (map).
[16Nov2025 09:39:49.621] [Render thread/DEBUG] [net.minecraftforge.registries.ForgeRegistry/REGISTRIES]: Registry minecraft:entity_type: Fixed minecraft:entity_type id mismatch ars_nouveau:cascading_weald_walker: 166 (init) -> 158 (map).
[16Nov2025 09:39:49.621] [Render thread/DEBUG] [net.minecraftforge.registries.ForgeRegistry/REGISTRIES]: Registry minecraft:entity_type: Fixed minecraft:entity_type id mismatch ars_nouveau:cinder: 146 (init) -> 138 (map).
[16Nov2025 09:39:49.621] [Render thread/DEBUG] [net.minecraftforge.registries.ForgeRegistry/REGISTRIES]: Registry minecraft:entity_type: Fixed minecraft:entity_type id mismatch ars_nouveau:drygmy: 155 (init) -> 147 (map).
[16Nov2025 09:39:49.621] [Render thread/DEBUG] [net.minecraftforge.registries.ForgeRegistry/REGISTRIES]: Registry minecraft:entity_type: Fixed minecraft:entity_type id mismatch ars_nouveau:dummy: 154 (init) -> 146 (map).
[16Nov2025 09:39:49.621] [Render thread/DEBUG] [net.minecraftforge.registries.ForgeRegistry/REGISTRIES]: Registry minecraft:entity_type: Fixed minecraft:entity_type id mismatch ars_nouveau:enchanted_falling_block: 172 (init) -> 164 (map).
[16Nov2025 09:39:49.621] [Render thread/DEBUG] [net.minecraftforge.registries.ForgeRegistry/REGISTRIES]: Registry minecraft:entity_type: Fixed minecraft:entity_type id mismatch ars_nouveau:enchanted_head_block: 175 (init) -> 167 (map).
[16Nov2025 09:39:49.621] [Render thread/DEBUG] [net.minecraftforge.registries.ForgeRegistry/REGISTRIES]: Registry minecraft:entity_type: Fixed minecraft:entity_type id mismatch ars_nouveau:enchanted_mage_block: 174 (init) -> 166 (map).
[16Nov2025 09:39:49.621] [Render thread/DEBUG] [net.minecraftforge.registries.ForgeRegistry/REGISTRIES]: Registry minecraft:entity_type: Fixed minecraft:entity_type id mismatch ars_nouveau:familiar_amethyst_golem: 163 (init) -> 155 (map).
[16Nov2025 09:39:49.621] [Render thread/DEBUG] [net.minecraftforge.registries.ForgeRegistry/REGISTRIES]: Registry minecraft:entity_type: Fixed minecraft:entity_type id mismatch ars_nouveau:familiar_bookwyrm: 160 (init) -> 152 (map).
[16Nov2025 09:39:49.621] [Render thread/DEBUG] [net.minecraftforge.registries.ForgeRegistry/REGISTRIES]: Registry minecraft:entity_type: Fixed minecraft:entity_type id mismatch ars_nouveau:familiar_drygmy: 161 (init) -> 153 (map).
[16Nov2025 09:39:49.621] [Render thread/DEBUG] [net.minecraftforge.registries.ForgeRegistry/REGISTRIES]: Registry minecraft:entity_type: Fixed minecraft:entity_type id mismatch ars_nouveau:familiar_starbuncle: 158 (init) -> 150 (map).
[16Nov2025 09:39:49.621] [Render thread/DEBUG] [net.minecraftforge.registries.ForgeRegistry/REGISTRIES]: Registry minecraft:entity_type: Fixed minecraft:entity_type id mismatch ars_nouveau:familiar_whirlisprig: 162 (init) -> 154 (map).
[16Nov2025 09:39:49.621] [Render thread/DEBUG] [net.minecraftforge.registries.ForgeRegistry/REGISTRIES]: Registry minecraft:entity_type: Fixed minecraft:entity_type id mismatch ars_nouveau:familiar_wixie: 159 (init) -> 151 (map).
[16Nov2025 09:39:49.621] [Render thread/DEBUG] [net.minecraftforge.registries.ForgeRegistry/REGISTRIES]: Registry minecraft:entity_type: Fixed minecraft:entity_type id mismatch ars_nouveau:fangs: 136 (init) -> 128 (map).
[16Nov2025 09:39:49.621] [Render thread/DEBUG] [net.minecraftforge.registries.ForgeRegistry/REGISTRIES]: Registry minecraft:entity_type: Fixed minecraft:entity_type id mismatch ars_nouveau:flourishing_weald_walker: 167 (init) -> 159 (map).
[16Nov2025 09:39:49.621] [Render thread/DEBUG] [net.minecraftforge.registries.ForgeRegistry/REGISTRIES]: Registry minecraft:entity_type: Fixed minecraft:entity_type id mismatch ars_nouveau:flying_item: 142 (init) -> 134 (map).
[16Nov2025 09:39:49.621] [Render thread/DEBUG] [net.minecraftforge.registries.ForgeRegistry/REGISTRIES]: Registry minecraft:entity_type: Fixed minecraft:entity_type id mismatch ars_nouveau:follow_proj: 139 (init) -> 131 (map).
[16Nov2025 09:39:49.621] [Render thread/DEBUG] [net.minecraftforge.registries.ForgeRegistry/REGISTRIES]: Registry minecraft:entity_type: Fixed minecraft:entity_type id mismatch ars_nouveau:gift_starby: 176 (init) -> 168 (map).
[16Nov2025 09:39:49.621] [Render thread/DEBUG] [net.minecraftforge.registries.ForgeRegistry/REGISTRIES]: Registry minecraft:entity_type: Fixed minecraft:entity_type id mismatch ars_nouveau:homing_spell_proj: 134 (init) -> 126 (map).
[16Nov2025 09:39:49.621] [Render thread/DEBUG] [net.minecraftforge.registries.ForgeRegistry/REGISTRIES]: Registry minecraft:entity_type: Fixed minecraft:entity_type id mismatch ars_nouveau:ice_shard: 173 (init) -> 165 (map).
[16Nov2025 09:39:49.621] [Render thread/DEBUG] [net.minecraftforge.registries.ForgeRegistry/REGISTRIES]: Registry minecraft:entity_type: Fixed minecraft:entity_type id mismatch ars_nouveau:lily: 179 (init) -> 171 (map).
[16Nov2025 09:39:49.621] [Render thread/DEBUG] [net.minecraftforge.registries.ForgeRegistry/REGISTRIES]: Registry minecraft:entity_type: Fixed minecraft:entity_type id mismatch ars_nouveau:linger: 164 (init) -> 156 (map).
[16Nov2025 09:39:49.621] [Render thread/DEBUG] [net.minecraftforge.registries.ForgeRegistry/REGISTRIES]: Registry minecraft:entity_type: Fixed minecraft:entity_type id mismatch ars_nouveau:orbit: 156 (init) -> 148 (map).
[16Nov2025 09:39:49.621] [Render thread/DEBUG] [net.minecraftforge.registries.ForgeRegistry/REGISTRIES]: Registry minecraft:entity_type: Fixed minecraft:entity_type id mismatch ars_nouveau:ritual: 143 (init) -> 135 (map).
[16Nov2025 09:39:49.622] [Render thread/DEBUG] [net.minecraftforge.registries.ForgeRegistry/REGISTRIES]: Registry minecraft:entity_type: Fixed minecraft:entity_type id mismatch ars_nouveau:scryer_camera: 171 (init) -> 163 (map).
[16Nov2025 09:39:49.622] [Render thread/DEBUG] [net.minecraftforge.registries.ForgeRegistry/REGISTRIES]: Registry minecraft:entity_type: Fixed minecraft:entity_type id mismatch ars_nouveau:spell_arrow: 145 (init) -> 137 (map).
[16Nov2025 09:39:49.622] [Render thread/DEBUG] [net.minecraftforge.registries.ForgeRegistry/REGISTRIES]: Registry minecraft:entity_type: Fixed minecraft:entity_type id mismatch ars_nouveau:spell_proj: 132 (init) -> 124 (map).
[16Nov2025 09:39:49.622] [Render thread/DEBUG] [net.minecraftforge.registries.ForgeRegistry/REGISTRIES]: Registry minecraft:entity_type: Fixed minecraft:entity_type id mismatch ars_nouveau:spike: 157 (init) -> 149 (map).
[16Nov2025 09:39:49.622] [Render thread/DEBUG] [net.minecraftforge.registries.ForgeRegistry/REGISTRIES]: Registry minecraft:entity_type: Fixed minecraft:entity_type id mismatch ars_nouveau:starbuncle: 138 (init) -> 130 (map).
[16Nov2025 09:39:49.622] [Render thread/DEBUG] [net.minecraftforge.registries.ForgeRegistry/REGISTRIES]: Registry minecraft:entity_type: Fixed minecraft:entity_type id mismatch ars_nouveau:summon_horse: 149 (init) -> 141 (map).
[16Nov2025 09:39:49.622] [Render thread/DEBUG] [net.minecraftforge.registries.ForgeRegistry/REGISTRIES]: Registry minecraft:entity_type: Fixed minecraft:entity_type id mismatch ars_nouveau:summon_skeleton: 150 (init) -> 142 (map).
[16Nov2025 09:39:49.622] [Render thread/DEBUG] [net.minecraftforge.registries.ForgeRegistry/REGISTRIES]: Registry minecraft:entity_type: Fixed minecraft:entity_type id mismatch ars_nouveau:summon_wolf: 147 (init) -> 139 (map).
[16Nov2025 09:39:49.622] [Render thread/DEBUG] [net.minecraftforge.registries.ForgeRegistry/REGISTRIES]: Registry minecraft:entity_type: Fixed minecraft:entity_type id mismatch ars_nouveau:vexing_weald_walker: 169 (init) -> 161 (map).
[16Nov2025 09:39:49.622] [Render thread/DEBUG] [net.minecraftforge.registries.ForgeRegistry/REGISTRIES]: Registry minecraft:entity_type: Fixed minecraft:entity_type id mismatch ars_nouveau:wall: 165 (init) -> 157 (map).
[16Nov2025 09:39:49.622] [Render thread/DEBUG] [net.minecraftforge.registries.ForgeRegistry/REGISTRIES]: Registry minecraft:entity_type: Fixed minecraft:entity_type id mismatch ars_nouveau:whirlisprig: 140 (init) -> 132 (map).
[16Nov2025 09:39:49.622] [Render thread/DEBUG] [net.minecraftforge.registries.ForgeRegistry/REGISTRIES]: Registry minecraft:entity_type: Fixed minecraft:entity_type id mismatch ars_nouveau:wilden_boss: 152 (init) -> 144 (map).
[16Nov2025 09:39:49.622] [Render thread/DEBUG] [net.minecraftforge.registries.ForgeRegistry/REGISTRIES]: Registry minecraft:entity_type: Fixed minecraft:entity_type id mismatch ars_nouveau:wilden_guardian: 151 (init) -> 143 (map).
[16Nov2025 09:39:49.622] [Render thread/DEBUG] [net.minecraftforge.registries.ForgeRegistry/REGISTRIES]: Registry minecraft:entity_type: Fixed minecraft:entity_type id mismatch ars_nouveau:wilden_hunter: 144 (init) -> 136 (map).
[16Nov2025 09:39:49.622] [Render thread/DEBUG] [net.minecraftforge.registries.ForgeRegistry/REGISTRIES]: Registry minecraft:entity_type: Fixed minecraft:entity_type id mismatch ars_nouveau:wilden_stalker: 148 (init) -> 140 (map).
[16Nov2025 09:39:49.622] [Render thread/DEBUG] [net.minecraftforge.registries.ForgeRegistry/REGISTRIES]: Registry minecraft:entity_type: Fixed minecraft:entity_type id mismatch ars_nouveau:wixie: 141 (init) -> 133 (map).
[16Nov2025 09:39:49.622] [Render thread/DEBUG] [net.minecraftforge.registries.ForgeRegistry/REGISTRIES]: Registry minecraft:entity_type: Fixed minecraft:entity_type id mismatch geckolib:bat: 124 (init) -> 173 (map).
[16Nov2025 09:39:49.622] [Render thread/DEBUG] [net.minecraftforge.registries.ForgeRegistry/REGISTRIES]: Registry minecraft:entity_type: Fixed minecraft:entity_type id mismatch geckolib:bike: 125 (init) -> 174 (map).
[16Nov2025 09:39:49.622] [Render thread/DEBUG] [net.minecraftforge.registries.ForgeRegistry/REGISTRIES]: Registry minecraft:entity_type: Fixed minecraft:entity_type id mismatch geckolib:cool_kid: 130 (init) -> 179 (map).
[16Nov2025 09:39:49.622] [Render thread/DEBUG] [net.minecraftforge.registries.ForgeRegistry/REGISTRIES]: Registry minecraft:entity_type: Fixed minecraft:entity_type id mismatch geckolib:fake_glass: 129 (init) -> 178 (map).
[16Nov2025 09:39:49.622] [Render thread/DEBUG] [net.minecraftforge.registries.ForgeRegistry/REGISTRIES]: Registry minecraft:entity_type: Fixed minecraft:entity_type id mismatch geckolib:gremlin: 131 (init) -> 180 (map).
[16Nov2025 09:39:49.622] [Render thread/DEBUG] [net.minecraftforge.registries.ForgeRegistry/REGISTRIES]: Registry minecraft:entity_type: Fixed minecraft:entity_type id mismatch geckolib:mutant_zombie: 128 (init) -> 177 (map).
[16Nov2025 09:39:49.622] [Render thread/DEBUG] [net.minecraftforge.registries.ForgeRegistry/REGISTRIES]: Registry minecraft:entity_type: Fixed minecraft:entity_type id mismatch geckolib:parasite: 127 (init) -> 176 (map).
[16Nov2025 09:39:49.622] [Render thread/DEBUG] [net.minecraftforge.registries.ForgeRegistry/REGISTRIES]: Registry minecraft:entity_type: Fixed minecraft:entity_type id mismatch geckolib:race_car: 126 (init) -> 175 (map).
[16Nov2025 09:39:49.623] [Render thread/DEBUG] [net.minecraftforge.registries.ForgeRegistry/REGISTRIES]: Registry minecraft:item: Fixed minecraft:item id mismatch ars_nouveau:abjuration_essence: 1480 (init) -> 1460 (map).
[16Nov2025 09:39:49.623] [Render thread/DEBUG] [net.minecraftforge.registries.ForgeRegistry/REGISTRIES]: Registry minecraft:item: Fixed minecraft:item id mismatch ars_nouveau:agronomic_sourcelink: 1503 (init) -> 1483 (map).
[16Nov2025 09:39:49.623] [Render thread/DEBUG] [net.minecraftforge.registries.ForgeRegistry/REGISTRIES]: Registry minecraft:item: Fixed minecraft:item id mismatch ars_nouveau:air_essence: 1482 (init) -> 1462 (map).
[16Nov2025 09:39:49.623] [Render thread/DEBUG] [net.minecraftforge.registries.ForgeRegistry/REGISTRIES]: Registry minecraft:item: Fixed minecraft:item id mismatch ars_nouveau:alchemical_sourcelink: 1561 (init) -> 1541 (map).
[16Nov2025 09:39:49.623] [Render thread/DEBUG] [net.minecraftforge.registries.ForgeRegistry/REGISTRIES]: Registry minecraft:item: Fixed minecraft:item id mismatch ars_nouveau:alchemists_crown: 1491 (init) -> 1471 (map).
[16Nov2025 09:39:49.623] [Render thread/DEBUG] [net.minecraftforge.registries.ForgeRegistry/REGISTRIES]: Registry minecraft:item: Fixed minecraft:item id mismatch ars_nouveau:allow_scroll: 1436 (init) -> 1416 (map).
[16Nov2025 09:39:49.623] [Render thread/DEBUG] [net.minecraftforge.registries.ForgeRegistry/REGISTRIES]: Registry minecraft:item: Fixed minecraft:item id mismatch ars_nouveau:alteration_table: 1585 (init) -> 1565 (map).
[16Nov2025 09:39:49.623] [Render thread/DEBUG] [net.minecraftforge.registries.ForgeRegistry/REGISTRIES]: Registry minecraft:item: Fixed minecraft:item id mismatch ars_nouveau:amethyst_golem_charm: 1487 (init) -> 1467 (map).
[16Nov2025 09:39:49.623] [Render thread/DEBUG] [net.minecraftforge.registries.ForgeRegistry/REGISTRIES]: Registry minecraft:item: Fixed minecraft:item id mismatch ars_nouveau:amplify_arrow: 1445 (init) -> 1425 (map).
[16Nov2025 09:39:49.623] [Render thread/DEBUG] [net.minecraftforge.registries.ForgeRegistry/REGISTRIES]: Registry minecraft:item: Fixed minecraft:item id mismatch ars_nouveau:amulet_of_mana_boost: 1426 (init) -> 1406 (map).
[16Nov2025 09:39:49.623] [Render thread/DEBUG] [net.minecraftforge.registries.ForgeRegistry/REGISTRIES]: Registry minecraft:item: Fixed minecraft:item id mismatch ars_nouveau:amulet_of_mana_regen: 1427 (init) -> 1407 (map).
[16Nov2025 09:39:49.624] [Render thread/DEBUG] [net.minecraftforge.registries.ForgeRegistry/REGISTRIES]: Registry minecraft:item: Fixed minecraft:item id mismatch ars_nouveau:annotated_codex: 1488 (init) -> 1468 (map).
[16Nov2025 09:39:49.624] [Render thread/DEBUG] [net.minecraftforge.registries.ForgeRegistry/REGISTRIES]: Registry minecraft:item: Fixed minecraft:item id mismatch ars_nouveau:apprentice_spell_book: 1408 (init) -> 1388 (map).
[16Nov2025 09:39:49.624] [Render thread/DEBUG] [net.minecraftforge.registries.ForgeRegistry/REGISTRIES]: Registry minecraft:item: Fixed minecraft:item id mismatch ars_nouveau:arcane_core: 1513 (init) -> 1493 (map).
[16Nov2025 09:39:49.624] [Render thread/DEBUG] [net.minecraftforge.registries.ForgeRegistry/REGISTRIES]: Registry minecraft:item: Fixed minecraft:item id mismatch ars_nouveau:arcane_pedestal: 1598 (init) -> 1578 (map).
[16Nov2025 09:39:49.624] [Render thread/DEBUG] [net.minecraftforge.registries.ForgeRegistry/REGISTRIES]: Registry minecraft:item: Fixed minecraft:item id mismatch ars_nouveau:arcane_platform: 1594 (init) -> 1574 (map).
[16Nov2025 09:39:49.624] [Render thread/DEBUG] [net.minecraftforge.registries.ForgeRegistry/REGISTRIES]: Registry minecraft:item: Fixed minecraft:item id mismatch ars_nouveau:arcanist_boots: 1471 (init) -> 1451 (map).
[16Nov2025 09:39:49.624] [Render thread/DEBUG] [net.minecraftforge.registries.ForgeRegistry/REGISTRIES]: Registry minecraft:item: Fixed minecraft:item id mismatch ars_nouveau:arcanist_hood: 1474 (init) -> 1454 (map).
[16Nov2025 09:39:49.624] [Render thread/DEBUG] [net.minecraftforge.registries.ForgeRegistry/REGISTRIES]: Registry minecraft:item: Fixed minecraft:item id mismatch ars_nouveau:arcanist_leggings: 1472 (init) -> 1452 (map).
[16Nov2025 09:39:49.624] [Render thread/DEBUG] [net.minecraftforge.registries.ForgeRegistry/REGISTRIES]: Registry minecraft:item: Fixed minecraft:item id mismatch ars_nouveau:arcanist_robes: 1473 (init) -> 1453 (map).
[16Nov2025 09:39:49.624] [Render thread/DEBUG] [net.minecraftforge.registries.ForgeRegistry/REGISTRIES]: Registry minecraft:item: Fixed minecraft:item id mismatch ars_nouveau:archmage_spell_book: 1409 (init) -> 1389 (map).
[16Nov2025 09:39:49.624] [Render thread/DEBUG] [net.minecraftforge.registries.ForgeRegistry/REGISTRIES]: Registry minecraft:item: Fixed minecraft:item id mismatch ars_nouveau:archwood_button: 1536 (init) -> 1516 (map).
[16Nov2025 09:39:49.624] [Render thread/DEBUG] [net.minecraftforge.registries.ForgeRegistry/REGISTRIES]: Registry minecraft:item: Fixed minecraft:item id mismatch ars_nouveau:archwood_chest: 1568 (init) -> 1548 (map).
[16Nov2025 09:39:49.624] [Render thread/DEBUG] [net.minecraftforge.registries.ForgeRegistry/REGISTRIES]: Registry minecraft:item: Fixed minecraft:item id mismatch ars_nouveau:archwood_door: 1543 (init) -> 1523 (map).
[16Nov2025 09:39:49.624] [Render thread/DEBUG] [net.minecraftforge.registries.ForgeRegistry/REGISTRIES]: Registry minecraft:item: Fixed minecraft:item id mismatch ars_nouveau:archwood_fence: 1542 (init) -> 1522 (map).
[16Nov2025 09:39:49.624] [Render thread/DEBUG] [net.minecraftforge.registries.ForgeRegistry/REGISTRIES]: Registry minecraft:item: Fixed minecraft:item id mismatch ars_nouveau:archwood_fence_gate: 1539 (init) -> 1519 (map).
[16Nov2025 09:39:49.624] [Render thread/DEBUG] [net.minecraftforge.registries.ForgeRegistry/REGISTRIES]: Registry minecraft:item: Fixed minecraft:item id mismatch ars_nouveau:archwood_planks: 1535 (init) -> 1515 (map).
[16Nov2025 09:39:49.624] [Render thread/DEBUG] [net.minecraftforge.registries.ForgeRegistry/REGISTRIES]: Registry minecraft:item: Fixed minecraft:item id mismatch ars_nouveau:archwood_pressure_plate: 1541 (init) -> 1521 (map).
[16Nov2025 09:39:49.624] [Render thread/DEBUG] [net.minecraftforge.registries.ForgeRegistry/REGISTRIES]: Registry minecraft:item: Fixed minecraft:item id mismatch ars_nouveau:archwood_sconce: 1558 (init) -> 1538 (map).
[16Nov2025 09:39:49.624] [Render thread/DEBUG] [net.minecraftforge.registries.ForgeRegistry/REGISTRIES]: Registry minecraft:item: Fixed minecraft:item id mismatch ars_nouveau:archwood_slab: 1538 (init) -> 1518 (map).
[16Nov2025 09:39:49.624] [Render thread/DEBUG] [net.minecraftforge.registries.ForgeRegistry/REGISTRIES]: Registry minecraft:item: Fixed minecraft:item id mismatch ars_nouveau:archwood_stairs: 1537 (init) -> 1517 (map).
[16Nov2025 09:39:49.625] [Render thread/DEBUG] [net.minecraftforge.registries.ForgeRegistry/REGISTRIES]: Registry minecraft:item: Fixed minecraft:item id mismatch ars_nouveau:archwood_trapdoor: 1540 (init) -> 1520 (map).
[16Nov2025 09:39:49.625] [Render thread/DEBUG] [net.minecraftforge.registries.ForgeRegistry/REGISTRIES]: Registry minecraft:item: Fixed minecraft:item id mismatch ars_nouveau:basic_spell_turret: 1566 (init) -> 1546 (map).
[16Nov2025 09:39:49.625] [Render thread/DEBUG] [net.minecraftforge.registries.ForgeRegistry/REGISTRIES]: Registry minecraft:item: Fixed minecraft:item id mismatch ars_nouveau:bastion_pod: 1581 (init) -> 1561 (map).
[16Nov2025 09:39:49.625] [Render thread/DEBUG] [net.minecraftforge.registries.ForgeRegistry/REGISTRIES]: Registry minecraft:item: Fixed minecraft:item id mismatch ars_nouveau:battlemage_boots: 1475 (init) -> 1455 (map).
[16Nov2025 09:39:49.625] [Render thread/DEBUG] [net.minecraftforge.registries.ForgeRegistry/REGISTRIES]: Registry minecraft:item: Fixed minecraft:item id mismatch ars_nouveau:battlemage_hood: 1478 (init) -> 1458 (map).
[16Nov2025 09:39:49.625] [Render thread/DEBUG] [net.minecraftforge.registries.ForgeRegistry/REGISTRIES]: Registry minecraft:item: Fixed minecraft:item id mismatch ars_nouveau:battlemage_leggings: 1476 (init) -> 1456 (map).
[16Nov2025 09:39:49.625] [Render thread/DEBUG] [net.minecraftforge.registries.ForgeRegistry/REGISTRIES]: Registry minecraft:item: Fixed minecraft:item id mismatch ars_nouveau:battlemage_robes: 1477 (init) -> 1457 (map).
[16Nov2025 09:39:49.625] [Render thread/DEBUG] [net.minecraftforge.registries.ForgeRegistry/REGISTRIES]: Registry minecraft:item: Fixed minecraft:item id mismatch ars_nouveau:belt_of_levitation: 1416 (init) -> 1396 (map).
[16Nov2025 09:39:49.625] [Render thread/DEBUG] [net.minecraftforge.registries.ForgeRegistry/REGISTRIES]: Registry minecraft:item: Fixed minecraft:item id mismatch ars_nouveau:belt_of_unstable_gifts: 1421 (init) -> 1401 (map).
[16Nov2025 09:39:49.625] [Render thread/DEBUG] [net.minecraftforge.registries.ForgeRegistry/REGISTRIES]: Registry minecraft:item: Fixed minecraft:item id mismatch ars_nouveau:blank_glyph: 1411 (init) -> 1391 (map).
[16Nov2025 09:39:49.625] [Render thread/DEBUG] [net.minecraftforge.registries.ForgeRegistry/REGISTRIES]: Registry minecraft:item: Fixed minecraft:item id mismatch ars_nouveau:blank_parchment: 1439 (init) -> 1419 (map).
[16Nov2025 09:39:49.625] [Render thread/DEBUG] [net.minecraftforge.registries.ForgeRegistry/REGISTRIES]: Registry minecraft:item: Fixed minecraft:item id mismatch ars_nouveau:blank_thread: 1386 (init) -> 1366 (map).
[16Nov2025 09:39:49.625] [Render thread/DEBUG] [net.minecraftforge.registries.ForgeRegistry/REGISTRIES]: Registry minecraft:item: Fixed minecraft:item id mismatch ars_nouveau:blue_archwood_leaves: 1520 (init) -> 1500 (map).
[16Nov2025 09:39:49.625] [Render thread/DEBUG] [net.minecraftforge.registries.ForgeRegistry/REGISTRIES]: Registry minecraft:item: Fixed minecraft:item id mismatch ars_nouveau:blue_archwood_log: 1519 (init) -> 1499 (map).
[16Nov2025 09:39:49.625] [Render thread/DEBUG] [net.minecraftforge.registries.ForgeRegistry/REGISTRIES]: Registry minecraft:item: Fixed minecraft:item id mismatch ars_nouveau:blue_archwood_sapling: 1521 (init) -> 1501 (map).
[16Nov2025 09:39:49.625] [Render thread/DEBUG] [net.minecraftforge.registries.ForgeRegistry/REGISTRIES]: Registry minecraft:item: Fixed minecraft:item id mismatch ars_nouveau:blue_archwood_wood: 1522 (init) -> 1502 (map).
[16Nov2025 09:39:49.625] [Render thread/DEBUG] [net.minecraftforge.registries.ForgeRegistry/REGISTRIES]: Registry minecraft:item: Fixed minecraft:item id mismatch ars_nouveau:blue_sbed: 1573 (init) -> 1553 (map).
[16Nov2025 09:39:49.625] [Render thread/DEBUG] [net.minecraftforge.registries.ForgeRegistry/REGISTRIES]: Registry minecraft:item: Fixed minecraft:item id mismatch ars_nouveau:bombegranate_pod: 1583 (init) -> 1563 (map).
[16Nov2025 09:39:49.625] [Render thread/DEBUG] [net.minecraftforge.registries.ForgeRegistry/REGISTRIES]: Registry minecraft:item: Fixed minecraft:item id mismatch ars_nouveau:bookwyrm_charm: 1424 (init) -> 1404 (map).
[16Nov2025 09:39:49.625] [Render thread/DEBUG] [net.minecraftforge.registries.ForgeRegistry/REGISTRIES]: Registry minecraft:item: Fixed minecraft:item id mismatch ars_nouveau:brazier_relay: 1596 (init) -> 1576 (map).
[16Nov2025 09:39:49.625] [Render thread/DEBUG] [net.minecraftforge.registries.ForgeRegistry/REGISTRIES]: Registry minecraft:item: Fixed minecraft:item id mismatch ars_nouveau:burst: 1328 (init) -> 1308 (map).
[16Nov2025 09:39:49.625] [Render thread/DEBUG] [net.minecraftforge.registries.ForgeRegistry/REGISTRIES]: Registry minecraft:item: Fixed minecraft:item id mismatch ars_nouveau:caster_tome: 1458 (init) -> 1438 (map).
[16Nov2025 09:39:49.625] [Render thread/DEBUG] [net.minecraftforge.registries.ForgeRegistry/REGISTRIES]: Registry minecraft:item: Fixed minecraft:item id mismatch ars_nouveau:conjuration_essence: 1481 (init) -> 1461 (map).
[16Nov2025 09:39:49.625] [Render thread/DEBUG] [net.minecraftforge.registries.ForgeRegistry/REGISTRIES]: Registry minecraft:item: Fixed minecraft:item id mismatch ars_nouveau:creative_source_jar: 1518 (init) -> 1498 (map).
[16Nov2025 09:39:49.625] [Render thread/DEBUG] [net.minecraftforge.registries.ForgeRegistry/REGISTRIES]: Registry minecraft:item: Fixed minecraft:item id mismatch ars_nouveau:creative_spell_book: 1410 (init) -> 1390 (map).
[16Nov2025 09:39:49.625] [Render thread/DEBUG] [net.minecraftforge.registries.ForgeRegistry/REGISTRIES]: Registry minecraft:item: Fixed minecraft:item id mismatch ars_nouveau:debug: 1430 (init) -> 1410 (map).
[16Nov2025 09:39:49.625] [Render thread/DEBUG] [net.minecraftforge.registries.ForgeRegistry/REGISTRIES]: Registry minecraft:item: Fixed minecraft:item id mismatch ars_nouveau:deny_scroll: 1437 (init) -> 1417 (map).
[16Nov2025 09:39:49.625] [Render thread/DEBUG] [net.minecraftforge.registries.ForgeRegistry/REGISTRIES]: Registry minecraft:item: Fixed minecraft:item id mismatch ars_nouveau:dominion_wand: 1425 (init) -> 1405 (map).
[16Nov2025 09:39:49.625] [Render thread/DEBUG] [net.minecraftforge.registries.ForgeRegistry/REGISTRIES]: Registry minecraft:item: Fixed minecraft:item id mismatch ars_nouveau:dowsing_rod: 1479 (init) -> 1459 (map).
[16Nov2025 09:39:49.625] [Render thread/DEBUG] [net.minecraftforge.registries.ForgeRegistry/REGISTRIES]: Registry minecraft:item: Fixed minecraft:item id mismatch ars_nouveau:drygmy_charm: 1459 (init) -> 1439 (map).
[16Nov2025 09:39:49.625] [Render thread/DEBUG] [net.minecraftforge.registries.ForgeRegistry/REGISTRIES]: Registry minecraft:item: Fixed minecraft:item id mismatch ars_nouveau:drygmy_se: 1671 (init) -> 1651 (map).
[16Nov2025 09:39:49.625] [Render thread/DEBUG] [net.minecraftforge.registries.ForgeRegistry/REGISTRIES]: Registry minecraft:item: Fixed minecraft:item id mismatch ars_nouveau:drygmy_shard: 1460 (init) -> 1440 (map).
[16Nov2025 09:39:49.625] [Render thread/DEBUG] [net.minecraftforge.registries.ForgeRegistry/REGISTRIES]: Registry minecraft:item: Fixed minecraft:item id mismatch ars_nouveau:drygmy_stone: 1560 (init) -> 1540 (map).
[16Nov2025 09:39:49.625] [Render thread/DEBUG] [net.minecraftforge.registries.ForgeRegistry/REGISTRIES]: Registry minecraft:item: Fixed minecraft:item id mismatch ars_nouveau:dull_trinket: 1428 (init) -> 1408 (map).
[16Nov2025 09:39:49.627] [Render thread/DEBUG] [net.minecraftforge.registries.ForgeRegistry/REGISTRIES]: Registry minecraft:item: Fixed minecraft:item id mismatch ars_nouveau:earth_essence: 1483 (init) -> 1463 (map).
[16Nov2025 09:39:49.627] [Render thread/DEBUG] [net.minecraftforge.registries.ForgeRegistry/REGISTRIES]: Registry minecraft:item: Fixed minecraft:item id mismatch ars_nouveau:enchanters_eye: 1500 (init) -> 1480 (map).
[16Nov2025 09:39:49.627] [Render thread/DEBUG] [net.minecraftforge.registries.ForgeRegistry/REGISTRIES]: Registry minecraft:item: Fixed minecraft:item id mismatch ars_nouveau:enchanters_mirror: 1466 (init) -> 1446 (map).
[16Nov2025 09:39:49.627] [Render thread/DEBUG] [net.minecraftforge.registries.ForgeRegistry/REGISTRIES]: Registry minecraft:item: Fixed minecraft:item id mismatch ars_nouveau:enchanters_shield: 1457 (init) -> 1437 (map).
[16Nov2025 09:39:49.627] [Render thread/DEBUG] [net.minecraftforge.registries.ForgeRegistry/REGISTRIES]: Registry minecraft:item: Fixed minecraft:item id mismatch ars_nouveau:enchanters_sword: 1456 (init) -> 1436 (map).
[16Nov2025 09:39:49.627] [Render thread/DEBUG] [net.minecraftforge.registries.ForgeRegistry/REGISTRIES]: Registry minecraft:item: Fixed minecraft:item id mismatch ars_nouveau:enchanting_apparatus: 1504 (init) -> 1484 (map).
[16Nov2025 09:39:49.627] [Render thread/DEBUG] [net.minecraftforge.registries.ForgeRegistry/REGISTRIES]: Registry minecraft:item: Fixed minecraft:item id mismatch ars_nouveau:experience_gem: 1454 (init) -> 1434 (map).
[16Nov2025 09:39:49.627] [Render thread/DEBUG] [net.minecraftforge.registries.ForgeRegistry/REGISTRIES]: Registry minecraft:item: Fixed minecraft:item id mismatch ars_nouveau:falseweave: 1589 (init) -> 1569 (map).
[16Nov2025 09:39:49.627] [Render thread/DEBUG] [net.minecraftforge.registries.ForgeRegistry/REGISTRIES]: Registry minecraft:item: Fixed minecraft:item id mismatch ars_nouveau:familiar_amethyst_golem: 1380 (init) -> 1360 (map).
[16Nov2025 09:39:49.627] [Render thread/DEBUG] [net.minecraftforge.registries.ForgeRegistry/REGISTRIES]: Registry minecraft:item: Fixed minecraft:item id mismatch ars_nouveau:familiar_bookwyrm: 1385 (init) -> 1365 (map).
[16Nov2025 09:39:49.627] [Render thread/DEBUG] [net.minecraftforge.registries.ForgeRegistry/REGISTRIES]: Registry minecraft:item: Fixed minecraft:item id mismatch ars_nouveau:familiar_drygmy: 1384 (init) -> 1364 (map).
[16Nov2025 09:39:49.627] [Render thread/DEBUG] [net.minecraftforge.registries.ForgeRegistry/REGISTRIES]: Registry minecraft:item: Fixed minecraft:item id mismatch ars_nouveau:familiar_starbuncle: 1381 (init) -> 1361 (map).
[16Nov2025 09:39:49.627] [Render thread/DEBUG] [net.minecraftforge.registries.ForgeRegistry/REGISTRIES]: Registry minecraft:item: Fixed minecraft:item id mismatch ars_nouveau:familiar_whirlisprig: 1383 (init) -> 1363 (map).
[16Nov2025 09:39:49.627] [Render thread/DEBUG] [net.minecraftforge.registries.ForgeRegistry/REGISTRIES]: Registry minecraft:item: Fixed minecraft:item id mismatch ars_nouveau:familiar_wixie: 1382 (init) -> 1362 (map).
[16Nov2025 09:39:49.627] [Render thread/DEBUG] [net.minecraftforge.registries.ForgeRegistry/REGISTRIES]: Registry minecraft:item: Fixed minecraft:item id mismatch ars_nouveau:fire_essence: 1484 (init) -> 1464 (map).
[16Nov2025 09:39:49.627] [Render thread/DEBUG] [net.minecraftforge.registries.ForgeRegistry/REGISTRIES]: Registry minecraft:item: Fixed minecraft:item id mismatch ars_nouveau:frostaya_pod: 1582 (init) -> 1562 (map).
[16Nov2025 09:39:49.627] [Render thread/DEBUG] [net.minecraftforge.registries.ForgeRegistry/REGISTRIES]: Registry minecraft:item: Fixed minecraft:item id mismatch ars_nouveau:ghostweave: 1591 (init) -> 1571 (map).
[16Nov2025 09:39:49.627] [Render thread/DEBUG] [net.minecraftforge.registries.ForgeRegistry/REGISTRIES]: Registry minecraft:item: Fixed minecraft:item id mismatch ars_nouveau:gilded_sourcestone_alternating: 1619 (init) -> 1599 (map).
[16Nov2025 09:39:49.627] [Render thread/DEBUG] [net.minecraftforge.registries.ForgeRegistry/REGISTRIES]: Registry minecraft:item: Fixed minecraft:item id mismatch ars_nouveau:gilded_sourcestone_alternating_slab: 1663 (init) -> 1643 (map).
[16Nov2025 09:39:49.627] [Render thread/DEBUG] [net.minecraftforge.registries.ForgeRegistry/REGISTRIES]: Registry minecraft:item: Fixed minecraft:item id mismatch ars_nouveau:gilded_sourcestone_alternating_stairs: 1641 (init) -> 1621 (map).
[16Nov2025 09:39:49.627] [Render thread/DEBUG] [net.minecraftforge.registries.ForgeRegistry/REGISTRIES]: Registry minecraft:item: Fixed minecraft:item id mismatch ars_nouveau:gilded_sourcestone_basketweave: 1618 (init) -> 1598 (map).
[16Nov2025 09:39:49.627] [Render thread/DEBUG] [net.minecraftforge.registries.ForgeRegistry/REGISTRIES]: Registry minecraft:item: Fixed minecraft:item id mismatch ars_nouveau:gilded_sourcestone_basketweave_slab: 1662 (init) -> 1642 (map).
[16Nov2025 09:39:49.627] [Render thread/DEBUG] [net.minecraftforge.registries.ForgeRegistry/REGISTRIES]: Registry minecraft:item: Fixed minecraft:item id mismatch ars_nouveau:gilded_sourcestone_basketweave_stairs: 1640 (init) -> 1620 (map).
[16Nov2025 09:39:49.627] [Render thread/DEBUG] [net.minecraftforge.registries.ForgeRegistry/REGISTRIES]: Registry minecraft:item: Fixed minecraft:item id mismatch ars_nouveau:gilded_sourcestone_large_bricks: 1620 (init) -> 1600 (map).
[16Nov2025 09:39:49.627] [Render thread/DEBUG] [net.minecraftforge.registries.ForgeRegistry/REGISTRIES]: Registry minecraft:item: Fixed minecraft:item id mismatch ars_nouveau:gilded_sourcestone_large_bricks_slab: 1664 (init) -> 1644 (map).
[16Nov2025 09:39:49.627] [Render thread/DEBUG] [net.minecraftforge.registries.ForgeRegistry/REGISTRIES]: Registry minecraft:item: Fixed minecraft:item id mismatch ars_nouveau:gilded_sourcestone_large_bricks_stairs: 1642 (init) -> 1622 (map).
[16Nov2025 09:39:49.627] [Render thread/DEBUG] [net.minecraftforge.registries.ForgeRegistry/REGISTRIES]: Registry minecraft:item: Fixed minecraft:item id mismatch ars_nouveau:gilded_sourcestone_mosaic: 1617 (init) -> 1597 (map).
[16Nov2025 09:39:49.627] [Render thread/DEBUG] [net.minecraftforge.registries.ForgeRegistry/REGISTRIES]: Registry minecraft:item: Fixed minecraft:item id mismatch ars_nouveau:gilded_sourcestone_mosaic_slab: 1661 (init) -> 1641 (map).
[16Nov2025 09:39:49.628] [Render thread/DEBUG] [net.minecraftforge.registries.ForgeRegistry/REGISTRIES]: Registry minecraft:item: Fixed minecraft:item id mismatch ars_nouveau:gilded_sourcestone_mosaic_stairs: 1639 (init) -> 1619 (map).
[16Nov2025 09:39:49.628] [Render thread/DEBUG] [net.minecraftforge.registries.ForgeRegistry/REGISTRIES]: Registry minecraft:item: Fixed minecraft:item id mismatch ars_nouveau:gilded_sourcestone_small_bricks: 1621 (init) -> 1601 (map).
[16Nov2025 09:39:49.628] [Render thread/DEBUG] [net.minecraftforge.registries.ForgeRegistry/REGISTRIES]: Registry minecraft:item: Fixed minecraft:item id mismatch ars_nouveau:gilded_sourcestone_small_bricks_slab: 1665 (init) -> 1645 (map).
[16Nov2025 09:39:49.628] [Render thread/DEBUG] [net.minecraftforge.registries.ForgeRegistry/REGISTRIES]: Registry minecraft:item: Fixed minecraft:item id mismatch ars_nouveau:gilded_sourcestone_small_bricks_stairs: 1643 (init) -> 1623 (map).
[16Nov2025 09:39:49.628] [Render thread/DEBUG] [net.minecraftforge.registries.ForgeRegistry/REGISTRIES]: Registry minecraft:item: Fixed minecraft:item id mismatch ars_nouveau:glyph_accelerate: 1333 (init) -> 1313 (map).
[16Nov2025 09:39:49.628] [Render thread/DEBUG] [net.minecraftforge.registries.ForgeRegistry/REGISTRIES]: Registry minecraft:item: Fixed minecraft:item id mismatch ars_nouveau:glyph_amplify: 1305 (init) -> 1285 (map).
[16Nov2025 09:39:49.628] [Render thread/DEBUG] [net.minecraftforge.registries.ForgeRegistry/REGISTRIES]: Registry minecraft:item: Fixed minecraft:item id mismatch ars_nouveau:glyph_animate_block: 1302 (init) -> 1282 (map).
[16Nov2025 09:39:49.628] [Render thread/DEBUG] [net.minecraftforge.registries.ForgeRegistry/REGISTRIES]: Registry minecraft:item: Fixed minecraft:item id mismatch ars_nouveau:glyph_aoe: 1329 (init) -> 1309 (map).
[16Nov2025 09:39:49.628] [Render thread/DEBUG] [net.minecraftforge.registries.ForgeRegistry/REGISTRIES]: Registry minecraft:item: Fixed minecraft:item id mismatch ars_nouveau:glyph_blink: 1301 (init) -> 1281 (map).
[16Nov2025 09:39:49.628] [Render thread/DEBUG] [net.minecraftforge.registries.ForgeRegistry/REGISTRIES]: Registry minecraft:item: Fixed minecraft:item id mismatch ars_nouveau:glyph_bounce: 1306 (init) -> 1286 (map).
[16Nov2025 09:39:49.628] [Render thread/DEBUG] [net.minecraftforge.registries.ForgeRegistry/REGISTRIES]: Registry minecraft:item: Fixed minecraft:item id mismatch ars_nouveau:glyph_break: 1334 (init) -> 1314 (map).
[16Nov2025 09:39:49.628] [Render thread/DEBUG] [net.minecraftforge.registries.ForgeRegistry/REGISTRIES]: Registry minecraft:item: Fixed minecraft:item id mismatch ars_nouveau:glyph_cold_snap: 1347 (init) -> 1327 (map).
[16Nov2025 09:39:49.628] [Render thread/DEBUG] [net.minecraftforge.registries.ForgeRegistry/REGISTRIES]: Registry minecraft:item: Fixed minecraft:item id mismatch ars_nouveau:glyph_conjure_water: 1293 (init) -> 1273 (map).
[16Nov2025 09:39:49.628] [Render thread/DEBUG] [net.minecraftforge.registries.ForgeRegistry/REGISTRIES]: Registry minecraft:item: Fixed minecraft:item id mismatch ars_nouveau:glyph_craft: 1339 (init) -> 1319 (map).
[16Nov2025 09:39:49.628] [Render thread/DEBUG] [net.minecraftforge.registries.ForgeRegistry/REGISTRIES]: Registry minecraft:item: Fixed minecraft:item id mismatch ars_nouveau:glyph_crush: 1290 (init) -> 1270 (map).
[16Nov2025 09:39:49.628] [Render thread/DEBUG] [net.minecraftforge.registries.ForgeRegistry/REGISTRIES]: Registry minecraft:item: Fixed minecraft:item id mismatch ars_nouveau:glyph_cut: 1280 (init) -> 1260 (map).
[16Nov2025 09:39:49.628] [Render thread/DEBUG] [net.minecraftforge.registries.ForgeRegistry/REGISTRIES]: Registry minecraft:item: Fixed minecraft:item id mismatch ars_nouveau:glyph_dampen: 1284 (init) -> 1264 (map).
[16Nov2025 09:39:49.628] [Render thread/DEBUG] [net.minecraftforge.registries.ForgeRegistry/REGISTRIES]: Registry minecraft:item: Fixed minecraft:item id mismatch ars_nouveau:glyph_decelerate: 1330 (init) -> 1310 (map).
[16Nov2025 09:39:49.629] [Render thread/DEBUG] [net.minecraftforge.registries.ForgeRegistry/REGISTRIES]: Registry minecraft:item: Fixed minecraft:item id mismatch ars_nouveau:glyph_delay: 1346 (init) -> 1326 (map).
[16Nov2025 09:39:49.629] [Render thread/DEBUG] [net.minecraftforge.registries.ForgeRegistry/REGISTRIES]: Registry minecraft:item: Fixed minecraft:item id mismatch ars_nouveau:glyph_dispel: 1355 (init) -> 1335 (map).
[16Nov2025 09:39:49.629] [Render thread/DEBUG] [net.minecraftforge.registries.ForgeRegistry/REGISTRIES]: Registry minecraft:item: Fixed minecraft:item id mismatch ars_nouveau:glyph_duration_down: 1315 (init) -> 1295 (map).
[16Nov2025 09:39:49.629] [Render thread/DEBUG] [net.minecraftforge.registries.ForgeRegistry/REGISTRIES]: Registry minecraft:item: Fixed minecraft:item id mismatch ars_nouveau:glyph_ender_inventory: 1317 (init) -> 1297 (map).
[16Nov2025 09:39:49.629] [Render thread/DEBUG] [net.minecraftforge.registries.ForgeRegistry/REGISTRIES]: Registry minecraft:item: Fixed minecraft:item id mismatch ars_nouveau:glyph_evaporate: 1291 (init) -> 1271 (map).
[16Nov2025 09:39:49.629] [Render thread/DEBUG] [net.minecraftforge.registries.ForgeRegistry/REGISTRIES]: Registry minecraft:item: Fixed minecraft:item id mismatch ars_nouveau:glyph_exchange: 1311 (init) -> 1291 (map).
[16Nov2025 09:39:49.629] [Render thread/DEBUG] [net.minecraftforge.registries.ForgeRegistry/REGISTRIES]: Registry minecraft:item: Fixed minecraft:item id mismatch ars_nouveau:glyph_explosion: 1338 (init) -> 1318 (map).
[16Nov2025 09:39:49.629] [Render thread/DEBUG] [net.minecraftforge.registries.ForgeRegistry/REGISTRIES]: Registry minecraft:item: Fixed minecraft:item id mismatch ars_nouveau:glyph_extend_time: 1331 (init) -> 1311 (map).
[16Nov2025 09:39:49.629] [Render thread/DEBUG] [net.minecraftforge.registries.ForgeRegistry/REGISTRIES]: Registry minecraft:item: Fixed minecraft:item id mismatch ars_nouveau:glyph_extract: 1345 (init) -> 1325 (map).
[16Nov2025 09:39:49.629] [Render thread/DEBUG] [net.minecraftforge.registries.ForgeRegistry/REGISTRIES]: Registry minecraft:item: Fixed minecraft:item id mismatch ars_nouveau:glyph_fangs: 1310 (init) -> 1290 (map).
[16Nov2025 09:39:49.629] [Render thread/DEBUG] [net.minecraftforge.registries.ForgeRegistry/REGISTRIES]: Registry minecraft:item: Fixed minecraft:item id mismatch ars_nouveau:glyph_fell: 1312 (init) -> 1292 (map).
[16Nov2025 09:39:49.629] [Render thread/DEBUG] [net.minecraftforge.registries.ForgeRegistry/REGISTRIES]: Registry minecraft:item: Fixed minecraft:item id mismatch ars_nouveau:glyph_firework: 1286 (init) -> 1266 (map).
[16Nov2025 09:39:49.629] [Render thread/DEBUG] [net.minecraftforge.registries.ForgeRegistry/REGISTRIES]: Registry minecraft:item: Fixed minecraft:item id mismatch ars_nouveau:glyph_flare: 1337 (init) -> 1317 (map).
[16Nov2025 09:39:49.629] [Render thread/DEBUG] [net.minecraftforge.registries.ForgeRegistry/REGISTRIES]: Registry minecraft:item: Fixed minecraft:item id mismatch ars_nouveau:glyph_fortune: 1277 (init) -> 1257 (map).
[16Nov2025 09:39:49.629] [Render thread/DEBUG] [net.minecraftforge.registries.ForgeRegistry/REGISTRIES]: Registry minecraft:item: Fixed minecraft:item id mismatch ars_nouveau:glyph_freeze: 1322 (init) -> 1302 (map).
[16Nov2025 09:39:49.629] [Render thread/DEBUG] [net.minecraftforge.registries.ForgeRegistry/REGISTRIES]: Registry minecraft:item: Fixed minecraft:item id mismatch ars_nouveau:glyph_glide: 1308 (init) -> 1288 (map).
[16Nov2025 09:39:49.629] [Render thread/DEBUG] [net.minecraftforge.registries.ForgeRegistry/REGISTRIES]: Registry minecraft:item: Fixed minecraft:item id mismatch ars_nouveau:glyph_gravity: 1285 (init) -> 1265 (map).
[16Nov2025 09:39:49.629] [Render thread/DEBUG] [net.minecraftforge.registries.ForgeRegistry/REGISTRIES]: Registry minecraft:item: Fixed minecraft:item id mismatch ars_nouveau:glyph_grow: 1281 (init) -> 1261 (map).
[16Nov2025 09:39:49.629] [Render thread/DEBUG] [net.minecraftforge.registries.ForgeRegistry/REGISTRIES]: Registry minecraft:item: Fixed minecraft:item id mismatch ars_nouveau:glyph_gust: 1321 (init) -> 1301 (map).
[16Nov2025 09:39:49.629] [Render thread/DEBUG] [net.minecraftforge.registries.ForgeRegistry/REGISTRIES]: Registry minecraft:item: Fixed minecraft:item id mismatch ars_nouveau:glyph_harm: 1304 (init) -> 1284 (map).
[16Nov2025 09:39:49.629] [Render thread/DEBUG] [net.minecraftforge.registries.ForgeRegistry/REGISTRIES]: Registry minecraft:item: Fixed minecraft:item id mismatch ars_nouveau:glyph_harvest: 1320 (init) -> 1300 (map).
[16Nov2025 09:39:49.629] [Render thread/DEBUG] [net.minecraftforge.registries.ForgeRegistry/REGISTRIES]: Registry minecraft:item: Fixed minecraft:item id mismatch ars_nouveau:glyph_heal: 1307 (init) -> 1287 (map).
[16Nov2025 09:39:49.629] [Render thread/DEBUG] [net.minecraftforge.registries.ForgeRegistry/REGISTRIES]: Registry minecraft:item: Fixed minecraft:item id mismatch ars_nouveau:glyph_hex: 1351 (init) -> 1331 (map).
[16Nov2025 09:39:49.629] [Render thread/DEBUG] [net.minecraftforge.registries.ForgeRegistry/REGISTRIES]: Registry minecraft:item: Fixed minecraft:item id mismatch ars_nouveau:glyph_ignite: 1303 (init) -> 1283 (map).
[16Nov2025 09:39:49.629] [Render thread/DEBUG] [net.minecraftforge.registries.ForgeRegistry/REGISTRIES]: Registry minecraft:item: Fixed minecraft:item id mismatch ars_nouveau:glyph_infuse: 1350 (init) -> 1330 (map).
[16Nov2025 09:39:49.629] [Render thread/DEBUG] [net.minecraftforge.registries.ForgeRegistry/REGISTRIES]: Registry minecraft:item: Fixed minecraft:item id mismatch ars_nouveau:glyph_intangible: 1316 (init) -> 1296 (map).
[16Nov2025 09:39:49.629] [Render thread/DEBUG] [net.minecraftforge.registries.ForgeRegistry/REGISTRIES]: Registry minecraft:item: Fixed minecraft:item id mismatch ars_nouveau:glyph_interact: 1318 (init) -> 1298 (map).
[16Nov2025 09:39:49.629] [Render thread/DEBUG] [net.minecraftforge.registries.ForgeRegistry/REGISTRIES]: Registry minecraft:item: Fixed minecraft:item id mismatch ars_nouveau:glyph_invisibility: 1275 (init) -> 1255 (map).
[16Nov2025 09:39:49.630] [Render thread/DEBUG] [net.minecraftforge.registries.ForgeRegistry/REGISTRIES]: Registry minecraft:item: Fixed minecraft:item id mismatch ars_nouveau:glyph_launch: 1297 (init) -> 1277 (map).
[16Nov2025 09:39:49.630] [Render thread/DEBUG] [net.minecraftforge.registries.ForgeRegistry/REGISTRIES]: Registry minecraft:item: Fixed minecraft:item id mismatch ars_nouveau:glyph_leap: 1309 (init) -> 1289 (map).
[16Nov2025 09:39:49.630] [Render thread/DEBUG] [net.minecraftforge.registries.ForgeRegistry/REGISTRIES]: Registry minecraft:item: Fixed minecraft:item id mismatch ars_nouveau:glyph_light: 1354 (init) -> 1334 (map).
[16Nov2025 09:39:49.630] [Render thread/DEBUG] [net.minecraftforge.registries.ForgeRegistry/REGISTRIES]: Registry minecraft:item: Fixed minecraft:item id mismatch ars_nouveau:glyph_lightning: 1294 (init) -> 1274 (map).
[16Nov2025 09:39:49.630] [Render thread/DEBUG] [net.minecraftforge.registries.ForgeRegistry/REGISTRIES]: Registry minecraft:item: Fixed minecraft:item id mismatch ars_nouveau:glyph_linger: 1353 (init) -> 1333 (map).
[16Nov2025 09:39:49.630] [Render thread/DEBUG] [net.minecraftforge.registries.ForgeRegistry/REGISTRIES]: Registry minecraft:item: Fixed minecraft:item id mismatch ars_nouveau:glyph_name: 1283 (init) -> 1263 (map).
[16Nov2025 09:39:49.630] [Render thread/DEBUG] [net.minecraftforge.registries.ForgeRegistry/REGISTRIES]: Registry minecraft:item: Fixed minecraft:item id mismatch ars_nouveau:glyph_orbit: 1332 (init) -> 1312 (map).
[16Nov2025 09:39:49.630] [Render thread/DEBUG] [net.minecraftforge.registries.ForgeRegistry/REGISTRIES]: Registry minecraft:item: Fixed minecraft:item id mismatch ars_nouveau:glyph_phantom_block: 1276 (init) -> 1256 (map).
[16Nov2025 09:39:49.630] [Render thread/DEBUG] [net.minecraftforge.registries.ForgeRegistry/REGISTRIES]: Registry minecraft:item: Fixed minecraft:item id mismatch ars_nouveau:glyph_pickup: 1295 (init) -> 1275 (map).
[16Nov2025 09:39:49.630] [Render thread/DEBUG] [net.minecraftforge.registries.ForgeRegistry/REGISTRIES]: Registry minecraft:item: Fixed minecraft:item id mismatch ars_nouveau:glyph_pierce: 1343 (init) -> 1323 (map).
[16Nov2025 09:39:49.630] [Render thread/DEBUG] [net.minecraftforge.registries.ForgeRegistry/REGISTRIES]: Registry minecraft:item: Fixed minecraft:item id mismatch ars_nouveau:glyph_place_block: 1319 (init) -> 1299 (map).
[16Nov2025 09:39:49.630] [Render thread/DEBUG] [net.minecraftforge.registries.ForgeRegistry/REGISTRIES]: Registry minecraft:item: Fixed minecraft:item id mismatch ars_nouveau:glyph_projectile: 1349 (init) -> 1329 (map).
[16Nov2025 09:39:49.630] [Render thread/DEBUG] [net.minecraftforge.registries.ForgeRegistry/REGISTRIES]: Registry minecraft:item: Fixed minecraft:item id mismatch ars_nouveau:glyph_pull: 1342 (init) -> 1322 (map).
[16Nov2025 09:39:49.630] [Render thread/DEBUG] [net.minecraftforge.registries.ForgeRegistry/REGISTRIES]: Registry minecraft:item: Fixed minecraft:item id mismatch ars_nouveau:glyph_randomize: 1323 (init) -> 1303 (map).
[16Nov2025 09:39:49.630] [Render thread/DEBUG] [net.minecraftforge.registries.ForgeRegistry/REGISTRIES]: Registry minecraft:item: Fixed minecraft:item id mismatch ars_nouveau:glyph_redstone_signal: 1314 (init) -> 1294 (map).
[16Nov2025 09:39:49.630] [Render thread/DEBUG] [net.minecraftforge.registries.ForgeRegistry/REGISTRIES]: Registry minecraft:item: Fixed minecraft:item id mismatch ars_nouveau:glyph_rotate: 1299 (init) -> 1279 (map).
[16Nov2025 09:39:49.630] [Render thread/DEBUG] [net.minecraftforge.registries.ForgeRegistry/REGISTRIES]: Registry minecraft:item: Fixed minecraft:item id mismatch ars_nouveau:glyph_rune: 1336 (init) -> 1316 (map).
[16Nov2025 09:39:49.630] [Render thread/DEBUG] [net.minecraftforge.registries.ForgeRegistry/REGISTRIES]: Registry minecraft:item: Fixed minecraft:item id mismatch ars_nouveau:glyph_self: 1327 (init) -> 1307 (map).
[16Nov2025 09:39:49.630] [Render thread/DEBUG] [net.minecraftforge.registries.ForgeRegistry/REGISTRIES]: Registry minecraft:item: Fixed minecraft:item id mismatch ars_nouveau:glyph_sense_magic: 1341 (init) -> 1321 (map).
[16Nov2025 09:39:49.630] [Render thread/DEBUG] [net.minecraftforge.registries.ForgeRegistry/REGISTRIES]: Registry minecraft:item: Fixed minecraft:item id mismatch ars_nouveau:glyph_sensitive: 1313 (init) -> 1293 (map).
[16Nov2025 09:39:49.631] [Render thread/DEBUG] [net.minecraftforge.registries.ForgeRegistry/REGISTRIES]: Registry minecraft:item: Fixed minecraft:item id mismatch ars_nouveau:glyph_slowfall: 1344 (init) -> 1324 (map).
[16Nov2025 09:39:49.631] [Render thread/DEBUG] [net.minecraftforge.registries.ForgeRegistry/REGISTRIES]: Registry minecraft:item: Fixed minecraft:item id mismatch ars_nouveau:glyph_smelt: 1296 (init) -> 1276 (map).
[16Nov2025 09:39:49.631] [Render thread/DEBUG] [net.minecraftforge.registries.ForgeRegistry/REGISTRIES]: Registry minecraft:item: Fixed minecraft:item id mismatch ars_nouveau:glyph_snare: 1288 (init) -> 1268 (map).
[16Nov2025 09:39:49.631] [Render thread/DEBUG] [net.minecraftforge.registries.ForgeRegistry/REGISTRIES]: Registry minecraft:item: Fixed minecraft:item id mismatch ars_nouveau:glyph_split: 1287 (init) -> 1267 (map).
[16Nov2025 09:39:49.631] [Render thread/DEBUG] [net.minecraftforge.registries.ForgeRegistry/REGISTRIES]: Registry minecraft:item: Fixed minecraft:item id mismatch ars_nouveau:glyph_summon_decoy: 1348 (init) -> 1328 (map).
[16Nov2025 09:39:49.631] [Render thread/DEBUG] [net.minecraftforge.registries.ForgeRegistry/REGISTRIES]: Registry minecraft:item: Fixed minecraft:item id mismatch ars_nouveau:glyph_summon_steed: 1325 (init) -> 1305 (map).
[16Nov2025 09:39:49.631] [Render thread/DEBUG] [net.minecraftforge.registries.ForgeRegistry/REGISTRIES]: Registry minecraft:item: Fixed minecraft:item id mismatch ars_nouveau:glyph_summon_undead: 1335 (init) -> 1315 (map).
[16Nov2025 09:39:49.631] [Render thread/DEBUG] [net.minecraftforge.registries.ForgeRegistry/REGISTRIES]: Registry minecraft:item: Fixed minecraft:item id mismatch ars_nouveau:glyph_summon_vex: 1326 (init) -> 1306 (map).
[16Nov2025 09:39:49.631] [Render thread/DEBUG] [net.minecraftforge.registries.ForgeRegistry/REGISTRIES]: Registry minecraft:item: Fixed minecraft:item id mismatch ars_nouveau:glyph_summon_wolves: 1282 (init) -> 1262 (map).
[16Nov2025 09:39:49.635] [Render thread/DEBUG] [net.minecraftforge.registries.ForgeRegistry/REGISTRIES]: Registry minecraft:item: Fixed minecraft:item id mismatch ars_nouveau:glyph_toss: 1279 (init) -> 1259 (map).
[16Nov2025 09:39:49.635] [Render thread/DEBUG] [net.minecraftforge.registries.ForgeRegistry/REGISTRIES]: Registry minecraft:item: Fixed minecraft:item id mismatch ars_nouveau:glyph_touch: 1292 (init) -> 1272 (map).
[16Nov2025 09:39:49.635] [Render thread/DEBUG] [net.minecraftforge.registries.ForgeRegistry/REGISTRIES]: Registry minecraft:item: Fixed minecraft:item id mismatch ars_nouveau:glyph_underfoot: 1352 (init) -> 1332 (map).
[16Nov2025 09:39:49.635] [Render thread/DEBUG] [net.minecraftforge.registries.ForgeRegistry/REGISTRIES]: Registry minecraft:item: Fixed minecraft:item id mismatch ars_nouveau:glyph_wall: 1324 (init) -> 1304 (map).
[16Nov2025 09:39:49.635] [Render thread/DEBUG] [net.minecraftforge.registries.ForgeRegistry/REGISTRIES]: Registry minecraft:item: Fixed minecraft:item id mismatch ars_nouveau:glyph_wind_shear: 1340 (init) -> 1320 (map).
[16Nov2025 09:39:49.635] [Render thread/DEBUG] [net.minecraftforge.registries.ForgeRegistry/REGISTRIES]: Registry minecraft:item: Fixed minecraft:item id mismatch ars_nouveau:glyph_wither: 1278 (init) -> 1258 (map).
[16Nov2025 09:39:49.635] [Render thread/DEBUG] [net.minecraftforge.registries.ForgeRegistry/REGISTRIES]: Registry minecraft:item: Fixed minecraft:item id mismatch ars_nouveau:greater_experience_gem: 1455 (init) -> 1435 (map).
[16Nov2025 09:39:49.635] [Render thread/DEBUG] [net.minecraftforge.registries.ForgeRegistry/REGISTRIES]: Registry minecraft:item: Fixed minecraft:item id mismatch ars_nouveau:green_archwood_leaves: 1532 (init) -> 1512 (map).
[16Nov2025 09:39:49.635] [Render thread/DEBUG] [net.minecraftforge.registries.ForgeRegistry/REGISTRIES]: Registry minecraft:item: Fixed minecraft:item id mismatch ars_nouveau:green_archwood_log: 1531 (init) -> 1511 (map).
[16Nov2025 09:39:49.635] [Render thread/DEBUG] [net.minecraftforge.registries.ForgeRegistry/REGISTRIES]: Registry minecraft:item: Fixed minecraft:item id mismatch ars_nouveau:green_archwood_sapling: 1533 (init) -> 1513 (map).
[16Nov2025 09:39:49.635] [Render thread/DEBUG] [net.minecraftforge.registries.ForgeRegistry/REGISTRIES]: Registry minecraft:item: Fixed minecraft:item id mismatch ars_nouveau:green_archwood_wood: 1534 (init) -> 1514 (map).
[16Nov2025 09:39:49.635] [Render thread/DEBUG] [net.minecraftforge.registries.ForgeRegistry/REGISTRIES]: Registry minecraft:item: Fixed minecraft:item id mismatch ars_nouveau:green_sbed: 1574 (init) -> 1554 (map).
[16Nov2025 09:39:49.635] [Render thread/DEBUG] [net.minecraftforge.registries.ForgeRegistry/REGISTRIES]: Registry minecraft:item: Fixed minecraft:item id mismatch ars_nouveau:imbuement_chamber: 1511 (init) -> 1491 (map).
[16Nov2025 09:39:49.635] [Render thread/DEBUG] [net.minecraftforge.registries.ForgeRegistry/REGISTRIES]: Registry minecraft:item: Fixed minecraft:item id mismatch ars_nouveau:item_detector: 1601 (init) -> 1581 (map).
[16Nov2025 09:39:49.635] [Render thread/DEBUG] [net.minecraftforge.registries.ForgeRegistry/REGISTRIES]: Registry minecraft:item: Fixed minecraft:item id mismatch ars_nouveau:jar_of_light: 1415 (init) -> 1395 (map).
[16Nov2025 09:39:49.635] [Render thread/DEBUG] [net.minecraftforge.registries.ForgeRegistry/REGISTRIES]: Registry minecraft:item: Fixed minecraft:item id mismatch ars_nouveau:jump_ring: 1501 (init) -> 1481 (map).
[16Nov2025 09:39:49.635] [Render thread/DEBUG] [net.minecraftforge.registries.ForgeRegistry/REGISTRIES]: Registry minecraft:item: Fixed minecraft:item id mismatch ars_nouveau:lingering_flask_cannon: 1493 (init) -> 1473 (map).
[16Nov2025 09:39:49.635] [Render thread/DEBUG] [net.minecraftforge.registries.ForgeRegistry/REGISTRIES]: Registry minecraft:item: Fixed minecraft:item id mismatch ars_nouveau:mage_block: 1502 (init) -> 1482 (map).
[16Nov2025 09:39:49.636] [Render thread/DEBUG] [net.minecraftforge.registries.ForgeRegistry/REGISTRIES]: Registry minecraft:item: Fixed minecraft:item id mismatch ars_nouveau:magebloom: 1412 (init) -> 1392 (map).
[16Nov2025 09:39:49.636] [Render thread/DEBUG] [net.minecraftforge.registries.ForgeRegistry/REGISTRIES]: Registry minecraft:item: Fixed minecraft:item id mismatch ars_nouveau:magebloom_block: 1592 (init) -> 1572 (map).
[16Nov2025 09:39:49.636] [Render thread/DEBUG] [net.minecraftforge.registries.ForgeRegistry/REGISTRIES]: Registry minecraft:item: Fixed minecraft:item id mismatch ars_nouveau:magebloom_crop: 1507 (init) -> 1487 (map).
[16Nov2025 09:39:49.636] [Render thread/DEBUG] [net.minecraftforge.registries.ForgeRegistry/REGISTRIES]: Registry minecraft:item: Fixed minecraft:item id mismatch ars_nouveau:magebloom_fiber: 1413 (init) -> 1393 (map).
[16Nov2025 09:39:49.636] [Render thread/DEBUG] [net.minecraftforge.registries.ForgeRegistry/REGISTRIES]: Registry minecraft:item: Fixed minecraft:item id mismatch ars_nouveau:magelight_torch: 1595 (init) -> 1575 (map).
[16Nov2025 09:39:49.642] [Render thread/DEBUG] [net.minecraftforge.registries.ForgeRegistry/REGISTRIES]: Registry minecraft:item: Fixed minecraft:item id mismatch ars_nouveau:magic_fire: 1559 (init) -> 1539 (map).
[16Nov2025 09:39:49.642] [Render thread/DEBUG] [net.minecraftforge.registries.ForgeRegistry/REGISTRIES]: Registry minecraft:item: Fixed minecraft:item id mismatch ars_nouveau:manipulation_essence: 1485 (init) -> 1465 (map).
[16Nov2025 09:39:49.642] [Render thread/DEBUG] [net.minecraftforge.registries.ForgeRegistry/REGISTRIES]: Registry minecraft:item: Fixed minecraft:item id mismatch ars_nouveau:mendosteen_pod: 1580 (init) -> 1560 (map).
[16Nov2025 09:39:49.642] [Render thread/DEBUG] [net.minecraftforge.registries.ForgeRegistry/REGISTRIES]: Registry minecraft:item: Fixed minecraft:item id mismatch ars_nouveau:mimic_scroll: 1438 (init) -> 1418 (map).
[16Nov2025 09:39:49.642] [Render thread/DEBUG] [net.minecraftforge.registries.ForgeRegistry/REGISTRIES]: Registry minecraft:item: Fixed minecraft:item id mismatch ars_nouveau:mirrorweave: 1590 (init) -> 1570 (map).
[16Nov2025 09:39:49.642] [Render thread/DEBUG] [net.minecraftforge.registries.ForgeRegistry/REGISTRIES]: Registry minecraft:item: Fixed minecraft:item id mismatch ars_nouveau:mob_jar: 1586 (init) -> 1566 (map).
[16Nov2025 09:39:49.642] [Render thread/DEBUG] [net.minecraftforge.registries.ForgeRegistry/REGISTRIES]: Registry minecraft:item: Fixed minecraft:item id mismatch ars_nouveau:mundane_belt: 1414 (init) -> 1394 (map).
[16Nov2025 09:39:49.642] [Render thread/DEBUG] [net.minecraftforge.registries.ForgeRegistry/REGISTRIES]: Registry minecraft:item: Fixed minecraft:item id mismatch ars_nouveau:music_disc_aria_biblio: 1494 (init) -> 1474 (map).
[16Nov2025 09:39:49.642] [Render thread/DEBUG] [net.minecraftforge.registries.ForgeRegistry/REGISTRIES]: Registry minecraft:item: Fixed minecraft:item id mismatch ars_nouveau:music_disc_firel_the_wild_hunt: 1496 (init) -> 1476 (map).
[16Nov2025 09:39:49.642] [Render thread/DEBUG] [net.minecraftforge.registries.ForgeRegistry/REGISTRIES]: Registry minecraft:item: Fixed minecraft:item id mismatch ars_nouveau:music_disc_thistle_the_sound_of_glass: 1495 (init) -> 1475 (map).
[16Nov2025 09:39:49.642] [Render thread/DEBUG] [net.minecraftforge.registries.ForgeRegistry/REGISTRIES]: Registry minecraft:item: Fixed minecraft:item id mismatch ars_nouveau:mycelial_sourcelink: 1563 (init) -> 1543 (map).
[16Nov2025 09:39:49.644] [Render thread/DEBUG] [net.minecraftforge.registries.ForgeRegistry/REGISTRIES]: Registry minecraft:item: Fixed minecraft:item id mismatch ars_nouveau:novice_spell_book: 1407 (init) -> 1387 (map).
[16Nov2025 09:39:49.644] [Render thread/DEBUG] [net.minecraftforge.registries.ForgeRegistry/REGISTRIES]: Registry minecraft:item: Fixed minecraft:item id mismatch ars_nouveau:orange_sbed: 1575 (init) -> 1555 (map).
[16Nov2025 09:39:49.644] [Render thread/DEBUG] [net.minecraftforge.registries.ForgeRegistry/REGISTRIES]: Registry minecraft:item: Fixed minecraft:item id mismatch ars_nouveau:pierce_arrow: 1447 (init) -> 1427 (map).
[16Nov2025 09:39:49.644] [Render thread/DEBUG] [net.minecraftforge.registries.ForgeRegistry/REGISTRIES]: Registry minecraft:item: Fixed minecraft:item id mismatch ars_nouveau:polished_sconce: 1557 (init) -> 1537 (map).
[16Nov2025 09:39:49.644] [Render thread/DEBUG] [net.minecraftforge.registries.ForgeRegistry/REGISTRIES]: Registry minecraft:item: Fixed minecraft:item id mismatch ars_nouveau:portal: 1510 (init) -> 1490 (map).
[16Nov2025 09:39:49.644] [Render thread/DEBUG] [net.minecraftforge.registries.ForgeRegistry/REGISTRIES]: Registry minecraft:item: Fixed minecraft:item id mismatch ars_nouveau:potion_diffuser: 1584 (init) -> 1564 (map).
[16Nov2025 09:39:49.644] [Render thread/DEBUG] [net.minecraftforge.registries.ForgeRegistry/REGISTRIES]: Registry minecraft:item: Fixed minecraft:item id mismatch ars_nouveau:potion_flask: 1451 (init) -> 1431 (map).
[16Nov2025 09:39:49.644] [Render thread/DEBUG] [net.minecraftforge.registries.ForgeRegistry/REGISTRIES]: Registry minecraft:item: Fixed minecraft:item id mismatch ars_nouveau:potion_flask_amplify: 1452 (init) -> 1432 (map).
[16Nov2025 09:39:49.644] [Render thread/DEBUG] [net.minecraftforge.registries.ForgeRegistry/REGISTRIES]: Registry minecraft:item: Fixed minecraft:item id mismatch ars_nouveau:potion_flask_extend_time: 1453 (init) -> 1433 (map).
[16Nov2025 09:39:49.644] [Render thread/DEBUG] [net.minecraftforge.registries.ForgeRegistry/REGISTRIES]: Registry minecraft:item: Fixed minecraft:item id mismatch ars_nouveau:potion_jar: 1553 (init) -> 1533 (map).
[16Nov2025 09:39:49.644] [Render thread/DEBUG] [net.minecraftforge.registries.ForgeRegistry/REGISTRIES]: Registry minecraft:item: Fixed minecraft:item id mismatch ars_nouveau:potion_melder: 1554 (init) -> 1534 (map).
[16Nov2025 09:39:49.644] [Render thread/DEBUG] [net.minecraftforge.registries.ForgeRegistry/REGISTRIES]: Registry minecraft:item: Fixed minecraft:item id mismatch ars_nouveau:purple_archwood_leaves: 1528 (init) -> 1508 (map).
[16Nov2025 09:39:49.645] [Render thread/DEBUG] [net.minecraftforge.registries.ForgeRegistry/REGISTRIES]: Registry minecraft:item: Fixed minecraft:item id mismatch ars_nouveau:purple_archwood_log: 1527 (init) -> 1507 (map).
[16Nov2025 09:39:49.645] [Render thread/DEBUG] [net.minecraftforge.registries.ForgeRegistry/REGISTRIES]: Registry minecraft:item: Fixed minecraft:item id mismatch ars_nouveau:purple_archwood_sapling: 1529 (init) -> 1509 (map).
[16Nov2025 09:39:49.645] [Render thread/DEBUG] [net.minecraftforge.registries.ForgeRegistry/REGISTRIES]: Registry minecraft:item: Fixed minecraft:item id mismatch ars_nouveau:purple_archwood_wood: 1530 (init) -> 1510 (map).
[16Nov2025 09:39:49.645] [Render thread/DEBUG] [net.minecraftforge.registries.ForgeRegistry/REGISTRIES]: Registry minecraft:item: Fixed minecraft:item id mismatch ars_nouveau:purple_sbed: 1577 (init) -> 1557 (map).
[16Nov2025 09:39:49.645] [Render thread/DEBUG] [net.minecraftforge.registries.ForgeRegistry/REGISTRIES]: Registry minecraft:item: Fixed minecraft:item id mismatch ars_nouveau:red_archwood_leaves: 1524 (init) -> 1504 (map).
[16Nov2025 09:39:49.645] [Render thread/DEBUG] [net.minecraftforge.registries.ForgeRegistry/REGISTRIES]: Registry minecraft:item: Fixed minecraft:item id mismatch ars_nouveau:red_archwood_log: 1523 (init) -> 1503 (map).
[16Nov2025 09:39:49.645] [Render thread/DEBUG] [net.minecraftforge.registries.ForgeRegistry/REGISTRIES]: Registry minecraft:item: Fixed minecraft:item id mismatch ars_nouveau:red_archwood_sapling: 1525 (init) -> 1505 (map).
[16Nov2025 09:39:49.645] [Render thread/DEBUG] [net.minecraftforge.registries.ForgeRegistry/REGISTRIES]: Registry minecraft:item: Fixed minecraft:item id mismatch ars_nouveau:red_archwood_wood: 1526 (init) -> 1506 (map).
[16Nov2025 09:39:49.645] [Render thread/DEBUG] [net.minecraftforge.registries.ForgeRegistry/REGISTRIES]: Registry minecraft:item: Fixed minecraft:item id mismatch ars_nouveau:red_sbed: 1572 (init) -> 1552 (map).
[16Nov2025 09:39:49.645] [Render thread/DEBUG] [net.minecraftforge.registries.ForgeRegistry/REGISTRIES]: Registry minecraft:item: Fixed minecraft:item id mismatch ars_nouveau:redstone_relay: 1603 (init) -> 1583 (map).
[16Nov2025 09:39:49.645] [Render thread/DEBUG] [net.minecraftforge.registries.ForgeRegistry/REGISTRIES]: Registry minecraft:item: Fixed minecraft:item id mismatch ars_nouveau:relay: 1506 (init) -> 1486 (map).
[16Nov2025 09:39:49.645] [Render thread/DEBUG] [net.minecraftforge.registries.ForgeRegistry/REGISTRIES]: Registry minecraft:item: Fixed minecraft:item id mismatch ars_nouveau:relay_collector: 1571 (init) -> 1551 (map).
[16Nov2025 09:39:49.645] [Render thread/DEBUG] [net.minecraftforge.registries.ForgeRegistry/REGISTRIES]: Registry minecraft:item: Fixed minecraft:item id mismatch ars_nouveau:relay_deposit: 1564 (init) -> 1544 (map).
[16Nov2025 09:39:49.645] [Render thread/DEBUG] [net.minecraftforge.registries.ForgeRegistry/REGISTRIES]: Registry minecraft:item: Fixed minecraft:item id mismatch ars_nouveau:relay_splitter: 1512 (init) -> 1492 (map).
[16Nov2025 09:39:49.645] [Render thread/DEBUG] [net.minecraftforge.registries.ForgeRegistry/REGISTRIES]: Registry minecraft:item: Fixed minecraft:item id mismatch ars_nouveau:relay_warp: 1565 (init) -> 1545 (map).
[16Nov2025 09:39:49.646] [Render thread/DEBUG] [net.minecraftforge.registries.ForgeRegistry/REGISTRIES]: Registry minecraft:item: Fixed minecraft:item id mismatch ars_nouveau:repository: 1588 (init) -> 1568 (map).
[16Nov2025 09:39:49.646] [Render thread/DEBUG] [net.minecraftforge.registries.ForgeRegistry/REGISTRIES]: Registry minecraft:item: Fixed minecraft:item id mismatch ars_nouveau:reset: 1298 (init) -> 1278 (map).
[16Nov2025 09:39:49.646] [Render thread/DEBUG] [net.minecraftforge.registries.ForgeRegistry/REGISTRIES]: Registry minecraft:item: Fixed minecraft:item id mismatch ars_nouveau:rewind: 1300 (init) -> 1280 (map).
[16Nov2025 09:39:49.646] [Render thread/DEBUG] [net.minecraftforge.registries.ForgeRegistry/REGISTRIES]: Registry minecraft:item: Fixed minecraft:item id mismatch ars_nouveau:ring_of_greater_discount: 1420 (init) -> 1400 (map).
[16Nov2025 09:39:49.646] [Render thread/DEBUG] [net.minecraftforge.registries.ForgeRegistry/REGISTRIES]: Registry minecraft:item: Fixed minecraft:item id mismatch ars_nouveau:ring_of_lesser_discount: 1419 (init) -> 1399 (map).
[16Nov2025 09:39:49.646] [Render thread/DEBUG] [net.minecraftforge.registries.ForgeRegistry/REGISTRIES]: Registry minecraft:item: Fixed minecraft:item id mismatch ars_nouveau:ring_of_potential: 1418 (init) -> 1398 (map).
[16Nov2025 09:39:49.646] [Render thread/DEBUG] [net.minecraftforge.registries.ForgeRegistry/REGISTRIES]: Registry minecraft:item: Fixed minecraft:item id mismatch ars_nouveau:ritual_animal_summon: 1366 (init) -> 1346 (map).
[16Nov2025 09:39:49.646] [Render thread/DEBUG] [net.minecraftforge.registries.ForgeRegistry/REGISTRIES]: Registry minecraft:item: Fixed minecraft:item id mismatch ars_nouveau:ritual_awakening: 1359 (init) -> 1339 (map).
[16Nov2025 09:39:49.646] [Render thread/DEBUG] [net.minecraftforge.registries.ForgeRegistry/REGISTRIES]: Registry minecraft:item: Fixed minecraft:item id mismatch ars_nouveau:ritual_binding: 1358 (init) -> 1338 (map).
[16Nov2025 09:39:49.646] [Render thread/DEBUG] [net.minecraftforge.registries.ForgeRegistry/REGISTRIES]: Registry minecraft:item: Fixed minecraft:item id mismatch ars_nouveau:ritual_brazier: 1599 (init) -> 1579 (map).
[16Nov2025 09:39:49.646] [Render thread/DEBUG] [net.minecraftforge.registries.ForgeRegistry/REGISTRIES]: Registry minecraft:item: Fixed minecraft:item id mismatch ars_nouveau:ritual_burrowing: 1356 (init) -> 1336 (map).
[16Nov2025 09:39:49.646] [Render thread/DEBUG] [net.minecraftforge.registries.ForgeRegistry/REGISTRIES]: Registry minecraft:item: Fixed minecraft:item id mismatch ars_nouveau:ritual_challenge: 1357 (init) -> 1337 (map).
[16Nov2025 09:39:49.646] [Render thread/DEBUG] [net.minecraftforge.registries.ForgeRegistry/REGISTRIES]: Registry minecraft:item: Fixed minecraft:item id mismatch ars_nouveau:ritual_cloudshaping: 1364 (init) -> 1344 (map).
[16Nov2025 09:39:49.646] [Render thread/DEBUG] [net.minecraftforge.registries.ForgeRegistry/REGISTRIES]: Registry minecraft:item: Fixed minecraft:item id mismatch ars_nouveau:ritual_conjure_island_desert: 1377 (init) -> 1357 (map).
[16Nov2025 09:39:49.646] [Render thread/DEBUG] [net.minecraftforge.registries.ForgeRegistry/REGISTRIES]: Registry minecraft:item: Fixed minecraft:item id mismatch ars_nouveau:ritual_conjure_island_plains: 1362 (init) -> 1342 (map).
[16Nov2025 09:39:49.646] [Render thread/DEBUG] [net.minecraftforge.registries.ForgeRegistry/REGISTRIES]: Registry minecraft:item: Fixed minecraft:item id mismatch ars_nouveau:ritual_containment: 1370 (init) -> 1350 (map).
[16Nov2025 09:39:49.646] [Render thread/DEBUG] [net.minecraftforge.registries.ForgeRegistry/REGISTRIES]: Registry minecraft:item: Fixed minecraft:item id mismatch ars_nouveau:ritual_disintegration: 1360 (init) -> 1340 (map).
[16Nov2025 09:39:49.646] [Render thread/DEBUG] [net.minecraftforge.registries.ForgeRegistry/REGISTRIES]: Registry minecraft:item: Fixed minecraft:item id mismatch ars_nouveau:ritual_fertility: 1375 (init) -> 1355 (map).
[16Nov2025 09:39:49.646] [Render thread/DEBUG] [net.minecraftforge.registries.ForgeRegistry/REGISTRIES]: Registry minecraft:item: Fixed minecraft:item id mismatch ars_nouveau:ritual_flight: 1363 (init) -> 1343 (map).
[16Nov2025 09:39:49.646] [Render thread/DEBUG] [net.minecraftforge.registries.ForgeRegistry/REGISTRIES]: Registry minecraft:item: Fixed minecraft:item id mismatch ars_nouveau:ritual_flowering: 1373 (init) -> 1353 (map).
[16Nov2025 09:39:49.646] [Render thread/DEBUG] [net.minecraftforge.registries.ForgeRegistry/REGISTRIES]: Registry minecraft:item: Fixed minecraft:item id mismatch ars_nouveau:ritual_forestation: 1367 (init) -> 1347 (map).
[16Nov2025 09:39:49.646] [Render thread/DEBUG] [net.minecraftforge.registries.ForgeRegistry/REGISTRIES]: Registry minecraft:item: Fixed minecraft:item id mismatch ars_nouveau:ritual_gravity: 1372 (init) -> 1352 (map).
[16Nov2025 09:39:49.646] [Render thread/DEBUG] [net.minecraftforge.registries.ForgeRegistry/REGISTRIES]: Registry minecraft:item: Fixed minecraft:item id mismatch ars_nouveau:ritual_harvest: 1378 (init) -> 1358 (map).
[16Nov2025 09:39:49.646] [Render thread/DEBUG] [net.minecraftforge.registries.ForgeRegistry/REGISTRIES]: Registry minecraft:item: Fixed minecraft:item id mismatch ars_nouveau:ritual_moonfall: 1369 (init) -> 1349 (map).
[16Nov2025 09:39:49.646] [Render thread/DEBUG] [net.minecraftforge.registries.ForgeRegistry/REGISTRIES]: Registry minecraft:item: Fixed minecraft:item id mismatch ars_nouveau:ritual_overgrowth: 1376 (init) -> 1356 (map).
[16Nov2025 09:39:49.647] [Render thread/DEBUG] [net.minecraftforge.registries.ForgeRegistry/REGISTRIES]: Registry minecraft:item: Fixed minecraft:item id mismatch ars_nouveau:ritual_restoration: 1365 (init) -> 1345 (map).
[16Nov2025 09:39:49.647] [Render thread/DEBUG] [net.minecraftforge.registries.ForgeRegistry/REGISTRIES]: Registry minecraft:item: Fixed minecraft:item id mismatch ars_nouveau:ritual_sanctuary: 1374 (init) -> 1354 (map).
[16Nov2025 09:39:49.647] [Render thread/DEBUG] [net.minecraftforge.registries.ForgeRegistry/REGISTRIES]: Registry minecraft:item: Fixed minecraft:item id mismatch ars_nouveau:ritual_scrying: 1371 (init) -> 1351 (map).
[16Nov2025 09:39:49.647] [Render thread/DEBUG] [net.minecraftforge.registries.ForgeRegistry/REGISTRIES]: Registry minecraft:item: Fixed minecraft:item id mismatch ars_nouveau:ritual_sunrise: 1361 (init) -> 1341 (map).
[16Nov2025 09:39:49.647] [Render thread/DEBUG] [net.minecraftforge.registries.ForgeRegistry/REGISTRIES]: Registry minecraft:item: Fixed minecraft:item id mismatch ars_nouveau:ritual_warping: 1368 (init) -> 1348 (map).
[16Nov2025 09:39:49.647] [Render thread/DEBUG] [net.minecraftforge.registries.ForgeRegistry/REGISTRIES]: Registry minecraft:item: Fixed minecraft:item id mismatch ars_nouveau:ritual_wilden_summon: 1379 (init) -> 1359 (map).
[16Nov2025 09:39:49.647] [Render thread/DEBUG] [net.minecraftforge.registries.ForgeRegistry/REGISTRIES]: Registry minecraft:item: Fixed minecraft:item id mismatch ars_nouveau:rotating_spell_turret: 1593 (init) -> 1573 (map).
[16Nov2025 09:39:49.647] [Render thread/DEBUG] [net.minecraftforge.registries.ForgeRegistry/REGISTRIES]: Registry minecraft:item: Fixed minecraft:item id mismatch ars_nouveau:rune: 1509 (init) -> 1489 (map).
[16Nov2025 09:39:49.647] [Render thread/DEBUG] [net.minecraftforge.registries.ForgeRegistry/REGISTRIES]: Registry minecraft:item: Fixed minecraft:item id mismatch ars_nouveau:runic_chalk: 1406 (init) -> 1386 (map).
[16Nov2025 09:39:49.647] [Render thread/DEBUG] [net.minecraftforge.registries.ForgeRegistry/REGISTRIES]: Registry minecraft:item: Fixed minecraft:item id mismatch ars_nouveau:sconce: 1555 (init) -> 1535 (map).
[16Nov2025 09:39:49.647] [Render thread/DEBUG] [net.minecraftforge.registries.ForgeRegistry/REGISTRIES]: Registry minecraft:item: Fixed minecraft:item id mismatch ars_nouveau:scribes_table: 1508 (init) -> 1488 (map).
[16Nov2025 09:39:49.647] [Render thread/DEBUG] [net.minecraftforge.registries.ForgeRegistry/REGISTRIES]: Registry minecraft:item: Fixed minecraft:item id mismatch ars_nouveau:scryer_scroll: 1489 (init) -> 1469 (map).
[16Nov2025 09:39:49.647] [Render thread/DEBUG] [net.minecraftforge.registries.ForgeRegistry/REGISTRIES]: Registry minecraft:item: Fixed minecraft:item id mismatch ars_nouveau:scryers_crystal: 1579 (init) -> 1559 (map).
[16Nov2025 09:39:49.647] [Render thread/DEBUG] [net.minecraftforge.registries.ForgeRegistry/REGISTRIES]: Registry minecraft:item: Fixed minecraft:item id mismatch ars_nouveau:scryers_oculus: 1578 (init) -> 1558 (map).
[16Nov2025 09:39:49.647] [Render thread/DEBUG] [net.minecraftforge.registries.ForgeRegistry/REGISTRIES]: Registry minecraft:item: Fixed minecraft:item id mismatch ars_nouveau:shapers_focus: 1463 (init) -> 1443 (map).
[16Nov2025 09:39:49.647] [Render thread/DEBUG] [net.minecraftforge.registries.ForgeRegistry/REGISTRIES]: Registry minecraft:item: Fixed minecraft:item id mismatch ars_nouveau:sky_block: 1600 (init) -> 1580 (map).
[16Nov2025 09:39:49.647] [Render thread/DEBUG] [net.minecraftforge.registries.ForgeRegistry/REGISTRIES]: Registry minecraft:item: Fixed minecraft:item id mismatch ars_nouveau:smooth_gilded_sourcestone_alternating: 1624 (init) -> 1604 (map).
[16Nov2025 09:39:49.647] [Render thread/DEBUG] [net.minecraftforge.registries.ForgeRegistry/REGISTRIES]: Registry minecraft:item: Fixed minecraft:item id mismatch ars_nouveau:smooth_gilded_sourcestone_alternating_slab: 1668 (init) -> 1648 (map).
[16Nov2025 09:39:49.647] [Render thread/DEBUG] [net.minecraftforge.registries.ForgeRegistry/REGISTRIES]: Registry minecraft:item: Fixed minecraft:item id mismatch ars_nouveau:smooth_gilded_sourcestone_alternating_stairs: 1646 (init) -> 1626 (map).
[16Nov2025 09:39:49.647] [Render thread/DEBUG] [net.minecraftforge.registries.ForgeRegistry/REGISTRIES]: Registry minecraft:item: Fixed minecraft:item id mismatch ars_nouveau:smooth_gilded_sourcestone_basketweave: 1623 (init) -> 1603 (map).
[16Nov2025 09:39:49.647] [Render thread/DEBUG] [net.minecraftforge.registries.ForgeRegistry/REGISTRIES]: Registry minecraft:item: Fixed minecraft:item id mismatch ars_nouveau:smooth_gilded_sourcestone_basketweave_slab: 1667 (init) -> 1647 (map).
[16Nov2025 09:39:49.647] [Render thread/DEBUG] [net.minecraftforge.registries.ForgeRegistry/REGISTRIES]: Registry minecraft:item: Fixed minecraft:item id mismatch ars_nouveau:smooth_gilded_sourcestone_basketweave_stairs: 1645 (init) -> 1625 (map).
[16Nov2025 09:39:49.647] [Render thread/DEBUG] [net.minecraftforge.registries.ForgeRegistry/REGISTRIES]: Registry minecraft:item: Fixed minecraft:item id mismatch ars_nouveau:smooth_gilded_sourcestone_large_bricks: 1625 (init) -> 1605 (map).
[16Nov2025 09:39:49.647] [Render thread/DEBUG] [net.minecraftforge.registries.ForgeRegistry/REGISTRIES]: Registry minecraft:item: Fixed minecraft:item id mismatch ars_nouveau:smooth_gilded_sourcestone_large_bricks_slab: 1669 (init) -> 1649 (map).
[16Nov2025 09:39:49.647] [Render thread/DEBUG] [net.minecraftforge.registries.ForgeRegistry/REGISTRIES]: Registry minecraft:item: Fixed minecraft:item id mismatch ars_nouveau:smooth_gilded_sourcestone_large_bricks_stairs: 1647 (init) -> 1627 (map).
[16Nov2025 09:39:49.647] [Render thread/DEBUG] [net.minecraftforge.registries.ForgeRegistry/REGISTRIES]: Registry minecraft:item: Fixed minecraft:item id mismatch ars_nouveau:smooth_gilded_sourcestone_mosaic: 1622 (init) -> 1602 (map).
[16Nov2025 09:39:49.647] [Render thread/DEBUG] [net.minecraftforge.registries.ForgeRegistry/REGISTRIES]: Registry minecraft:item: Fixed minecraft:item id mismatch ars_nouveau:smooth_gilded_sourcestone_mosaic_slab: 1666 (init) -> 1646 (map).
[16Nov2025 09:39:49.649] [Render thread/DEBUG] [net.minecraftforge.registries.ForgeRegistry/REGISTRIES]: Registry minecraft:item: Fixed minecraft:item id mismatch ars_nouveau:smooth_gilded_sourcestone_mosaic_stairs: 1644 (init) -> 1624 (map).
[16Nov2025 09:39:49.649] [Render thread/DEBUG] [net.minecraftforge.registries.ForgeRegistry/REGISTRIES]: Registry minecraft:item: Fixed minecraft:item id mismatch ars_nouveau:smooth_gilded_sourcestone_small_bricks: 1626 (init) -> 1606 (map).
[16Nov2025 09:39:49.649] [Render thread/DEBUG] [net.minecraftforge.registries.ForgeRegistry/REGISTRIES]: Registry minecraft:item: Fixed minecraft:item id mismatch ars_nouveau:smooth_gilded_sourcestone_small_bricks_slab: 1670 (init) -> 1650 (map).
[16Nov2025 09:39:49.649] [Render thread/DEBUG] [net.minecraftforge.registries.ForgeRegistry/REGISTRIES]: Registry minecraft:item: Fixed minecraft:item id mismatch ars_nouveau:smooth_gilded_sourcestone_small_bricks_stairs: 1648 (init) -> 1628 (map).
[16Nov2025 09:39:49.649] [Render thread/DEBUG] [net.minecraftforge.registries.ForgeRegistry/REGISTRIES]: Registry minecraft:item: Fixed minecraft:item id mismatch ars_nouveau:smooth_sourcestone: 1615 (init) -> 1595 (map).
[16Nov2025 09:39:49.649] [Render thread/DEBUG] [net.minecraftforge.registries.ForgeRegistry/REGISTRIES]: Registry minecraft:item: Fixed minecraft:item id mismatch ars_nouveau:smooth_sourcestone_alternating: 1613 (init) -> 1593 (map).
[16Nov2025 09:39:49.649] [Render thread/DEBUG] [net.minecraftforge.registries.ForgeRegistry/REGISTRIES]: Registry minecraft:item: Fixed minecraft:item id mismatch ars_nouveau:smooth_sourcestone_alternating_slab: 1657 (init) -> 1637 (map).
[16Nov2025 09:39:49.649] [Render thread/DEBUG] [net.minecraftforge.registries.ForgeRegistry/REGISTRIES]: Registry minecraft:item: Fixed minecraft:item id mismatch ars_nouveau:smooth_sourcestone_alternating_stairs: 1635 (init) -> 1615 (map).
[16Nov2025 09:39:49.649] [Render thread/DEBUG] [net.minecraftforge.registries.ForgeRegistry/REGISTRIES]: Registry minecraft:item: Fixed minecraft:item id mismatch ars_nouveau:smooth_sourcestone_basketweave: 1611 (init) -> 1591 (map).
[16Nov2025 09:39:49.649] [Render thread/DEBUG] [net.minecraftforge.registries.ForgeRegistry/REGISTRIES]: Registry minecraft:item: Fixed minecraft:item id mismatch ars_nouveau:smooth_sourcestone_basketweave_slab: 1655 (init) -> 1635 (map).
[16Nov2025 09:39:49.649] [Render thread/DEBUG] [net.minecraftforge.registries.ForgeRegistry/REGISTRIES]: Registry minecraft:item: Fixed minecraft:item id mismatch ars_nouveau:smooth_sourcestone_basketweave_stairs: 1633 (init) -> 1613 (map).
[16Nov2025 09:39:49.649] [Render thread/DEBUG] [net.minecraftforge.registries.ForgeRegistry/REGISTRIES]: Registry minecraft:item: Fixed minecraft:item id mismatch ars_nouveau:smooth_sourcestone_large_bricks: 1614 (init) -> 1594 (map).
[16Nov2025 09:39:49.649] [Render thread/DEBUG] [net.minecraftforge.registries.ForgeRegistry/REGISTRIES]: Registry minecraft:item: Fixed minecraft:item id mismatch ars_nouveau:smooth_sourcestone_large_bricks_slab: 1658 (init) -> 1638 (map).
[16Nov2025 09:39:49.649] [Render thread/DEBUG] [net.minecraftforge.registries.ForgeRegistry/REGISTRIES]: Registry minecraft:item: Fixed minecraft:item id mismatch ars_nouveau:smooth_sourcestone_large_bricks_stairs: 1636 (init) -> 1616 (map).
[16Nov2025 09:39:49.649] [Render thread/DEBUG] [net.minecraftforge.registries.ForgeRegistry/REGISTRIES]: Registry minecraft:item: Fixed minecraft:item id mismatch ars_nouveau:smooth_sourcestone_mosaic: 1612 (init) -> 1592 (map).
[16Nov2025 09:39:49.649] [Render thread/DEBUG] [net.minecraftforge.registries.ForgeRegistry/REGISTRIES]: Registry minecraft:item: Fixed minecraft:item id mismatch ars_nouveau:smooth_sourcestone_mosaic_slab: 1656 (init) -> 1636 (map).
[16Nov2025 09:39:49.649] [Render thread/DEBUG] [net.minecraftforge.registries.ForgeRegistry/REGISTRIES]: Registry minecraft:item: Fixed minecraft:item id mismatch ars_nouveau:smooth_sourcestone_mosaic_stairs: 1634 (init) -> 1614 (map).
[16Nov2025 09:39:49.649] [Render thread/DEBUG] [net.minecraftforge.registries.ForgeRegistry/REGISTRIES]: Registry minecraft:item: Fixed minecraft:item id mismatch ars_nouveau:smooth_sourcestone_slab: 1659 (init) -> 1639 (map).
[16Nov2025 09:39:49.649] [Render thread/DEBUG] [net.minecraftforge.registries.ForgeRegistry/REGISTRIES]: Registry minecraft:item: Fixed minecraft:item id mismatch ars_nouveau:smooth_sourcestone_small_bricks: 1616 (init) -> 1596 (map).
[16Nov2025 09:39:49.649] [Render thread/DEBUG] [net.minecraftforge.registries.ForgeRegistry/REGISTRIES]: Registry minecraft:item: Fixed minecraft:item id mismatch ars_nouveau:smooth_sourcestone_small_bricks_slab: 1660 (init) -> 1640 (map).
[16Nov2025 09:39:49.650] [Render thread/DEBUG] [net.minecraftforge.registries.ForgeRegistry/REGISTRIES]: Registry minecraft:item: Fixed minecraft:item id mismatch ars_nouveau:smooth_sourcestone_small_bricks_stairs: 1638 (init) -> 1618 (map).
[16Nov2025 09:39:49.650] [Render thread/DEBUG] [net.minecraftforge.registries.ForgeRegistry/REGISTRIES]: Registry minecraft:item: Fixed minecraft:item id mismatch ars_nouveau:smooth_sourcestone_stairs: 1637 (init) -> 1617 (map).
[16Nov2025 09:39:49.650] [Render thread/DEBUG] [net.minecraftforge.registries.ForgeRegistry/REGISTRIES]: Registry minecraft:item: Fixed minecraft:item id mismatch ars_nouveau:sorcerer_boots: 1467 (init) -> 1447 (map).
[16Nov2025 09:39:49.650] [Render thread/DEBUG] [net.minecraftforge.registries.ForgeRegistry/REGISTRIES]: Registry minecraft:item: Fixed minecraft:item id mismatch ars_nouveau:sorcerer_hood: 1470 (init) -> 1450 (map).
[16Nov2025 09:39:49.650] [Render thread/DEBUG] [net.minecraftforge.registries.ForgeRegistry/REGISTRIES]: Registry minecraft:item: Fixed minecraft:item id mismatch ars_nouveau:sorcerer_leggings: 1468 (init) -> 1448 (map).
[16Nov2025 09:39:49.650] [Render thread/DEBUG] [net.minecraftforge.registries.ForgeRegistry/REGISTRIES]: Registry minecraft:item: Fixed minecraft:item id mismatch ars_nouveau:sorcerer_robes: 1469 (init) -> 1449 (map).
[16Nov2025 09:39:49.650] [Render thread/DEBUG] [net.minecraftforge.registries.ForgeRegistry/REGISTRIES]: Registry minecraft:item: Fixed minecraft:item id mismatch ars_nouveau:source_berry_pie: 1464 (init) -> 1444 (map).
[16Nov2025 09:39:49.650] [Render thread/DEBUG] [net.minecraftforge.registries.ForgeRegistry/REGISTRIES]: Registry minecraft:item: Fixed minecraft:item id mismatch ars_nouveau:source_berry_roll: 1465 (init) -> 1445 (map).
[16Nov2025 09:39:49.650] [Render thread/DEBUG] [net.minecraftforge.registries.ForgeRegistry/REGISTRIES]: Registry minecraft:item: Fixed minecraft:item id mismatch ars_nouveau:source_gem: 1435 (init) -> 1415 (map).
[16Nov2025 09:39:49.650] [Render thread/DEBUG] [net.minecraftforge.registries.ForgeRegistry/REGISTRIES]: Registry minecraft:item: Fixed minecraft:item id mismatch ars_nouveau:source_gem_block: 1552 (init) -> 1532 (map).
[16Nov2025 09:39:49.650] [Render thread/DEBUG] [net.minecraftforge.registries.ForgeRegistry/REGISTRIES]: Registry minecraft:item: Fixed minecraft:item id mismatch ars_nouveau:source_jar: 1505 (init) -> 1485 (map).
[16Nov2025 09:39:49.650] [Render thread/DEBUG] [net.minecraftforge.registries.ForgeRegistry/REGISTRIES]: Registry minecraft:item: Fixed minecraft:item id mismatch ars_nouveau:sourceberry_bush: 1516 (init) -> 1496 (map).
[16Nov2025 09:39:49.650] [Render thread/DEBUG] [net.minecraftforge.registries.ForgeRegistry/REGISTRIES]: Registry minecraft:item: Fixed minecraft:item id mismatch ars_nouveau:sourceberry_sack: 1604 (init) -> 1584 (map).
[16Nov2025 09:39:49.650] [Render thread/DEBUG] [net.minecraftforge.registries.ForgeRegistry/REGISTRIES]: Registry minecraft:item: Fixed minecraft:item id mismatch ars_nouveau:sourcestone: 1605 (init) -> 1585 (map).
[16Nov2025 09:39:49.650] [Render thread/DEBUG] [net.minecraftforge.registries.ForgeRegistry/REGISTRIES]: Registry minecraft:item: Fixed minecraft:item id mismatch ars_nouveau:sourcestone_alternating: 1608 (init) -> 1588 (map).
[16Nov2025 09:39:49.650] [Render thread/DEBUG] [net.minecraftforge.registries.ForgeRegistry/REGISTRIES]: Registry minecraft:item: Fixed minecraft:item id mismatch ars_nouveau:sourcestone_alternating_slab: 1652 (init) -> 1632 (map).
[16Nov2025 09:39:49.650] [Render thread/DEBUG] [net.minecraftforge.registries.ForgeRegistry/REGISTRIES]: Registry minecraft:item: Fixed minecraft:item id mismatch ars_nouveau:sourcestone_alternating_stairs: 1630 (init) -> 1610 (map).
[16Nov2025 09:39:49.650] [Render thread/DEBUG] [net.minecraftforge.registries.ForgeRegistry/REGISTRIES]: Registry minecraft:item: Fixed minecraft:item id mismatch ars_nouveau:sourcestone_basketweave: 1607 (init) -> 1587 (map).
[16Nov2025 09:39:49.650] [Render thread/DEBUG] [net.minecraftforge.registries.ForgeRegistry/REGISTRIES]: Registry minecraft:item: Fixed minecraft:item id mismatch ars_nouveau:sourcestone_basketweave_slab: 1651 (init) -> 1631 (map).
[16Nov2025 09:39:49.650] [Render thread/DEBUG] [net.minecraftforge.registries.ForgeRegistry/REGISTRIES]: Registry minecraft:item: Fixed minecraft:item id mismatch ars_nouveau:sourcestone_basketweave_stairs: 1629 (init) -> 1609 (map).
[16Nov2025 09:39:49.650] [Render thread/DEBUG] [net.minecraftforge.registries.ForgeRegistry/REGISTRIES]: Registry minecraft:item: Fixed minecraft:item id mismatch ars_nouveau:sourcestone_large_bricks: 1609 (init) -> 1589 (map).
[16Nov2025 09:39:49.650] [Render thread/DEBUG] [net.minecraftforge.registries.ForgeRegistry/REGISTRIES]: Registry minecraft:item: Fixed minecraft:item id mismatch ars_nouveau:sourcestone_large_bricks_slab: 1653 (init) -> 1633 (map).
[16Nov2025 09:39:49.650] [Render thread/DEBUG] [net.minecraftforge.registries.ForgeRegistry/REGISTRIES]: Registry minecraft:item: Fixed minecraft:item id mismatch ars_nouveau:sourcestone_large_bricks_stairs: 1631 (init) -> 1611 (map).
[16Nov2025 09:39:49.650] [Render thread/DEBUG] [net.minecraftforge.registries.ForgeRegistry/REGISTRIES]: Registry minecraft:item: Fixed minecraft:item id mismatch ars_nouveau:sourcestone_mosaic: 1606 (init) -> 1586 (map).
[16Nov2025 09:39:49.650] [Render thread/DEBUG] [net.minecraftforge.registries.ForgeRegistry/REGISTRIES]: Registry minecraft:item: Fixed minecraft:item id mismatch ars_nouveau:sourcestone_mosaic_slab: 1650 (init) -> 1630 (map).
[16Nov2025 09:39:49.650] [Render thread/DEBUG] [net.minecraftforge.registries.ForgeRegistry/REGISTRIES]: Registry minecraft:item: Fixed minecraft:item id mismatch ars_nouveau:sourcestone_mosaic_stairs: 1628 (init) -> 1608 (map).
[16Nov2025 09:39:49.650] [Render thread/DEBUG] [net.minecraftforge.registries.ForgeRegistry/REGISTRIES]: Registry minecraft:item: Fixed minecraft:item id mismatch ars_nouveau:sourcestone_sconce: 1556 (init) -> 1536 (map).
[16Nov2025 09:39:49.650] [Render thread/DEBUG] [net.minecraftforge.registries.ForgeRegistry/REGISTRIES]: Registry minecraft:item: Fixed minecraft:item id mismatch ars_nouveau:sourcestone_slab: 1649 (init) -> 1629 (map).
[16Nov2025 09:39:49.650] [Render thread/DEBUG] [net.minecraftforge.registries.ForgeRegistry/REGISTRIES]: Registry minecraft:item: Fixed minecraft:item id mismatch ars_nouveau:sourcestone_small_bricks: 1610 (init) -> 1590 (map).
[16Nov2025 09:39:49.651] [Render thread/DEBUG] [net.minecraftforge.registries.ForgeRegistry/REGISTRIES]: Registry minecraft:item: Fixed minecraft:item id mismatch ars_nouveau:sourcestone_small_bricks_slab: 1654 (init) -> 1634 (map).
[16Nov2025 09:39:49.651] [Render thread/DEBUG] [net.minecraftforge.registries.ForgeRegistry/REGISTRIES]: Registry minecraft:item: Fixed minecraft:item id mismatch ars_nouveau:sourcestone_small_bricks_stairs: 1632 (init) -> 1612 (map).
[16Nov2025 09:39:49.651] [Render thread/DEBUG] [net.minecraftforge.registries.ForgeRegistry/REGISTRIES]: Registry minecraft:item: Fixed minecraft:item id mismatch ars_nouveau:sourcestone_stairs: 1627 (init) -> 1607 (map).
[16Nov2025 09:39:49.651] [Render thread/DEBUG] [net.minecraftforge.registries.ForgeRegistry/REGISTRIES]: Registry minecraft:item: Fixed minecraft:item id mismatch ars_nouveau:spell_bow: 1444 (init) -> 1424 (map).
[16Nov2025 09:39:49.651] [Render thread/DEBUG] [net.minecraftforge.registries.ForgeRegistry/REGISTRIES]: Registry minecraft:item: Fixed minecraft:item id mismatch ars_nouveau:spell_crossbow: 1498 (init) -> 1478 (map).
[16Nov2025 09:39:49.651] [Render thread/DEBUG] [net.minecraftforge.registries.ForgeRegistry/REGISTRIES]: Registry minecraft:item: Fixed minecraft:item id mismatch ars_nouveau:spell_parchment: 1423 (init) -> 1403 (map).
[16Nov2025 09:39:49.651] [Render thread/DEBUG] [net.minecraftforge.registries.ForgeRegistry/REGISTRIES]: Registry minecraft:item: Fixed minecraft:item id mismatch ars_nouveau:spell_prism: 1569 (init) -> 1549 (map).
[16Nov2025 09:39:49.651] [Render thread/DEBUG] [net.minecraftforge.registries.ForgeRegistry/REGISTRIES]: Registry minecraft:item: Fixed minecraft:item id mismatch ars_nouveau:spell_sensor: 1602 (init) -> 1582 (map).
[16Nov2025 09:39:49.651] [Render thread/DEBUG] [net.minecraftforge.registries.ForgeRegistry/REGISTRIES]: Registry minecraft:item: Fixed minecraft:item id mismatch ars_nouveau:spell_turret: 1514 (init) -> 1494 (map).
[16Nov2025 09:39:49.651] [Render thread/DEBUG] [net.minecraftforge.registries.ForgeRegistry/REGISTRIES]: Registry minecraft:item: Fixed minecraft:item id mismatch ars_nouveau:splash_flask_cannon: 1492 (init) -> 1472 (map).
[16Nov2025 09:39:49.651] [Render thread/DEBUG] [net.minecraftforge.registries.ForgeRegistry/REGISTRIES]: Registry minecraft:item: Fixed minecraft:item id mismatch ars_nouveau:split_arrow: 1446 (init) -> 1426 (map).
[16Nov2025 09:39:49.651] [Render thread/DEBUG] [net.minecraftforge.registries.ForgeRegistry/REGISTRIES]: Registry minecraft:item: Fixed minecraft:item id mismatch ars_nouveau:stable_warp_scroll: 1499 (init) -> 1479 (map).
[16Nov2025 09:39:49.651] [Render thread/DEBUG] [net.minecraftforge.registries.ForgeRegistry/REGISTRIES]: Registry minecraft:item: Fixed minecraft:item id mismatch ars_nouveau:starbuncle_charm: 1429 (init) -> 1409 (map).
[16Nov2025 09:39:49.651] [Render thread/DEBUG] [net.minecraftforge.registries.ForgeRegistry/REGISTRIES]: Registry minecraft:item: Fixed minecraft:item id mismatch ars_nouveau:starbuncle_se: 1672 (init) -> 1652 (map).
[16Nov2025 09:39:49.651] [Render thread/DEBUG] [net.minecraftforge.registries.ForgeRegistry/REGISTRIES]: Registry minecraft:item: Fixed minecraft:item id mismatch ars_nouveau:starbuncle_shades: 1432 (init) -> 1412 (map).
[16Nov2025 09:39:49.651] [Render thread/DEBUG] [net.minecraftforge.registries.ForgeRegistry/REGISTRIES]: Registry minecraft:item: Fixed minecraft:item id mismatch ars_nouveau:starbuncle_shards: 1431 (init) -> 1411 (map).
[16Nov2025 09:39:49.651] [Render thread/DEBUG] [net.minecraftforge.registries.ForgeRegistry/REGISTRIES]: Registry minecraft:item: Fixed minecraft:item id mismatch ars_nouveau:starby_gift: 1497 (init) -> 1477 (map).
[16Nov2025 09:39:49.651] [Render thread/DEBUG] [net.minecraftforge.registries.ForgeRegistry/REGISTRIES]: Registry minecraft:item: Fixed minecraft:item id mismatch ars_nouveau:storage_lectern: 1597 (init) -> 1577 (map).
[16Nov2025 09:39:49.651] [Render thread/DEBUG] [net.minecraftforge.registries.ForgeRegistry/REGISTRIES]: Registry minecraft:item: Fixed minecraft:item id mismatch ars_nouveau:stripped_blue_archwood_log: 1544 (init) -> 1524 (map).
[16Nov2025 09:39:49.651] [Render thread/DEBUG] [net.minecraftforge.registries.ForgeRegistry/REGISTRIES]: Registry minecraft:item: Fixed minecraft:item id mismatch ars_nouveau:stripped_blue_archwood_wood: 1545 (init) -> 1525 (map).
[16Nov2025 09:39:49.651] [Render thread/DEBUG] [net.minecraftforge.registries.ForgeRegistry/REGISTRIES]: Registry minecraft:item: Fixed minecraft:item id mismatch ars_nouveau:stripped_green_archwood_log: 1546 (init) -> 1526 (map).
[16Nov2025 09:39:49.651] [Render thread/DEBUG] [net.minecraftforge.registries.ForgeRegistry/REGISTRIES]: Registry minecraft:item: Fixed minecraft:item id mismatch ars_nouveau:stripped_green_archwood_wood: 1547 (init) -> 1527 (map).
[16Nov2025 09:39:49.651] [Render thread/DEBUG] [net.minecraftforge.registries.ForgeRegistry/REGISTRIES]: Registry minecraft:item: Fixed minecraft:item id mismatch ars_nouveau:stripped_purple_archwood_log: 1550 (init) -> 1530 (map).
[16Nov2025 09:39:49.651] [Render thread/DEBUG] [net.minecraftforge.registries.ForgeRegistry/REGISTRIES]: Registry minecraft:item: Fixed minecraft:item id mismatch ars_nouveau:stripped_purple_archwood_wood: 1551 (init) -> 1531 (map).
[16Nov2025 09:39:49.651] [Render thread/DEBUG] [net.minecraftforge.registries.ForgeRegistry/REGISTRIES]: Registry minecraft:item: Fixed minecraft:item id mismatch ars_nouveau:stripped_red_archwood_log: 1548 (init) -> 1528 (map).
[16Nov2025 09:39:49.651] [Render thread/DEBUG] [net.minecraftforge.registries.ForgeRegistry/REGISTRIES]: Registry minecraft:item: Fixed minecraft:item id mismatch ars_nouveau:stripped_red_archwood_wood: 1549 (init) -> 1529 (map).
[16Nov2025 09:39:49.651] [Render thread/DEBUG] [net.minecraftforge.registries.ForgeRegistry/REGISTRIES]: Registry minecraft:item: Fixed minecraft:item id mismatch ars_nouveau:summon_focus: 1462 (init) -> 1442 (map).
[16Nov2025 09:39:49.651] [Render thread/DEBUG] [net.minecraftforge.registries.ForgeRegistry/REGISTRIES]: Registry minecraft:item: Fixed minecraft:item id mismatch ars_nouveau:thread_amethyst_golem: 1401 (init) -> 1381 (map).
[16Nov2025 09:39:49.651] [Render thread/DEBUG] [net.minecraftforge.registries.ForgeRegistry/REGISTRIES]: Registry minecraft:item: Fixed minecraft:item id mismatch ars_nouveau:thread_chilling: 1395 (init) -> 1375 (map).
[16Nov2025 09:39:49.651] [Render thread/DEBUG] [net.minecraftforge.registries.ForgeRegistry/REGISTRIES]: Registry minecraft:item: Fixed minecraft:item id mismatch ars_nouveau:thread_depths: 1387 (init) -> 1367 (map).
[16Nov2025 09:39:49.651] [Render thread/DEBUG] [net.minecraftforge.registries.ForgeRegistry/REGISTRIES]: Registry minecraft:item: Fixed minecraft:item id mismatch ars_nouveau:thread_drygmy: 1390 (init) -> 1370 (map).
[16Nov2025 09:39:49.651] [Render thread/DEBUG] [net.minecraftforge.registries.ForgeRegistry/REGISTRIES]: Registry minecraft:item: Fixed minecraft:item id mismatch ars_nouveau:thread_feather: 1397 (init) -> 1377 (map).
[16Nov2025 09:39:49.651] [Render thread/DEBUG] [net.minecraftforge.registries.ForgeRegistry/REGISTRIES]: Registry minecraft:item: Fixed minecraft:item id mismatch ars_nouveau:thread_gliding: 1399 (init) -> 1379 (map).
[16Nov2025 09:39:49.652] [Render thread/DEBUG] [net.minecraftforge.registries.ForgeRegistry/REGISTRIES]: Registry minecraft:item: Fixed minecraft:item id mismatch ars_nouveau:thread_heights: 1388 (init) -> 1368 (map).
[16Nov2025 09:39:49.652] [Render thread/DEBUG] [net.minecraftforge.registries.ForgeRegistry/REGISTRIES]: Registry minecraft:item: Fixed minecraft:item id mismatch ars_nouveau:thread_high_step: 1391 (init) -> 1371 (map).
[16Nov2025 09:39:49.652] [Render thread/DEBUG] [net.minecraftforge.registries.ForgeRegistry/REGISTRIES]: Registry minecraft:item: Fixed minecraft:item id mismatch ars_nouveau:thread_immolation: 1400 (init) -> 1380 (map).
[16Nov2025 09:39:49.652] [Render thread/DEBUG] [net.minecraftforge.registries.ForgeRegistry/REGISTRIES]: Registry minecraft:item: Fixed minecraft:item id mismatch ars_nouveau:thread_kindling: 1403 (init) -> 1383 (map).
[16Nov2025 09:39:49.652] [Render thread/DEBUG] [net.minecraftforge.registries.ForgeRegistry/REGISTRIES]: Registry minecraft:item: Fixed minecraft:item id mismatch ars_nouveau:thread_life_drain: 1393 (init) -> 1373 (map).
[16Nov2025 09:39:49.652] [Render thread/DEBUG] [net.minecraftforge.registries.ForgeRegistry/REGISTRIES]: Registry minecraft:item: Fixed minecraft:item id mismatch ars_nouveau:thread_magic_capacity: 1402 (init) -> 1382 (map).
[16Nov2025 09:39:49.652] [Render thread/DEBUG] [net.minecraftforge.registries.ForgeRegistry/REGISTRIES]: Registry minecraft:item: Fixed minecraft:item id mismatch ars_nouveau:thread_repairing: 1405 (init) -> 1385 (map).
[16Nov2025 09:39:49.652] [Render thread/DEBUG] [net.minecraftforge.registries.ForgeRegistry/REGISTRIES]: Registry minecraft:item: Fixed minecraft:item id mismatch ars_nouveau:thread_spellpower: 1392 (init) -> 1372 (map).
[16Nov2025 09:39:49.652] [Render thread/DEBUG] [net.minecraftforge.registries.ForgeRegistry/REGISTRIES]: Registry minecraft:item: Fixed minecraft:item id mismatch ars_nouveau:thread_starbuncle: 1394 (init) -> 1374 (map).
[16Nov2025 09:39:49.652] [Render thread/DEBUG] [net.minecraftforge.registries.ForgeRegistry/REGISTRIES]: Registry minecraft:item: Fixed minecraft:item id mismatch ars_nouveau:thread_undying: 1396 (init) -> 1376 (map).
[16Nov2025 09:39:49.652] [Render thread/DEBUG] [net.minecraftforge.registries.ForgeRegistry/REGISTRIES]: Registry minecraft:item: Fixed minecraft:item id mismatch ars_nouveau:thread_warding: 1398 (init) -> 1378 (map).
[16Nov2025 09:39:49.652] [Render thread/DEBUG] [net.minecraftforge.registries.ForgeRegistry/REGISTRIES]: Registry minecraft:item: Fixed minecraft:item id mismatch ars_nouveau:thread_whirlisprig: 1389 (init) -> 1369 (map).
[16Nov2025 09:39:49.652] [Render thread/DEBUG] [net.minecraftforge.registries.ForgeRegistry/REGISTRIES]: Registry minecraft:item: Fixed minecraft:item id mismatch ars_nouveau:thread_wixie: 1404 (init) -> 1384 (map).
[16Nov2025 09:39:49.652] [Render thread/DEBUG] [net.minecraftforge.registries.ForgeRegistry/REGISTRIES]: Registry minecraft:item: Fixed minecraft:item id mismatch ars_nouveau:timer_spell_turret: 1567 (init) -> 1547 (map).
[16Nov2025 09:39:49.652] [Render thread/DEBUG] [net.minecraftforge.registries.ForgeRegistry/REGISTRIES]: Registry minecraft:item: Fixed minecraft:item id mismatch ars_nouveau:vitalic_sourcelink: 1562 (init) -> 1542 (map).
[16Nov2025 09:39:49.652] [Render thread/DEBUG] [net.minecraftforge.registries.ForgeRegistry/REGISTRIES]: Registry minecraft:item: Fixed minecraft:item id mismatch ars_nouveau:void_jar: 1441 (init) -> 1421 (map).
[16Nov2025 09:39:49.652] [Render thread/DEBUG] [net.minecraftforge.registries.ForgeRegistry/REGISTRIES]: Registry minecraft:item: Fixed minecraft:item id mismatch ars_nouveau:void_prism: 1587 (init) -> 1567 (map).
[16Nov2025 09:39:49.652] [Render thread/DEBUG] [net.minecraftforge.registries.ForgeRegistry/REGISTRIES]: Registry minecraft:item: Fixed minecraft:item id mismatch ars_nouveau:volcanic_sourcelink: 1515 (init) -> 1495 (map).
[16Nov2025 09:39:49.652] [Render thread/DEBUG] [net.minecraftforge.registries.ForgeRegistry/REGISTRIES]: Registry minecraft:item: Fixed minecraft:item id mismatch ars_nouveau:wand: 1440 (init) -> 1420 (map).
[16Nov2025 09:39:49.652] [Render thread/DEBUG] [net.minecraftforge.registries.ForgeRegistry/REGISTRIES]: Registry minecraft:item: Fixed minecraft:item id mismatch ars_nouveau:warp_scroll: 1422 (init) -> 1402 (map).
[16Nov2025 09:39:49.652] [Render thread/DEBUG] [net.minecraftforge.registries.ForgeRegistry/REGISTRIES]: Registry minecraft:item: Fixed minecraft:item id mismatch ars_nouveau:water_essence: 1486 (init) -> 1466 (map).
[16Nov2025 09:39:49.652] [Render thread/DEBUG] [net.minecraftforge.registries.ForgeRegistry/REGISTRIES]: Registry minecraft:item: Fixed minecraft:item id mismatch ars_nouveau:whirlisprig_charm: 1433 (init) -> 1413 (map).
[16Nov2025 09:39:49.653] [Render thread/DEBUG] [net.minecraftforge.registries.ForgeRegistry/REGISTRIES]: Registry minecraft:item: Fixed minecraft:item id mismatch ars_nouveau:whirlisprig_flower: 1570 (init) -> 1550 (map).
[16Nov2025 09:39:49.653] [Render thread/DEBUG] [net.minecraftforge.registries.ForgeRegistry/REGISTRIES]: Registry minecraft:item: Fixed minecraft:item id mismatch ars_nouveau:whirlisprig_se: 1673 (init) -> 1653 (map).
[16Nov2025 09:39:49.653] [Render thread/DEBUG] [net.minecraftforge.registries.ForgeRegistry/REGISTRIES]: Registry minecraft:item: Fixed minecraft:item id mismatch ars_nouveau:whirlisprig_shards: 1434 (init) -> 1414 (map).
[16Nov2025 09:39:49.653] [Render thread/DEBUG] [net.minecraftforge.registries.ForgeRegistry/REGISTRIES]: Registry minecraft:item: Fixed minecraft:item id mismatch ars_nouveau:wilden_guardian_se: 1675 (init) -> 1655 (map).
[16Nov2025 09:39:49.653] [Render thread/DEBUG] [net.minecraftforge.registries.ForgeRegistry/REGISTRIES]: Registry minecraft:item: Fixed minecraft:item id mismatch ars_nouveau:wilden_horn: 1448 (init) -> 1428 (map).
[16Nov2025 09:39:49.653] [Render thread/DEBUG] [net.minecraftforge.registries.ForgeRegistry/REGISTRIES]: Registry minecraft:item: Fixed minecraft:item id mismatch ars_nouveau:wilden_hunter_se: 1674 (init) -> 1654 (map).
[16Nov2025 09:39:49.653] [Render thread/DEBUG] [net.minecraftforge.registries.ForgeRegistry/REGISTRIES]: Registry minecraft:item: Fixed minecraft:item id mismatch ars_nouveau:wilden_spike: 1449 (init) -> 1429 (map).
[16Nov2025 09:39:49.653] [Render thread/DEBUG] [net.minecraftforge.registries.ForgeRegistry/REGISTRIES]: Registry minecraft:item: Fixed minecraft:item id mismatch ars_nouveau:wilden_stalker_se: 1676 (init) -> 1656 (map).
[16Nov2025 09:39:49.653] [Render thread/DEBUG] [net.minecraftforge.registries.ForgeRegistry/REGISTRIES]: Registry minecraft:item: Fixed minecraft:item id mismatch ars_nouveau:wilden_tribute: 1461 (init) -> 1441 (map).
[16Nov2025 09:39:49.653] [Render thread/DEBUG] [net.minecraftforge.registries.ForgeRegistry/REGISTRIES]: Registry minecraft:item: Fixed minecraft:item id mismatch ars_nouveau:wilden_wing: 1450 (init) -> 1430 (map).
[16Nov2025 09:39:49.654] [Render thread/DEBUG] [net.minecraftforge.registries.ForgeRegistry/REGISTRIES]: Registry minecraft:item: Fixed minecraft:item id mismatch ars_nouveau:wixie_cauldron: 1517 (init) -> 1497 (map).
[16Nov2025 09:39:49.654] [Render thread/DEBUG] [net.minecraftforge.registries.ForgeRegistry/REGISTRIES]: Registry minecraft:item: Fixed minecraft:item id mismatch ars_nouveau:wixie_charm: 1442 (init) -> 1422 (map).
[16Nov2025 09:39:49.654] [Render thread/DEBUG] [net.minecraftforge.registries.ForgeRegistry/REGISTRIES]: Registry minecraft:item: Fixed minecraft:item id mismatch ars_nouveau:wixie_hat: 1490 (init) -> 1470 (map).
[16Nov2025 09:39:49.654] [Render thread/DEBUG] [net.minecraftforge.registries.ForgeRegistry/REGISTRIES]: Registry minecraft:item: Fixed minecraft:item id mismatch ars_nouveau:wixie_shards: 1443 (init) -> 1423 (map).
[16Nov2025 09:39:49.654] [Render thread/DEBUG] [net.minecraftforge.registries.ForgeRegistry/REGISTRIES]: Registry minecraft:item: Fixed minecraft:item id mismatch ars_nouveau:wololo: 1289 (init) -> 1269 (map).
[16Nov2025 09:39:49.654] [Render thread/DEBUG] [net.minecraftforge.registries.ForgeRegistry/REGISTRIES]: Registry minecraft:item: Fixed minecraft:item id mismatch ars_nouveau:worn_notebook: 1417 (init) -> 1397 (map).
[16Nov2025 09:39:49.654] [Render thread/DEBUG] [net.minecraftforge.registries.ForgeRegistry/REGISTRIES]: Registry minecraft:item: Fixed minecraft:item id mismatch ars_nouveau:yellow_sbed: 1576 (init) -> 1556 (map).
[16Nov2025 09:39:49.654] [Render thread/DEBUG] [net.minecraftforge.registries.ForgeRegistry/REGISTRIES]: Registry minecraft:item: Fixed minecraft:item id mismatch geckolib:bat_spawn_egg: 1267 (init) -> 1689 (map).
[16Nov2025 09:39:49.654] [Render thread/DEBUG] [net.minecraftforge.registries.ForgeRegistry/REGISTRIES]: Registry minecraft:item: Fixed minecraft:item id mismatch geckolib:bike_spawn_egg: 1268 (init) -> 1690 (map).
[16Nov2025 09:39:49.654] [Render thread/DEBUG] [net.minecraftforge.registries.ForgeRegistry/REGISTRIES]: Registry minecraft:item: Fixed minecraft:item id mismatch geckolib:cool_kid_spawn_egg: 1273 (init) -> 1695 (map).
[16Nov2025 09:39:49.654] [Render thread/DEBUG] [net.minecraftforge.registries.ForgeRegistry/REGISTRIES]: Registry minecraft:item: Fixed minecraft:item id mismatch geckolib:fake_glass_spawn_egg: 1272 (init) -> 1694 (map).
[16Nov2025 09:39:49.654] [Render thread/DEBUG] [net.minecraftforge.registries.ForgeRegistry/REGISTRIES]: Registry minecraft:item: Fixed minecraft:item id mismatch geckolib:fertilizer: 1257 (init) -> 1679 (map).
[16Nov2025 09:39:49.654] [Render thread/DEBUG] [net.minecraftforge.registries.ForgeRegistry/REGISTRIES]: Registry minecraft:item: Fixed minecraft:item id mismatch geckolib:gecko_armor_boots: 1266 (init) -> 1688 (map).
[16Nov2025 09:39:49.654] [Render thread/DEBUG] [net.minecraftforge.registries.ForgeRegistry/REGISTRIES]: Registry minecraft:item: Fixed minecraft:item id mismatch geckolib:gecko_armor_chestplate: 1264 (init) -> 1686 (map).
[16Nov2025 09:39:49.654] [Render thread/DEBUG] [net.minecraftforge.registries.ForgeRegistry/REGISTRIES]: Registry minecraft:item: Fixed minecraft:item id mismatch geckolib:gecko_armor_helmet: 1263 (init) -> 1685 (map).
[16Nov2025 09:39:49.654] [Render thread/DEBUG] [net.minecraftforge.registries.ForgeRegistry/REGISTRIES]: Registry minecraft:item: Fixed minecraft:item id mismatch geckolib:gecko_armor_leggings: 1265 (init) -> 1687 (map).
[16Nov2025 09:39:49.654] [Render thread/DEBUG] [net.minecraftforge.registries.ForgeRegistry/REGISTRIES]: Registry minecraft:item: Fixed minecraft:item id mismatch geckolib:gecko_habitat: 1256 (init) -> 1678 (map).
[16Nov2025 09:39:49.654] [Render thread/DEBUG] [net.minecraftforge.registries.ForgeRegistry/REGISTRIES]: Registry minecraft:item: Fixed minecraft:item id mismatch geckolib:gremlin_spawn_egg: 1274 (init) -> 1696 (map).
[16Nov2025 09:39:49.654] [Render thread/DEBUG] [net.minecraftforge.registries.ForgeRegistry/REGISTRIES]: Registry minecraft:item: Fixed minecraft:item id mismatch geckolib:jack_in_the_box: 1258 (init) -> 1680 (map).
[16Nov2025 09:39:49.654] [Render thread/DEBUG] [net.minecraftforge.registries.ForgeRegistry/REGISTRIES]: Registry minecraft:item: Fixed minecraft:item id mismatch geckolib:mutant_zombie_spawn_egg: 1271 (init) -> 1693 (map).
[16Nov2025 09:39:49.654] [Render thread/DEBUG] [net.minecraftforge.registries.ForgeRegistry/REGISTRIES]: Registry minecraft:item: Fixed minecraft:item id mismatch geckolib:parasite_spawn_egg: 1270 (init) -> 1692 (map).
[16Nov2025 09:39:49.654] [Render thread/DEBUG] [net.minecraftforge.registries.ForgeRegistry/REGISTRIES]: Registry minecraft:item: Fixed minecraft:item id mismatch geckolib:race_car_spawn_egg: 1269 (init) -> 1691 (map).
[16Nov2025 09:39:49.654] [Render thread/DEBUG] [net.minecraftforge.registries.ForgeRegistry/REGISTRIES]: Registry minecraft:item: Fixed minecraft:item id mismatch geckolib:wolf_armor_boots: 1262 (init) -> 1684 (map).
[16Nov2025 09:39:49.654] [Render thread/DEBUG] [net.minecraftforge.registries.ForgeRegistry/REGISTRIES]: Registry minecraft:item: Fixed minecraft:item id mismatch geckolib:wolf_armor_chestplate: 1260 (init) -> 1682 (map).
[16Nov2025 09:39:49.654] [Render thread/DEBUG] [net.minecraftforge.registries.ForgeRegistry/REGISTRIES]: Registry minecraft:item: Fixed minecraft:item id mismatch geckolib:wolf_armor_helmet: 1259 (init) -> 1681 (map).
[16Nov2025 09:39:49.654] [Render thread/DEBUG] [net.minecraftforge.registries.ForgeRegistry/REGISTRIES]: Registry minecraft:item: Fixed minecraft:item id mismatch geckolib:wolf_armor_leggings: 1261 (init) -> 1683 (map).
[16Nov2025 09:39:49.662] [Render thread/DEBUG] [net.minecraftforge.registries.ForgeRegistry/REGISTRIES]: Registry minecraft:item: Fixed minecraft:item id mismatch patchouli:guide_book: 1255 (init) -> 1677 (map).
[16Nov2025 09:39:49.666] [Render thread/DEBUG] [net.minecraftforge.registries.ForgeRegistry/REGISTRIES]: Registry minecraft:sound_event: Fixed minecraft:sound_event id mismatch ars_nouveau:aria_biblio: 1484 (init) -> 1481 (map).
[16Nov2025 09:39:49.666] [Render thread/DEBUG] [net.minecraftforge.registries.ForgeRegistry/REGISTRIES]: Registry minecraft:sound_event: Fixed minecraft:sound_event id mismatch ars_nouveau:ea_channel: 1479 (init) -> 1476 (map).
[16Nov2025 09:39:49.666] [Render thread/DEBUG] [net.minecraftforge.registries.ForgeRegistry/REGISTRIES]: Registry minecraft:sound_event: Fixed minecraft:sound_event id mismatch ars_nouveau:ea_finish: 1480 (init) -> 1477 (map).
[16Nov2025 09:39:49.666] [Render thread/DEBUG] [net.minecraftforge.registries.ForgeRegistry/REGISTRIES]: Registry minecraft:sound_event: Fixed minecraft:sound_event id mismatch ars_nouveau:empty: 1478 (init) -> 1475 (map).
[16Nov2025 09:39:49.667] [Render thread/DEBUG] [net.minecraftforge.registries.ForgeRegistry/REGISTRIES]: Registry minecraft:sound_event: Fixed minecraft:sound_event id mismatch ars_nouveau:fire_family: 1477 (init) -> 1474 (map).
[16Nov2025 09:39:49.667] [Render thread/DEBUG] [net.minecraftforge.registries.ForgeRegistry/REGISTRIES]: Registry minecraft:sound_event: Fixed minecraft:sound_event id mismatch ars_nouveau:fire_family_2: 1483 (init) -> 1480 (map).
[16Nov2025 09:39:49.667] [Render thread/DEBUG] [net.minecraftforge.registries.ForgeRegistry/REGISTRIES]: Registry minecraft:sound_event: Fixed minecraft:sound_event id mismatch ars_nouveau:firel_the_wild_hunt: 1485 (init) -> 1482 (map).
[16Nov2025 09:39:49.667] [Render thread/DEBUG] [net.minecraftforge.registries.ForgeRegistry/REGISTRIES]: Registry minecraft:sound_event: Fixed minecraft:sound_event id mismatch ars_nouveau:gaia_family: 1481 (init) -> 1478 (map).
[16Nov2025 09:39:49.667] [Render thread/DEBUG] [net.minecraftforge.registries.ForgeRegistry/REGISTRIES]: Registry minecraft:sound_event: Fixed minecraft:sound_event id mismatch ars_nouveau:tempestry_family: 1482 (init) -> 1479 (map).
[16Nov2025 09:39:49.667] [Render thread/DEBUG] [net.minecraftforge.registries.ForgeRegistry/REGISTRIES]: Registry minecraft:sound_event: Fixed minecraft:sound_event id mismatch ars_nouveau:thistle_the_sound_of_glass: 1486 (init) -> 1483 (map).
[16Nov2025 09:39:49.667] [Render thread/DEBUG] [net.minecraftforge.registries.ForgeRegistry/REGISTRIES]: Registry minecraft:sound_event: Fixed minecraft:sound_event id mismatch geckolib:jack_in_the_box_music: 1476 (init) -> 1486 (map).
[16Nov2025 09:39:49.674] [Render thread/DEBUG] [net.minecraftforge.registries.ForgeRegistry/REGISTRIES]: Registry minecraft:sound_event: Fixed minecraft:sound_event id mismatch patchouli:book_flip: 1475 (init) -> 1485 (map).
[16Nov2025 09:39:49.674] [Render thread/DEBUG] [net.minecraftforge.registries.ForgeRegistry/REGISTRIES]: Registry minecraft:sound_event: Fixed minecraft:sound_event id mismatch patchouli:book_open: 1474 (init) -> 1484 (map).
[16Nov2025 09:39:49.687] [Render thread/DEBUG] [net.minecraftforge.registries.ForgeRegistry/REGISTRIES]: Registry minecraft:block Sync: ACTIVE -> STAGING
[16Nov2025 09:39:49.694] [Render thread/DEBUG] [net.minecraftforge.registries.ForgeRegistry/REGISTRIES]: Registry minecraft:fluid Sync: ACTIVE -> STAGING
[16Nov2025 09:39:49.694] [Render thread/DEBUG] [net.minecraftforge.registries.ForgeRegistry/REGISTRIES]: Registry minecraft:item Sync: ACTIVE -> STAGING
[16Nov2025 09:39:49.703] [Render thread/DEBUG] [net.minecraftforge.registries.ForgeRegistry/REGISTRIES]: Registry minecraft:mob_effect Sync: ACTIVE -> STAGING
[16Nov2025 09:39:49.704] [Render thread/DEBUG] [net.minecraftforge.registries.ForgeRegistry/REGISTRIES]: Registry minecraft:sound_event Sync: ACTIVE -> STAGING
[16Nov2025 09:39:49.710] [Render thread/DEBUG] [net.minecraftforge.registries.ForgeRegistry/REGISTRIES]: Registry minecraft:potion Sync: ACTIVE -> STAGING
[16Nov2025 09:39:49.710] [Render thread/DEBUG] [net.minecraftforge.registries.ForgeRegistry/REGISTRIES]: Registry minecraft:enchantment Sync: ACTIVE -> STAGING
[16Nov2025 09:39:49.710] [Render thread/DEBUG] [net.minecraftforge.registries.ForgeRegistry/REGISTRIES]: Registry minecraft:entity_type Sync: ACTIVE -> STAGING
[16Nov2025 09:39:49.712] [Render thread/DEBUG] [net.minecraftforge.registries.ForgeRegistry/REGISTRIES]: Registry minecraft:block_entity_type Sync: ACTIVE -> STAGING
[16Nov2025 09:39:49.712] [Render thread/DEBUG] [net.minecraftforge.registries.ForgeRegistry/REGISTRIES]: Registry minecraft:particle_type Sync: ACTIVE -> STAGING
[16Nov2025 09:39:49.713] [Render thread/DEBUG] [net.minecraftforge.registries.ForgeRegistry/REGISTRIES]: Registry minecraft:menu Sync: ACTIVE -> STAGING
[16Nov2025 09:39:49.713] [Render thread/DEBUG] [net.minecraftforge.registries.ForgeRegistry/REGISTRIES]: Registry minecraft:painting_variant Sync: ACTIVE -> STAGING
[16Nov2025 09:39:49.713] [Render thread/DEBUG] [net.minecraftforge.registries.ForgeRegistry/REGISTRIES]: Registry minecraft:recipe_type Sync: ACTIVE -> STAGING
[16Nov2025 09:39:49.713] [Render thread/DEBUG] [net.minecraftforge.registries.ForgeRegistry/REGISTRIES]: Registry minecraft:recipe_serializer Sync: ACTIVE -> STAGING
[16Nov2025 09:39:49.714] [Render thread/DEBUG] [net.minecraftforge.registries.ForgeRegistry/REGISTRIES]: Registry minecraft:attribute Sync: ACTIVE -> STAGING
[16Nov2025 09:39:49.714] [Render thread/DEBUG] [net.minecraftforge.registries.ForgeRegistry/REGISTRIES]: Registry minecraft:stat_type Sync: ACTIVE -> STAGING
[16Nov2025 09:39:49.714] [Render thread/DEBUG] [net.minecraftforge.registries.ForgeRegistry/REGISTRIES]: Registry minecraft:command_argument_type Sync: ACTIVE -> STAGING
[16Nov2025 09:39:49.714] [Render thread/DEBUG] [net.minecraftforge.registries.ForgeRegistry/REGISTRIES]: Registry minecraft:villager_profession Sync: ACTIVE -> STAGING
[16Nov2025 09:39:49.714] [Render thread/DEBUG] [net.minecraftforge.registries.ForgeRegistry/REGISTRIES]: Registry minecraft:point_of_interest_type Sync: ACTIVE -> STAGING
[16Nov2025 09:39:49.715] [Render thread/DEBUG] [net.minecraftforge.registries.ForgeRegistry/REGISTRIES]: Registry minecraft:memory_module_type Sync: ACTIVE -> STAGING
[16Nov2025 09:39:49.716] [Render thread/DEBUG] [net.minecraftforge.registries.ForgeRegistry/REGISTRIES]: Registry minecraft:sensor_type Sync: ACTIVE -> STAGING
[16Nov2025 09:39:49.716] [Render thread/DEBUG] [net.minecraftforge.registries.ForgeRegistry/REGISTRIES]: Registry minecraft:schedule Sync: ACTIVE -> STAGING
[16Nov2025 09:39:49.716] [Render thread/DEBUG] [net.minecraftforge.registries.ForgeRegistry/REGISTRIES]: Registry minecraft:activity Sync: ACTIVE -> STAGING
[16Nov2025 09:39:49.716] [Render thread/DEBUG] [net.minecraftforge.registries.ForgeRegistry/REGISTRIES]: Registry minecraft:worldgen/carver Sync: ACTIVE -> STAGING
[16Nov2025 09:39:49.716] [Render thread/DEBUG] [net.minecraftforge.registries.ForgeRegistry/REGISTRIES]: Registry minecraft:worldgen/feature Sync: ACTIVE -> STAGING
[16Nov2025 09:39:49.716] [Render thread/DEBUG] [net.minecraftforge.registries.ForgeRegistry/REGISTRIES]: Registry minecraft:chunk_status Sync: ACTIVE -> STAGING
[16Nov2025 09:39:49.716] [Render thread/DEBUG] [net.minecraftforge.registries.ForgeRegistry/REGISTRIES]: Registry minecraft:worldgen/block_state_provider_type Sync: ACTIVE -> STAGING
[16Nov2025 09:39:49.716] [Render thread/DEBUG] [net.minecraftforge.registries.ForgeRegistry/REGISTRIES]: Registry minecraft:worldgen/foliage_placer_type Sync: ACTIVE -> STAGING
[16Nov2025 09:39:49.716] [Render thread/DEBUG] [net.minecraftforge.registries.ForgeRegistry/REGISTRIES]: Registry minecraft:worldgen/tree_decorator_type Sync: ACTIVE -> STAGING
[16Nov2025 09:39:49.717] [Render thread/DEBUG] [net.minecraftforge.registries.ForgeRegistry/REGISTRIES]: Registry minecraft:worldgen/biome Sync: ACTIVE -> STAGING
[16Nov2025 09:39:49.717] [Render thread/DEBUG] [net.minecraftforge.registries.ForgeRegistry/REGISTRIES]: Registry forge:entity_data_serializers Sync: ACTIVE -> STAGING
[16Nov2025 09:39:49.717] [Render thread/DEBUG] [net.minecraftforge.registries.ForgeRegistry/REGISTRIES]: Registry forge:global_loot_modifier_serializers Sync: ACTIVE -> STAGING
[16Nov2025 09:39:49.717] [Render thread/DEBUG] [net.minecraftforge.registries.ForgeRegistry/REGISTRIES]: Registry forge:biome_modifier_serializers Sync: ACTIVE -> STAGING
[16Nov2025 09:39:49.717] [Render thread/DEBUG] [net.minecraftforge.registries.ForgeRegistry/REGISTRIES]: Registry forge:fluid_type Sync: ACTIVE -> STAGING
[16Nov2025 09:39:49.717] [Render thread/DEBUG] [net.minecraftforge.registries.ForgeRegistry/REGISTRIES]: Registry forge:structure_modifier_serializers Sync: ACTIVE -> STAGING
[16Nov2025 09:39:49.717] [Render thread/DEBUG] [net.minecraftforge.registries.ForgeRegistry/REGISTRIES]: Registry forge:holder_set_type Sync: ACTIVE -> STAGING
[16Nov2025 09:39:49.717] [Render thread/DEBUG] [net.minecraftforge.registries.ForgeRegistry/REGISTRIES]: Registry forge:display_contexts Sync: ACTIVE -> STAGING
[16Nov2025 09:39:50.173] [Render thread/DEBUG] [net.minecraftforge.registries.ObjectHolderRegistry/REGISTRIES]: Applying holder lookups
[16Nov2025 09:39:50.179] [Render thread/DEBUG] [net.minecraftforge.registries.ObjectHolderRegistry/REGISTRIES]: Holder lookups applied
[16Nov2025 09:39:50.195] [Render thread/DEBUG] [net.minecraftforge.server.ServerLifecycleHooks/CORE]: Generating PackInfo named mod:ars_structurize for mod file C:\Users\Sabien\MCreatorWorkspaces\ars_structerize\build\resources\main
[16Nov2025 09:39:50.195] [Render thread/DEBUG] [net.minecraftforge.server.ServerLifecycleHooks/CORE]: Generating PackInfo named mod:mixinextras for mod file 
[16Nov2025 09:39:50.197] [Render thread/DEBUG] [net.minecraftforge.server.ServerLifecycleHooks/CORE]: Generating PackInfo named mod:forge for mod file /
[16Nov2025 09:39:50.197] [Render thread/DEBUG] [net.minecraftforge.server.ServerLifecycleHooks/CORE]: Generating PackInfo named mod:curios for mod file C:\Users\Sabien\.mcreator\gradle\caches\forge_gradle\deobf_dependencies\curse\maven\curios-309927\6058834_mapped_official_1.20.1\curios-309927-6058834_mapped_official_1.20.1.jar
[16Nov2025 09:39:50.197] [Render thread/DEBUG] [net.minecraftforge.server.ServerLifecycleHooks/CORE]: Generating PackInfo named mod:patchouli for mod file C:\Users\Sabien\.mcreator\gradle\caches\forge_gradle\deobf_dependencies\curse\maven\patchouli-306770\4966125_mapped_official_1.20.1\patchouli-306770-4966125_mapped_official_1.20.1.jar
[16Nov2025 09:39:50.197] [Render thread/DEBUG] [net.minecraftforge.server.ServerLifecycleHooks/CORE]: Generating PackInfo named mod:geckolib for mod file C:\Users\Sabien\.mcreator\gradle\caches\forge_gradle\deobf_dependencies\curse\maven\geckolib-388172\6027567_mapped_official_1.20.1\geckolib-388172-6027567_mapped_official_1.20.1.jar
[16Nov2025 09:39:50.197] [Render thread/DEBUG] [net.minecraftforge.server.ServerLifecycleHooks/CORE]: Generating PackInfo named mod:ars_nouveau for mod file C:\Users\Sabien\.mcreator\gradle\caches\forge_gradle\deobf_dependencies\curse\maven\ars-nouveau-401955\5894609_mapped_official_1.20.1\ars-nouveau-401955-5894609_mapped_official_1.20.1.jar
[16Nov2025 09:39:51.019] [Render thread/DEBUG] [net.minecraftforge.coremod.transformer.CoreModBaseTransformer/COREMOD]: Transforming net/minecraft/server/commands/SummonCommand
[16Nov2025 09:39:51.323] [Worker-Main-7/DEBUG] [mixin/]: Mixing MixinNbtPredicate from curios.mixins.json into net.minecraft.advancements.critereon.NbtPredicate
[16Nov2025 09:39:51.352] [Worker-Main-7/DEBUG] [net.minecraftforge.coremod.transformer.CoreModBaseTransformer/COREMOD]: Transforming net/minecraft/world/entity/raid/Raid
[16Nov2025 09:39:51.498] [Worker-Main-7/ERROR] [net.minecraftforge.common.ForgeHooks/]: Couldn't parse element loot_tables:ars_structurize:chests/source_berry_farmloot
com.google.gson.JsonSyntaxException: Expected name to be an item, was unknown string 'ars_nouveau:sourceberry_stack'
	at net.minecraft.util.GsonHelper.lambda$convertToItem$0(GsonHelper.java:116) ~[forge-1.20.1-47.2.0_mapped_official_1.20.1-recomp.jar%23191!/:?]
	at java.util.Optional.orElseThrow(Optional.java:403) ~[?:?]
	at net.minecraft.util.GsonHelper.convertToItem(GsonHelper.java:115) ~[forge-1.20.1-47.2.0_mapped_official_1.20.1-recomp.jar%23191!/:?]
	at net.minecraft.util.GsonHelper.getAsItem(GsonHelper.java:125) ~[forge-1.20.1-47.2.0_mapped_official_1.20.1-recomp.jar%23191!/:?]
	at net.minecraft.world.level.storage.loot.entries.LootItem$Serializer.deserialize(LootItem.java:51) ~[forge-1.20.1-47.2.0_mapped_official_1.20.1-recomp.jar%23191!/:?]
	at net.minecraft.world.level.storage.loot.entries.LootItem$Serializer.deserialize(LootItem.java:39) ~[forge-1.20.1-47.2.0_mapped_official_1.20.1-recomp.jar%23191!/:?]
	at net.minecraft.world.level.storage.loot.entries.LootPoolSingletonContainer$Serializer.deserializeCustom(LootPoolSingletonContainer.java:138) ~[forge-1.20.1-47.2.0_mapped_official_1.20.1-recomp.jar%23191!/:?]
	at net.minecraft.world.level.storage.loot.entries.LootPoolSingletonContainer$Serializer.deserializeCustom(LootPoolSingletonContainer.java:118) ~[forge-1.20.1-47.2.0_mapped_official_1.20.1-recomp.jar%23191!/:?]
	at net.minecraft.world.level.storage.loot.entries.LootPoolEntryContainer$Serializer.deserialize(LootPoolEntryContainer.java:83) ~[forge-1.20.1-47.2.0_mapped_official_1.20.1-recomp.jar%23191!/:?]
	at net.minecraft.world.level.storage.loot.entries.LootPoolEntryContainer$Serializer.deserialize(LootPoolEntryContainer.java:72) ~[forge-1.20.1-47.2.0_mapped_official_1.20.1-recomp.jar%23191!/:?]
	at net.minecraft.world.level.storage.loot.GsonAdapterFactory$JsonAdapter.deserialize(GsonAdapterFactory.java:96) ~[forge-1.20.1-47.2.0_mapped_official_1.20.1-recomp.jar%23191!/:?]
	at com.google.gson.internal.bind.TreeTypeAdapter.read(TreeTypeAdapter.java:76) ~[gson-2.10.jar%23130!/:?]
	at com.google.gson.internal.bind.TypeAdapterRuntimeTypeWrapper.read(TypeAdapterRuntimeTypeWrapper.java:40) ~[gson-2.10.jar%23130!/:?]
	at com.google.gson.internal.bind.ArrayTypeAdapter.read(ArrayTypeAdapter.java:72) ~[gson-2.10.jar%23130!/:?]
	at com.google.gson.Gson.fromJson(Gson.java:1214) ~[gson-2.10.jar%23130!/:?]
	at com.google.gson.Gson.fromJson(Gson.java:1319) ~[gson-2.10.jar%23130!/:?]
	at com.google.gson.Gson.fromJson(Gson.java:1290) ~[gson-2.10.jar%23130!/:?]
	at com.google.gson.internal.bind.TreeTypeAdapter$GsonContextImpl.deserialize(TreeTypeAdapter.java:179) ~[gson-2.10.jar%23130!/:?]
	at net.minecraft.util.GsonHelper.convertToObject(GsonHelper.java:383) ~[forge-1.20.1-47.2.0_mapped_official_1.20.1-recomp.jar%23191!/:?]
	at net.minecraft.util.GsonHelper.getAsObject(GsonHelper.java:391) ~[forge-1.20.1-47.2.0_mapped_official_1.20.1-recomp.jar%23191!/:?]
	at net.minecraft.world.level.storage.loot.LootPool$Serializer.deserialize(LootPool.java:192) ~[forge-1.20.1-47.2.0_mapped_official_1.20.1-recomp.jar%23191!/:?]
	at net.minecraft.world.level.storage.loot.LootPool$Serializer.deserialize(LootPool.java:189) ~[forge-1.20.1-47.2.0_mapped_official_1.20.1-recomp.jar%23191!/:?]
	at com.google.gson.internal.bind.TreeTypeAdapter.read(TreeTypeAdapter.java:76) ~[gson-2.10.jar%23130!/:?]
	at com.google.gson.internal.bind.TypeAdapterRuntimeTypeWrapper.read(TypeAdapterRuntimeTypeWrapper.java:40) ~[gson-2.10.jar%23130!/:?]
	at com.google.gson.internal.bind.ArrayTypeAdapter.read(ArrayTypeAdapter.java:72) ~[gson-2.10.jar%23130!/:?]
	at com.google.gson.Gson.fromJson(Gson.java:1214) ~[gson-2.10.jar%23130!/:?]
	at com.google.gson.Gson.fromJson(Gson.java:1319) ~[gson-2.10.jar%23130!/:?]
	at com.google.gson.Gson.fromJson(Gson.java:1290) ~[gson-2.10.jar%23130!/:?]
	at com.google.gson.internal.bind.TreeTypeAdapter$GsonContextImpl.deserialize(TreeTypeAdapter.java:179) ~[gson-2.10.jar%23130!/:?]
	at net.minecraft.util.GsonHelper.convertToObject(GsonHelper.java:383) ~[forge-1.20.1-47.2.0_mapped_official_1.20.1-recomp.jar%23191!/:?]
	at net.minecraft.util.GsonHelper.getAsObject(GsonHelper.java:400) ~[forge-1.20.1-47.2.0_mapped_official_1.20.1-recomp.jar%23191!/:?]
	at net.minecraft.world.level.storage.loot.LootTable$Serializer.deserialize(LootTable.java:294) ~[forge-1.20.1-47.2.0_mapped_official_1.20.1-recomp.jar%23191!/:?]
	at net.minecraft.world.level.storage.loot.LootTable$Serializer.deserialize(LootTable.java:291) ~[forge-1.20.1-47.2.0_mapped_official_1.20.1-recomp.jar%23191!/:?]
	at com.google.gson.internal.bind.TreeTypeAdapter.read(TreeTypeAdapter.java:76) ~[gson-2.10.jar%23130!/:?]
	at com.google.gson.Gson.fromJson(Gson.java:1214) ~[gson-2.10.jar%23130!/:?]
	at com.google.gson.Gson.fromJson(Gson.java:1319) ~[gson-2.10.jar%23130!/:?]
	at com.google.gson.Gson.fromJson(Gson.java:1261) ~[gson-2.10.jar%23130!/:?]
	at net.minecraftforge.common.ForgeHooks.loadLootTable(ForgeHooks.java:873) ~[forge-1.20.1-47.2.0_mapped_official_1.20.1-recomp.jar%23190%23197!/:?]
	at net.minecraftforge.common.ForgeHooks.lambda$getLootTableDeserializer$3(ForgeHooks.java:850) ~[forge-1.20.1-47.2.0_mapped_official_1.20.1-recomp.jar%23190%23197!/:?]
	at net.minecraft.world.level.storage.loot.LootDataType.deserialize(LootDataType.java:45) ~[forge-1.20.1-47.2.0_mapped_official_1.20.1-recomp.jar%23191!/:?]
	at net.minecraft.world.level.storage.loot.LootDataManager.lambda$scheduleElementParse$4(LootDataManager.java:56) ~[forge-1.20.1-47.2.0_mapped_official_1.20.1-recomp.jar%23191!/:?]
	at java.util.HashMap.forEach(HashMap.java:1421) ~[?:?]
	at net.minecraft.world.level.storage.loot.LootDataManager.lambda$scheduleElementParse$5(LootDataManager.java:55) ~[forge-1.20.1-47.2.0_mapped_official_1.20.1-recomp.jar%23191!/:?]
	at java.util.concurrent.CompletableFuture$AsyncRun.run(CompletableFuture.java:1804) ~[?:?]
	at java.util.concurrent.CompletableFuture$AsyncRun.exec(CompletableFuture.java:1796) ~[?:?]
	at java.util.concurrent.ForkJoinTask.doExec(ForkJoinTask.java:373) ~[?:?]
	at java.util.concurrent.ForkJoinPool$WorkQueue.topLevelExec(ForkJoinPool.java:1182) ~[?:?]
	at java.util.concurrent.ForkJoinPool.scan(ForkJoinPool.java:1655) ~[?:?]
	at java.util.concurrent.ForkJoinPool.runWorker(ForkJoinPool.java:1622) ~[?:?]
	at java.util.concurrent.ForkJoinWorkerThread.run(ForkJoinWorkerThread.java:165) ~[?:?]
[16Nov2025 09:39:51.527] [Render thread/DEBUG] [mixin/]: Mixing AccessorSmithingTrimRecipe from patchouli_xplat.mixins.json into net.minecraft.world.item.crafting.SmithingTrimRecipe
[16Nov2025 09:39:51.558] [Render thread/DEBUG] [mixin/]: Mixing AccessorSmithingTransformRecipe from patchouli_xplat.mixins.json into net.minecraft.world.item.crafting.SmithingTransformRecipe
[16Nov2025 09:39:51.606] [Render thread/INFO] [net.minecraft.world.item.crafting.RecipeManager/]: Loaded 20 recipes
[16Nov2025 09:39:51.680] [Render thread/INFO] [net.minecraft.advancements.AdvancementList/]: Loaded 1585 advancements
[16Nov2025 09:39:51.687] [Render thread/INFO] [top.theillusivec4.curios.Curios/]: Loaded 11 curio slots
[16Nov2025 09:39:51.690] [Render thread/INFO] [top.theillusivec4.curios.Curios/]: Loaded 1 curio entities
[16Nov2025 09:39:52.096] [Render thread/DEBUG] [net.minecraftforge.common.ForgeHooks/WP]: Gathering id map for writing to world save New World
[16Nov2025 09:39:52.101] [Render thread/DEBUG] [net.minecraftforge.common.ForgeHooks/WP]: ID Map collection complete New World
[16Nov2025 09:39:52.157] [Server thread/INFO] [net.minecraft.client.server.IntegratedServer/]: Starting integrated minecraft server version 1.20.1
[16Nov2025 09:39:52.157] [Server thread/INFO] [net.minecraft.server.MinecraftServer/]: Generating keypair
[16Nov2025 09:39:52.257] [Server thread/DEBUG] [net.minecraftforge.fml.config.ConfigTracker/CONFIG]: Loading configs type SERVER
[16Nov2025 09:39:52.258] [Server thread/DEBUG] [net.minecraftforge.fml.config.ConfigFileTypeHandler/CONFIG]: Built TOML config for .\saves\New World (1)\serverconfig\curios-server.toml
[16Nov2025 09:39:52.268] [Server thread/DEBUG] [net.minecraftforge.fml.config.ConfigFileTypeHandler/CONFIG]: Loaded TOML config file .\saves\New World (1)\serverconfig\curios-server.toml
[16Nov2025 09:39:52.268] [Server thread/DEBUG] [net.minecraftforge.fml.config.ConfigFileTypeHandler/CONFIG]: Watching TOML config file .\saves\New World (1)\serverconfig\curios-server.toml for changes
[16Nov2025 09:39:52.269] [Server thread/DEBUG] [net.minecraftforge.fml.config.ConfigFileTypeHandler/CONFIG]: Built TOML config for C:\Users\Sabien\MCreatorWorkspaces\ars_structerize\run\config\ars_nouveau\glyph_projectile.toml
[16Nov2025 09:39:52.279] [Server thread/DEBUG] [net.minecraftforge.fml.config.ConfigFileTypeHandler/CONFIG]: Loaded TOML config file C:\Users\Sabien\MCreatorWorkspaces\ars_structerize\run\config\ars_nouveau\glyph_projectile.toml
[16Nov2025 09:39:52.280] [Server thread/DEBUG] [net.minecraftforge.fml.config.ConfigFileTypeHandler/CONFIG]: Watching TOML config file C:\Users\Sabien\MCreatorWorkspaces\ars_structerize\run\config\ars_nouveau\glyph_projectile.toml for changes
[16Nov2025 09:39:52.281] [Server thread/DEBUG] [net.minecraftforge.fml.config.ConfigFileTypeHandler/CONFIG]: Built TOML config for C:\Users\Sabien\MCreatorWorkspaces\ars_structerize\run\config\ars_nouveau\glyph_touch.toml
[16Nov2025 09:39:52.290] [Server thread/DEBUG] [net.minecraftforge.fml.config.ConfigFileTypeHandler/CONFIG]: Loaded TOML config file C:\Users\Sabien\MCreatorWorkspaces\ars_structerize\run\config\ars_nouveau\glyph_touch.toml
[16Nov2025 09:39:52.291] [Server thread/DEBUG] [net.minecraftforge.fml.config.ConfigFileTypeHandler/CONFIG]: Watching TOML config file C:\Users\Sabien\MCreatorWorkspaces\ars_structerize\run\config\ars_nouveau\glyph_touch.toml for changes
[16Nov2025 09:39:52.291] [Server thread/DEBUG] [net.minecraftforge.fml.config.ConfigFileTypeHandler/CONFIG]: Built TOML config for C:\Users\Sabien\MCreatorWorkspaces\ars_structerize\run\config\ars_nouveau\glyph_self.toml
[16Nov2025 09:39:52.301] [Server thread/DEBUG] [net.minecraftforge.fml.config.ConfigFileTypeHandler/CONFIG]: Loaded TOML config file C:\Users\Sabien\MCreatorWorkspaces\ars_structerize\run\config\ars_nouveau\glyph_self.toml
[16Nov2025 09:39:52.301] [Server thread/DEBUG] [net.minecraftforge.fml.config.ConfigFileTypeHandler/CONFIG]: Watching TOML config file C:\Users\Sabien\MCreatorWorkspaces\ars_structerize\run\config\ars_nouveau\glyph_self.toml for changes
[16Nov2025 09:39:52.302] [Server thread/DEBUG] [net.minecraftforge.fml.config.ConfigFileTypeHandler/CONFIG]: Built TOML config for C:\Users\Sabien\MCreatorWorkspaces\ars_structerize\run\config\ars_nouveau\glyph_break.toml
[16Nov2025 09:39:52.309] [Server thread/DEBUG] [net.minecraftforge.fml.config.ConfigFileTypeHandler/CONFIG]: Loaded TOML config file C:\Users\Sabien\MCreatorWorkspaces\ars_structerize\run\config\ars_nouveau\glyph_break.toml
[16Nov2025 09:39:52.310] [Server thread/DEBUG] [net.minecraftforge.fml.config.ConfigFileTypeHandler/CONFIG]: Watching TOML config file C:\Users\Sabien\MCreatorWorkspaces\ars_structerize\run\config\ars_nouveau\glyph_break.toml for changes
[16Nov2025 09:39:52.311] [Server thread/DEBUG] [net.minecraftforge.fml.config.ConfigFileTypeHandler/CONFIG]: Built TOML config for C:\Users\Sabien\MCreatorWorkspaces\ars_structerize\run\config\ars_nouveau\glyph_harm.toml
[16Nov2025 09:39:52.321] [Server thread/DEBUG] [net.minecraftforge.fml.config.ConfigFileTypeHandler/CONFIG]: Loaded TOML config file C:\Users\Sabien\MCreatorWorkspaces\ars_structerize\run\config\ars_nouveau\glyph_harm.toml
[16Nov2025 09:39:52.322] [Server thread/DEBUG] [net.minecraftforge.fml.config.ConfigFileTypeHandler/CONFIG]: Watching TOML config file C:\Users\Sabien\MCreatorWorkspaces\ars_structerize\run\config\ars_nouveau\glyph_harm.toml for changes
[16Nov2025 09:39:52.323] [Server thread/DEBUG] [net.minecraftforge.fml.config.ConfigFileTypeHandler/CONFIG]: Built TOML config for C:\Users\Sabien\MCreatorWorkspaces\ars_structerize\run\config\ars_nouveau\glyph_ignite.toml
[16Nov2025 09:39:52.325] [Thread-4/DEBUG] [net.minecraftforge.fml.config.ConfigFileTypeHandler/CONFIG]: Config file ars_nouveau/glyph_harm.toml changed, sending notifies
[16Nov2025 09:39:52.333] [Server thread/DEBUG] [net.minecraftforge.fml.config.ConfigFileTypeHandler/CONFIG]: Loaded TOML config file C:\Users\Sabien\MCreatorWorkspaces\ars_structerize\run\config\ars_nouveau\glyph_ignite.toml
[16Nov2025 09:39:52.333] [Server thread/DEBUG] [net.minecraftforge.fml.config.ConfigFileTypeHandler/CONFIG]: Watching TOML config file C:\Users\Sabien\MCreatorWorkspaces\ars_structerize\run\config\ars_nouveau\glyph_ignite.toml for changes
[16Nov2025 09:39:52.335] [Server thread/DEBUG] [net.minecraftforge.fml.config.ConfigFileTypeHandler/CONFIG]: Built TOML config for C:\Users\Sabien\MCreatorWorkspaces\ars_structerize\run\config\ars_nouveau\glyph_phantom_block.toml
[16Nov2025 09:39:52.343] [Server thread/DEBUG] [net.minecraftforge.fml.config.ConfigFileTypeHandler/CONFIG]: Loaded TOML config file C:\Users\Sabien\MCreatorWorkspaces\ars_structerize\run\config\ars_nouveau\glyph_phantom_block.toml
[16Nov2025 09:39:52.343] [Server thread/DEBUG] [net.minecraftforge.fml.config.ConfigFileTypeHandler/CONFIG]: Watching TOML config file C:\Users\Sabien\MCreatorWorkspaces\ars_structerize\run\config\ars_nouveau\glyph_phantom_block.toml for changes
[16Nov2025 09:39:52.345] [Thread-4/DEBUG] [net.minecraftforge.fml.config.ConfigFileTypeHandler/CONFIG]: Config file ars_nouveau/glyph_phantom_block.toml changed, sending notifies
[16Nov2025 09:39:52.345] [Thread-4/DEBUG] [net.minecraftforge.fml.config.ConfigFileTypeHandler/CONFIG]: Config file ars_nouveau/glyph_phantom_block.toml changed, sending notifies
[16Nov2025 09:39:52.345] [Server thread/DEBUG] [net.minecraftforge.fml.config.ConfigFileTypeHandler/CONFIG]: Built TOML config for C:\Users\Sabien\MCreatorWorkspaces\ars_structerize\run\config\ars_nouveau\glyph_heal.toml
[16Nov2025 09:39:52.346] [Thread-4/DEBUG] [net.minecraftforge.fml.config.ConfigFileTypeHandler/CONFIG]: Config file ars_nouveau/glyph_phantom_block.toml changed, sending notifies
[16Nov2025 09:39:52.353] [Server thread/DEBUG] [net.minecraftforge.fml.config.ConfigFileTypeHandler/CONFIG]: Loaded TOML config file C:\Users\Sabien\MCreatorWorkspaces\ars_structerize\run\config\ars_nouveau\glyph_heal.toml
[16Nov2025 09:39:52.353] [Server thread/DEBUG] [net.minecraftforge.fml.config.ConfigFileTypeHandler/CONFIG]: Watching TOML config file C:\Users\Sabien\MCreatorWorkspaces\ars_structerize\run\config\ars_nouveau\glyph_heal.toml for changes
[16Nov2025 09:39:52.354] [Server thread/DEBUG] [net.minecraftforge.fml.config.ConfigFileTypeHandler/CONFIG]: Built TOML config for C:\Users\Sabien\MCreatorWorkspaces\ars_structerize\run\config\ars_nouveau\glyph_grow.toml
[16Nov2025 09:39:52.357] [Thread-4/DEBUG] [net.minecraftforge.fml.config.ConfigFileTypeHandler/CONFIG]: Config file ars_nouveau/glyph_heal.toml changed, sending notifies
[16Nov2025 09:39:52.362] [Server thread/DEBUG] [net.minecraftforge.fml.config.ConfigFileTypeHandler/CONFIG]: Loaded TOML config file C:\Users\Sabien\MCreatorWorkspaces\ars_structerize\run\config\ars_nouveau\glyph_grow.toml
[16Nov2025 09:39:52.362] [Server thread/DEBUG] [net.minecraftforge.fml.config.ConfigFileTypeHandler/CONFIG]: Watching TOML config file C:\Users\Sabien\MCreatorWorkspaces\ars_structerize\run\config\ars_nouveau\glyph_grow.toml for changes
[16Nov2025 09:39:52.363] [Server thread/DEBUG] [net.minecraftforge.fml.config.ConfigFileTypeHandler/CONFIG]: Built TOML config for C:\Users\Sabien\MCreatorWorkspaces\ars_structerize\run\config\ars_nouveau\glyph_gust.toml
[16Nov2025 09:39:52.367] [Thread-4/DEBUG] [net.minecraftforge.fml.config.ConfigFileTypeHandler/CONFIG]: Config file ars_nouveau/glyph_grow.toml changed, sending notifies
[16Nov2025 09:39:52.369] [Server thread/DEBUG] [net.minecraftforge.fml.config.ConfigFileTypeHandler/CONFIG]: Loaded TOML config file C:\Users\Sabien\MCreatorWorkspaces\ars_structerize\run\config\ars_nouveau\glyph_gust.toml
[16Nov2025 09:39:52.369] [Server thread/DEBUG] [net.minecraftforge.fml.config.ConfigFileTypeHandler/CONFIG]: Watching TOML config file C:\Users\Sabien\MCreatorWorkspaces\ars_structerize\run\config\ars_nouveau\glyph_gust.toml for changes
[16Nov2025 09:39:52.371] [Server thread/DEBUG] [net.minecraftforge.fml.config.ConfigFileTypeHandler/CONFIG]: Built TOML config for C:\Users\Sabien\MCreatorWorkspaces\ars_structerize\run\config\ars_nouveau\glyph_light.toml
[16Nov2025 09:39:52.379] [Server thread/DEBUG] [net.minecraftforge.fml.config.ConfigFileTypeHandler/CONFIG]: Loaded TOML config file C:\Users\Sabien\MCreatorWorkspaces\ars_structerize\run\config\ars_nouveau\glyph_light.toml
[16Nov2025 09:39:52.379] [Server thread/DEBUG] [net.minecraftforge.fml.config.ConfigFileTypeHandler/CONFIG]: Watching TOML config file C:\Users\Sabien\MCreatorWorkspaces\ars_structerize\run\config\ars_nouveau\glyph_light.toml for changes
[16Nov2025 09:39:52.380] [Server thread/DEBUG] [net.minecraftforge.fml.config.ConfigFileTypeHandler/CONFIG]: Built TOML config for C:\Users\Sabien\MCreatorWorkspaces\ars_structerize\run\config\ars_nouveau\glyph_dispel.toml
[16Nov2025 09:39:52.388] [Server thread/DEBUG] [net.minecraftforge.fml.config.ConfigFileTypeHandler/CONFIG]: Loaded TOML config file C:\Users\Sabien\MCreatorWorkspaces\ars_structerize\run\config\ars_nouveau\glyph_dispel.toml
[16Nov2025 09:39:52.389] [Server thread/DEBUG] [net.minecraftforge.fml.config.ConfigFileTypeHandler/CONFIG]: Watching TOML config file C:\Users\Sabien\MCreatorWorkspaces\ars_structerize\run\config\ars_nouveau\glyph_dispel.toml for changes
[16Nov2025 09:39:52.389] [Server thread/DEBUG] [net.minecraftforge.fml.config.ConfigFileTypeHandler/CONFIG]: Built TOML config for C:\Users\Sabien\MCreatorWorkspaces\ars_structerize\run\config\ars_nouveau\glyph_launch.toml
[16Nov2025 09:39:52.398] [Server thread/DEBUG] [net.minecraftforge.fml.config.ConfigFileTypeHandler/CONFIG]: Loaded TOML config file C:\Users\Sabien\MCreatorWorkspaces\ars_structerize\run\config\ars_nouveau\glyph_launch.toml
[16Nov2025 09:39:52.398] [Server thread/DEBUG] [net.minecraftforge.fml.config.ConfigFileTypeHandler/CONFIG]: Watching TOML config file C:\Users\Sabien\MCreatorWorkspaces\ars_structerize\run\config\ars_nouveau\glyph_launch.toml for changes
[16Nov2025 09:39:52.399] [Server thread/DEBUG] [net.minecraftforge.fml.config.ConfigFileTypeHandler/CONFIG]: Built TOML config for C:\Users\Sabien\MCreatorWorkspaces\ars_structerize\run\config\ars_nouveau\glyph_pull.toml
[16Nov2025 09:39:52.407] [Server thread/DEBUG] [net.minecraftforge.fml.config.ConfigFileTypeHandler/CONFIG]: Loaded TOML config file C:\Users\Sabien\MCreatorWorkspaces\ars_structerize\run\config\ars_nouveau\glyph_pull.toml
[16Nov2025 09:39:52.407] [Server thread/DEBUG] [net.minecraftforge.fml.config.ConfigFileTypeHandler/CONFIG]: Watching TOML config file C:\Users\Sabien\MCreatorWorkspaces\ars_structerize\run\config\ars_nouveau\glyph_pull.toml for changes
[16Nov2025 09:39:52.408] [Server thread/DEBUG] [net.minecraftforge.fml.config.ConfigFileTypeHandler/CONFIG]: Built TOML config for C:\Users\Sabien\MCreatorWorkspaces\ars_structerize\run\config\ars_nouveau\glyph_blink.toml
[16Nov2025 09:39:52.410] [Thread-4/DEBUG] [net.minecraftforge.fml.config.ConfigFileTypeHandler/CONFIG]: Config file ars_nouveau/glyph_pull.toml changed, sending notifies
[16Nov2025 09:39:52.416] [Server thread/DEBUG] [net.minecraftforge.fml.config.ConfigFileTypeHandler/CONFIG]: Loaded TOML config file C:\Users\Sabien\MCreatorWorkspaces\ars_structerize\run\config\ars_nouveau\glyph_blink.toml
[16Nov2025 09:39:52.416] [Server thread/DEBUG] [net.minecraftforge.fml.config.ConfigFileTypeHandler/CONFIG]: Watching TOML config file C:\Users\Sabien\MCreatorWorkspaces\ars_structerize\run\config\ars_nouveau\glyph_blink.toml for changes
[16Nov2025 09:39:52.417] [Server thread/DEBUG] [net.minecraftforge.fml.config.ConfigFileTypeHandler/CONFIG]: Built TOML config for C:\Users\Sabien\MCreatorWorkspaces\ars_structerize\run\config\ars_nouveau\glyph_explosion.toml
[16Nov2025 09:39:52.420] [Thread-4/DEBUG] [net.minecraftforge.fml.config.ConfigFileTypeHandler/CONFIG]: Config file ars_nouveau/glyph_blink.toml changed, sending notifies
[16Nov2025 09:39:52.426] [Server thread/DEBUG] [net.minecraftforge.fml.config.ConfigFileTypeHandler/CONFIG]: Loaded TOML config file C:\Users\Sabien\MCreatorWorkspaces\ars_structerize\run\config\ars_nouveau\glyph_explosion.toml
[16Nov2025 09:39:52.426] [Server thread/DEBUG] [net.minecraftforge.fml.config.ConfigFileTypeHandler/CONFIG]: Watching TOML config file C:\Users\Sabien\MCreatorWorkspaces\ars_structerize\run\config\ars_nouveau\glyph_explosion.toml for changes
[16Nov2025 09:39:52.427] [Server thread/DEBUG] [net.minecraftforge.fml.config.ConfigFileTypeHandler/CONFIG]: Built TOML config for C:\Users\Sabien\MCreatorWorkspaces\ars_structerize\run\config\ars_nouveau\glyph_lightning.toml
[16Nov2025 09:39:52.434] [Server thread/DEBUG] [net.minecraftforge.fml.config.ConfigFileTypeHandler/CONFIG]: Loaded TOML config file C:\Users\Sabien\MCreatorWorkspaces\ars_structerize\run\config\ars_nouveau\glyph_lightning.toml
[16Nov2025 09:39:52.434] [Server thread/DEBUG] [net.minecraftforge.fml.config.ConfigFileTypeHandler/CONFIG]: Watching TOML config file C:\Users\Sabien\MCreatorWorkspaces\ars_structerize\run\config\ars_nouveau\glyph_lightning.toml for changes
[16Nov2025 09:39:52.435] [Server thread/DEBUG] [net.minecraftforge.fml.config.ConfigFileTypeHandler/CONFIG]: Built TOML config for C:\Users\Sabien\MCreatorWorkspaces\ars_structerize\run\config\ars_nouveau\glyph_slowfall.toml
[16Nov2025 09:39:52.437] [Thread-4/DEBUG] [net.minecraftforge.fml.config.ConfigFileTypeHandler/CONFIG]: Config file ars_nouveau/glyph_lightning.toml changed, sending notifies
[16Nov2025 09:39:52.444] [Server thread/DEBUG] [net.minecraftforge.fml.config.ConfigFileTypeHandler/CONFIG]: Loaded TOML config file C:\Users\Sabien\MCreatorWorkspaces\ars_structerize\run\config\ars_nouveau\glyph_slowfall.toml
[16Nov2025 09:39:52.444] [Server thread/DEBUG] [net.minecraftforge.fml.config.ConfigFileTypeHandler/CONFIG]: Watching TOML config file C:\Users\Sabien\MCreatorWorkspaces\ars_structerize\run\config\ars_nouveau\glyph_slowfall.toml for changes
[16Nov2025 09:39:52.445] [Server thread/DEBUG] [net.minecraftforge.fml.config.ConfigFileTypeHandler/CONFIG]: Built TOML config for C:\Users\Sabien\MCreatorWorkspaces\ars_structerize\run\config\ars_nouveau\glyph_fangs.toml
[16Nov2025 09:39:52.454] [Server thread/DEBUG] [net.minecraftforge.fml.config.ConfigFileTypeHandler/CONFIG]: Loaded TOML config file C:\Users\Sabien\MCreatorWorkspaces\ars_structerize\run\config\ars_nouveau\glyph_fangs.toml
[16Nov2025 09:39:52.455] [Server thread/DEBUG] [net.minecraftforge.fml.config.ConfigFileTypeHandler/CONFIG]: Watching TOML config file C:\Users\Sabien\MCreatorWorkspaces\ars_structerize\run\config\ars_nouveau\glyph_fangs.toml for changes
[16Nov2025 09:39:52.455] [Server thread/DEBUG] [net.minecraftforge.fml.config.ConfigFileTypeHandler/CONFIG]: Built TOML config for C:\Users\Sabien\MCreatorWorkspaces\ars_structerize\run\config\ars_nouveau\glyph_summon_vex.toml
[16Nov2025 09:39:52.463] [Server thread/DEBUG] [net.minecraftforge.fml.config.ConfigFileTypeHandler/CONFIG]: Loaded TOML config file C:\Users\Sabien\MCreatorWorkspaces\ars_structerize\run\config\ars_nouveau\glyph_summon_vex.toml
[16Nov2025 09:39:52.464] [Server thread/DEBUG] [net.minecraftforge.fml.config.ConfigFileTypeHandler/CONFIG]: Watching TOML config file C:\Users\Sabien\MCreatorWorkspaces\ars_structerize\run\config\ars_nouveau\glyph_summon_vex.toml for changes
[16Nov2025 09:39:52.464] [Server thread/DEBUG] [net.minecraftforge.fml.config.ConfigFileTypeHandler/CONFIG]: Built TOML config for C:\Users\Sabien\MCreatorWorkspaces\ars_structerize\run\config\ars_nouveau\glyph_accelerate.toml
[16Nov2025 09:39:52.472] [Server thread/DEBUG] [net.minecraftforge.fml.config.ConfigFileTypeHandler/CONFIG]: Loaded TOML config file C:\Users\Sabien\MCreatorWorkspaces\ars_structerize\run\config\ars_nouveau\glyph_accelerate.toml
[16Nov2025 09:39:52.472] [Server thread/DEBUG] [net.minecraftforge.fml.config.ConfigFileTypeHandler/CONFIG]: Watching TOML config file C:\Users\Sabien\MCreatorWorkspaces\ars_structerize\run\config\ars_nouveau\glyph_accelerate.toml for changes
[16Nov2025 09:39:52.472] [Server thread/DEBUG] [net.minecraftforge.fml.config.ConfigFileTypeHandler/CONFIG]: Built TOML config for C:\Users\Sabien\MCreatorWorkspaces\ars_structerize\run\config\ars_nouveau\glyph_decelerate.toml
[16Nov2025 09:39:52.480] [Server thread/DEBUG] [net.minecraftforge.fml.config.ConfigFileTypeHandler/CONFIG]: Loaded TOML config file C:\Users\Sabien\MCreatorWorkspaces\ars_structerize\run\config\ars_nouveau\glyph_decelerate.toml
[16Nov2025 09:39:52.480] [Server thread/DEBUG] [net.minecraftforge.fml.config.ConfigFileTypeHandler/CONFIG]: Watching TOML config file C:\Users\Sabien\MCreatorWorkspaces\ars_structerize\run\config\ars_nouveau\glyph_decelerate.toml for changes
[16Nov2025 09:39:52.480] [Server thread/DEBUG] [net.minecraftforge.fml.config.ConfigFileTypeHandler/CONFIG]: Built TOML config for C:\Users\Sabien\MCreatorWorkspaces\ars_structerize\run\config\ars_nouveau\glyph_split.toml
[16Nov2025 09:39:52.487] [Server thread/DEBUG] [net.minecraftforge.fml.config.ConfigFileTypeHandler/CONFIG]: Loaded TOML config file C:\Users\Sabien\MCreatorWorkspaces\ars_structerize\run\config\ars_nouveau\glyph_split.toml
[16Nov2025 09:39:52.487] [Server thread/DEBUG] [net.minecraftforge.fml.config.ConfigFileTypeHandler/CONFIG]: Watching TOML config file C:\Users\Sabien\MCreatorWorkspaces\ars_structerize\run\config\ars_nouveau\glyph_split.toml for changes
[16Nov2025 09:39:52.487] [Server thread/DEBUG] [net.minecraftforge.fml.config.ConfigFileTypeHandler/CONFIG]: Built TOML config for C:\Users\Sabien\MCreatorWorkspaces\ars_structerize\run\config\ars_nouveau\glyph_amplify.toml
[16Nov2025 09:39:52.495] [Server thread/DEBUG] [net.minecraftforge.fml.config.ConfigFileTypeHandler/CONFIG]: Loaded TOML config file C:\Users\Sabien\MCreatorWorkspaces\ars_structerize\run\config\ars_nouveau\glyph_amplify.toml
[16Nov2025 09:39:52.495] [Server thread/DEBUG] [net.minecraftforge.fml.config.ConfigFileTypeHandler/CONFIG]: Watching TOML config file C:\Users\Sabien\MCreatorWorkspaces\ars_structerize\run\config\ars_nouveau\glyph_amplify.toml for changes
[16Nov2025 09:39:52.496] [Thread-4/DEBUG] [net.minecraftforge.fml.config.ConfigFileTypeHandler/CONFIG]: Config file ars_nouveau/glyph_amplify.toml changed, sending notifies
[16Nov2025 09:39:52.496] [Server thread/DEBUG] [net.minecraftforge.fml.config.ConfigFileTypeHandler/CONFIG]: Built TOML config for C:\Users\Sabien\MCreatorWorkspaces\ars_structerize\run\config\ars_nouveau\glyph_aoe.toml
[16Nov2025 09:39:52.497] [Thread-4/DEBUG] [net.minecraftforge.fml.config.ConfigFileTypeHandler/CONFIG]: Config file ars_nouveau/glyph_amplify.toml changed, sending notifies
[16Nov2025 09:39:52.503] [Server thread/DEBUG] [net.minecraftforge.fml.config.ConfigFileTypeHandler/CONFIG]: Loaded TOML config file C:\Users\Sabien\MCreatorWorkspaces\ars_structerize\run\config\ars_nouveau\glyph_aoe.toml
[16Nov2025 09:39:52.503] [Server thread/DEBUG] [net.minecraftforge.fml.config.ConfigFileTypeHandler/CONFIG]: Watching TOML config file C:\Users\Sabien\MCreatorWorkspaces\ars_structerize\run\config\ars_nouveau\glyph_aoe.toml for changes
[16Nov2025 09:39:52.504] [Server thread/DEBUG] [net.minecraftforge.fml.config.ConfigFileTypeHandler/CONFIG]: Built TOML config for C:\Users\Sabien\MCreatorWorkspaces\ars_structerize\run\config\ars_nouveau\glyph_extend_time.toml
[16Nov2025 09:39:52.505] [Server thread/DEBUG] [net.minecraftforge.fml.config.ConfigFileTypeHandler/CONFIG]: Loaded TOML config file C:\Users\Sabien\MCreatorWorkspaces\ars_structerize\run\config\ars_nouveau\glyph_extend_time.toml
[16Nov2025 09:39:52.505] [Server thread/DEBUG] [net.minecraftforge.fml.config.ConfigFileTypeHandler/CONFIG]: Watching TOML config file C:\Users\Sabien\MCreatorWorkspaces\ars_structerize\run\config\ars_nouveau\glyph_extend_time.toml for changes
[16Nov2025 09:39:52.506] [Server thread/DEBUG] [net.minecraftforge.fml.config.ConfigFileTypeHandler/CONFIG]: Built TOML config for C:\Users\Sabien\MCreatorWorkspaces\ars_structerize\run\config\ars_nouveau\glyph_pierce.toml
[16Nov2025 09:39:52.512] [Server thread/DEBUG] [net.minecraftforge.fml.config.ConfigFileTypeHandler/CONFIG]: Loaded TOML config file C:\Users\Sabien\MCreatorWorkspaces\ars_structerize\run\config\ars_nouveau\glyph_pierce.toml
[16Nov2025 09:39:52.513] [Server thread/DEBUG] [net.minecraftforge.fml.config.ConfigFileTypeHandler/CONFIG]: Watching TOML config file C:\Users\Sabien\MCreatorWorkspaces\ars_structerize\run\config\ars_nouveau\glyph_pierce.toml for changes
[16Nov2025 09:39:52.513] [Server thread/DEBUG] [net.minecraftforge.fml.config.ConfigFileTypeHandler/CONFIG]: Built TOML config for C:\Users\Sabien\MCreatorWorkspaces\ars_structerize\run\config\ars_nouveau\glyph_dampen.toml
[16Nov2025 09:39:52.521] [Server thread/DEBUG] [net.minecraftforge.fml.config.ConfigFileTypeHandler/CONFIG]: Loaded TOML config file C:\Users\Sabien\MCreatorWorkspaces\ars_structerize\run\config\ars_nouveau\glyph_dampen.toml
[16Nov2025 09:39:52.521] [Server thread/DEBUG] [net.minecraftforge.fml.config.ConfigFileTypeHandler/CONFIG]: Watching TOML config file C:\Users\Sabien\MCreatorWorkspaces\ars_structerize\run\config\ars_nouveau\glyph_dampen.toml for changes
[16Nov2025 09:39:52.522] [Server thread/DEBUG] [net.minecraftforge.fml.config.ConfigFileTypeHandler/CONFIG]: Built TOML config for C:\Users\Sabien\MCreatorWorkspaces\ars_structerize\run\config\ars_nouveau\glyph_extract.toml
[16Nov2025 09:39:52.528] [Server thread/DEBUG] [net.minecraftforge.fml.config.ConfigFileTypeHandler/CONFIG]: Loaded TOML config file C:\Users\Sabien\MCreatorWorkspaces\ars_structerize\run\config\ars_nouveau\glyph_extract.toml
[16Nov2025 09:39:52.528] [Server thread/DEBUG] [net.minecraftforge.fml.config.ConfigFileTypeHandler/CONFIG]: Watching TOML config file C:\Users\Sabien\MCreatorWorkspaces\ars_structerize\run\config\ars_nouveau\glyph_extract.toml for changes
[16Nov2025 09:39:52.529] [Server thread/DEBUG] [net.minecraftforge.fml.config.ConfigFileTypeHandler/CONFIG]: Built TOML config for C:\Users\Sabien\MCreatorWorkspaces\ars_structerize\run\config\ars_nouveau\glyph_fortune.toml
[16Nov2025 09:39:52.529] [Thread-4/DEBUG] [net.minecraftforge.fml.config.ConfigFileTypeHandler/CONFIG]: Config file ars_nouveau/glyph_extract.toml changed, sending notifies
[16Nov2025 09:39:52.530] [Thread-4/DEBUG] [net.minecraftforge.fml.config.ConfigFileTypeHandler/CONFIG]: Config file ars_nouveau/glyph_extract.toml changed, sending notifies
[16Nov2025 09:39:52.537] [Server thread/DEBUG] [net.minecraftforge.fml.config.ConfigFileTypeHandler/CONFIG]: Loaded TOML config file C:\Users\Sabien\MCreatorWorkspaces\ars_structerize\run\config\ars_nouveau\glyph_fortune.toml
[16Nov2025 09:39:52.538] [Server thread/DEBUG] [net.minecraftforge.fml.config.ConfigFileTypeHandler/CONFIG]: Watching TOML config file C:\Users\Sabien\MCreatorWorkspaces\ars_structerize\run\config\ars_nouveau\glyph_fortune.toml for changes
[16Nov2025 09:39:52.538] [Server thread/DEBUG] [net.minecraftforge.fml.config.ConfigFileTypeHandler/CONFIG]: Built TOML config for C:\Users\Sabien\MCreatorWorkspaces\ars_structerize\run\config\ars_nouveau\glyph_ender_inventory.toml
[16Nov2025 09:39:52.545] [Server thread/DEBUG] [net.minecraftforge.fml.config.ConfigFileTypeHandler/CONFIG]: Loaded TOML config file C:\Users\Sabien\MCreatorWorkspaces\ars_structerize\run\config\ars_nouveau\glyph_ender_inventory.toml
[16Nov2025 09:39:52.547] [Server thread/DEBUG] [net.minecraftforge.fml.config.ConfigFileTypeHandler/CONFIG]: Watching TOML config file C:\Users\Sabien\MCreatorWorkspaces\ars_structerize\run\config\ars_nouveau\glyph_ender_inventory.toml for changes
[16Nov2025 09:39:52.547] [Server thread/DEBUG] [net.minecraftforge.fml.config.ConfigFileTypeHandler/CONFIG]: Built TOML config for C:\Users\Sabien\MCreatorWorkspaces\ars_structerize\run\config\ars_nouveau\glyph_harvest.toml
[16Nov2025 09:39:52.554] [Server thread/DEBUG] [net.minecraftforge.fml.config.ConfigFileTypeHandler/CONFIG]: Loaded TOML config file C:\Users\Sabien\MCreatorWorkspaces\ars_structerize\run\config\ars_nouveau\glyph_harvest.toml
[16Nov2025 09:39:52.555] [Server thread/DEBUG] [net.minecraftforge.fml.config.ConfigFileTypeHandler/CONFIG]: Watching TOML config file C:\Users\Sabien\MCreatorWorkspaces\ars_structerize\run\config\ars_nouveau\glyph_harvest.toml for changes
[16Nov2025 09:39:52.556] [Server thread/DEBUG] [net.minecraftforge.fml.config.ConfigFileTypeHandler/CONFIG]: Built TOML config for C:\Users\Sabien\MCreatorWorkspaces\ars_structerize\run\config\ars_nouveau\glyph_fell.toml
[16Nov2025 09:39:52.564] [Server thread/DEBUG] [net.minecraftforge.fml.config.ConfigFileTypeHandler/CONFIG]: Loaded TOML config file C:\Users\Sabien\MCreatorWorkspaces\ars_structerize\run\config\ars_nouveau\glyph_fell.toml
[16Nov2025 09:39:52.564] [Server thread/DEBUG] [net.minecraftforge.fml.config.ConfigFileTypeHandler/CONFIG]: Watching TOML config file C:\Users\Sabien\MCreatorWorkspaces\ars_structerize\run\config\ars_nouveau\glyph_fell.toml for changes
[16Nov2025 09:39:52.565] [Server thread/DEBUG] [net.minecraftforge.fml.config.ConfigFileTypeHandler/CONFIG]: Built TOML config for C:\Users\Sabien\MCreatorWorkspaces\ars_structerize\run\config\ars_nouveau\glyph_pickup.toml
[16Nov2025 09:39:52.566] [Server thread/DEBUG] [net.minecraftforge.fml.config.ConfigFileTypeHandler/CONFIG]: Loaded TOML config file C:\Users\Sabien\MCreatorWorkspaces\ars_structerize\run\config\ars_nouveau\glyph_pickup.toml
[16Nov2025 09:39:52.566] [Server thread/DEBUG] [net.minecraftforge.fml.config.ConfigFileTypeHandler/CONFIG]: Watching TOML config file C:\Users\Sabien\MCreatorWorkspaces\ars_structerize\run\config\ars_nouveau\glyph_pickup.toml for changes
[16Nov2025 09:39:52.567] [Server thread/DEBUG] [net.minecraftforge.fml.config.ConfigFileTypeHandler/CONFIG]: Built TOML config for C:\Users\Sabien\MCreatorWorkspaces\ars_structerize\run\config\ars_nouveau\glyph_interact.toml
[16Nov2025 09:39:52.567] [Server thread/DEBUG] [net.minecraftforge.fml.config.ConfigFileTypeHandler/CONFIG]: Loaded TOML config file C:\Users\Sabien\MCreatorWorkspaces\ars_structerize\run\config\ars_nouveau\glyph_interact.toml
[16Nov2025 09:39:52.567] [Server thread/DEBUG] [net.minecraftforge.fml.config.ConfigFileTypeHandler/CONFIG]: Watching TOML config file C:\Users\Sabien\MCreatorWorkspaces\ars_structerize\run\config\ars_nouveau\glyph_interact.toml for changes
[16Nov2025 09:39:52.568] [Server thread/DEBUG] [net.minecraftforge.fml.config.ConfigFileTypeHandler/CONFIG]: Built TOML config for C:\Users\Sabien\MCreatorWorkspaces\ars_structerize\run\config\ars_nouveau\glyph_place_block.toml
[16Nov2025 09:39:52.569] [Server thread/DEBUG] [net.minecraftforge.fml.config.ConfigFileTypeHandler/CONFIG]: Loaded TOML config file C:\Users\Sabien\MCreatorWorkspaces\ars_structerize\run\config\ars_nouveau\glyph_place_block.toml
[16Nov2025 09:39:52.569] [Server thread/DEBUG] [net.minecraftforge.fml.config.ConfigFileTypeHandler/CONFIG]: Watching TOML config file C:\Users\Sabien\MCreatorWorkspaces\ars_structerize\run\config\ars_nouveau\glyph_place_block.toml for changes
[16Nov2025 09:39:52.570] [Server thread/DEBUG] [net.minecraftforge.fml.config.ConfigFileTypeHandler/CONFIG]: Built TOML config for C:\Users\Sabien\MCreatorWorkspaces\ars_structerize\run\config\ars_nouveau\glyph_snare.toml
[16Nov2025 09:39:52.578] [Server thread/DEBUG] [net.minecraftforge.fml.config.ConfigFileTypeHandler/CONFIG]: Loaded TOML config file C:\Users\Sabien\MCreatorWorkspaces\ars_structerize\run\config\ars_nouveau\glyph_snare.toml
[16Nov2025 09:39:52.578] [Server thread/DEBUG] [net.minecraftforge.fml.config.ConfigFileTypeHandler/CONFIG]: Watching TOML config file C:\Users\Sabien\MCreatorWorkspaces\ars_structerize\run\config\ars_nouveau\glyph_snare.toml for changes
[16Nov2025 09:39:52.579] [Server thread/DEBUG] [net.minecraftforge.fml.config.ConfigFileTypeHandler/CONFIG]: Built TOML config for C:\Users\Sabien\MCreatorWorkspaces\ars_structerize\run\config\ars_nouveau\glyph_smelt.toml
[16Nov2025 09:39:52.586] [Server thread/DEBUG] [net.minecraftforge.fml.config.ConfigFileTypeHandler/CONFIG]: Loaded TOML config file C:\Users\Sabien\MCreatorWorkspaces\ars_structerize\run\config\ars_nouveau\glyph_smelt.toml
[16Nov2025 09:39:52.587] [Server thread/DEBUG] [net.minecraftforge.fml.config.ConfigFileTypeHandler/CONFIG]: Watching TOML config file C:\Users\Sabien\MCreatorWorkspaces\ars_structerize\run\config\ars_nouveau\glyph_smelt.toml for changes
[16Nov2025 09:39:52.587] [Server thread/DEBUG] [net.minecraftforge.fml.config.ConfigFileTypeHandler/CONFIG]: Built TOML config for C:\Users\Sabien\MCreatorWorkspaces\ars_structerize\run\config\ars_nouveau\glyph_leap.toml
[16Nov2025 09:39:52.594] [Server thread/DEBUG] [net.minecraftforge.fml.config.ConfigFileTypeHandler/CONFIG]: Loaded TOML config file C:\Users\Sabien\MCreatorWorkspaces\ars_structerize\run\config\ars_nouveau\glyph_leap.toml
[16Nov2025 09:39:52.594] [Server thread/DEBUG] [net.minecraftforge.fml.config.ConfigFileTypeHandler/CONFIG]: Watching TOML config file C:\Users\Sabien\MCreatorWorkspaces\ars_structerize\run\config\ars_nouveau\glyph_leap.toml for changes
[16Nov2025 09:39:52.595] [Server thread/DEBUG] [net.minecraftforge.fml.config.ConfigFileTypeHandler/CONFIG]: Built TOML config for C:\Users\Sabien\MCreatorWorkspaces\ars_structerize\run\config\ars_nouveau\glyph_delay.toml
[16Nov2025 09:39:52.603] [Server thread/DEBUG] [net.minecraftforge.fml.config.ConfigFileTypeHandler/CONFIG]: Loaded TOML config file C:\Users\Sabien\MCreatorWorkspaces\ars_structerize\run\config\ars_nouveau\glyph_delay.toml
[16Nov2025 09:39:52.603] [Server thread/DEBUG] [net.minecraftforge.fml.config.ConfigFileTypeHandler/CONFIG]: Watching TOML config file C:\Users\Sabien\MCreatorWorkspaces\ars_structerize\run\config\ars_nouveau\glyph_delay.toml for changes
[16Nov2025 09:39:52.604] [Server thread/DEBUG] [net.minecraftforge.fml.config.ConfigFileTypeHandler/CONFIG]: Built TOML config for C:\Users\Sabien\MCreatorWorkspaces\ars_structerize\run\config\ars_nouveau\glyph_redstone_signal.toml
[16Nov2025 09:39:52.612] [Server thread/DEBUG] [net.minecraftforge.fml.config.ConfigFileTypeHandler/CONFIG]: Loaded TOML config file C:\Users\Sabien\MCreatorWorkspaces\ars_structerize\run\config\ars_nouveau\glyph_redstone_signal.toml
[16Nov2025 09:39:52.612] [Server thread/DEBUG] [net.minecraftforge.fml.config.ConfigFileTypeHandler/CONFIG]: Watching TOML config file C:\Users\Sabien\MCreatorWorkspaces\ars_structerize\run\config\ars_nouveau\glyph_redstone_signal.toml for changes
[16Nov2025 09:39:52.613] [Server thread/DEBUG] [net.minecraftforge.fml.config.ConfigFileTypeHandler/CONFIG]: Built TOML config for C:\Users\Sabien\MCreatorWorkspaces\ars_structerize\run\config\ars_nouveau\glyph_intangible.toml
[16Nov2025 09:39:52.620] [Server thread/DEBUG] [net.minecraftforge.fml.config.ConfigFileTypeHandler/CONFIG]: Loaded TOML config file C:\Users\Sabien\MCreatorWorkspaces\ars_structerize\run\config\ars_nouveau\glyph_intangible.toml
[16Nov2025 09:39:52.621] [Server thread/DEBUG] [net.minecraftforge.fml.config.ConfigFileTypeHandler/CONFIG]: Watching TOML config file C:\Users\Sabien\MCreatorWorkspaces\ars_structerize\run\config\ars_nouveau\glyph_intangible.toml for changes
[16Nov2025 09:39:52.621] [Server thread/DEBUG] [net.minecraftforge.fml.config.ConfigFileTypeHandler/CONFIG]: Built TOML config for C:\Users\Sabien\MCreatorWorkspaces\ars_structerize\run\config\ars_nouveau\glyph_invisibility.toml
[16Nov2025 09:39:52.623] [Server thread/DEBUG] [net.minecraftforge.fml.config.ConfigFileTypeHandler/CONFIG]: Loaded TOML config file C:\Users\Sabien\MCreatorWorkspaces\ars_structerize\run\config\ars_nouveau\glyph_invisibility.toml
[16Nov2025 09:39:52.623] [Server thread/DEBUG] [net.minecraftforge.fml.config.ConfigFileTypeHandler/CONFIG]: Watching TOML config file C:\Users\Sabien\MCreatorWorkspaces\ars_structerize\run\config\ars_nouveau\glyph_invisibility.toml for changes
[16Nov2025 09:39:52.623] [Server thread/DEBUG] [net.minecraftforge.fml.config.ConfigFileTypeHandler/CONFIG]: Built TOML config for C:\Users\Sabien\MCreatorWorkspaces\ars_structerize\run\config\ars_nouveau\glyph_duration_down.toml
[16Nov2025 09:39:52.630] [Server thread/DEBUG] [net.minecraftforge.fml.config.ConfigFileTypeHandler/CONFIG]: Loaded TOML config file C:\Users\Sabien\MCreatorWorkspaces\ars_structerize\run\config\ars_nouveau\glyph_duration_down.toml
[16Nov2025 09:39:52.630] [Server thread/DEBUG] [net.minecraftforge.fml.config.ConfigFileTypeHandler/CONFIG]: Watching TOML config file C:\Users\Sabien\MCreatorWorkspaces\ars_structerize\run\config\ars_nouveau\glyph_duration_down.toml for changes
[16Nov2025 09:39:52.631] [Server thread/DEBUG] [net.minecraftforge.fml.config.ConfigFileTypeHandler/CONFIG]: Built TOML config for C:\Users\Sabien\MCreatorWorkspaces\ars_structerize\run\config\ars_nouveau\glyph_wither.toml
[16Nov2025 09:39:52.638] [Server thread/DEBUG] [net.minecraftforge.fml.config.ConfigFileTypeHandler/CONFIG]: Loaded TOML config file C:\Users\Sabien\MCreatorWorkspaces\ars_structerize\run\config\ars_nouveau\glyph_wither.toml
[16Nov2025 09:39:52.638] [Server thread/DEBUG] [net.minecraftforge.fml.config.ConfigFileTypeHandler/CONFIG]: Watching TOML config file C:\Users\Sabien\MCreatorWorkspaces\ars_structerize\run\config\ars_nouveau\glyph_wither.toml for changes
[16Nov2025 09:39:52.639] [Server thread/DEBUG] [net.minecraftforge.fml.config.ConfigFileTypeHandler/CONFIG]: Built TOML config for C:\Users\Sabien\MCreatorWorkspaces\ars_structerize\run\config\ars_nouveau\glyph_exchange.toml
[16Nov2025 09:39:52.640] [Server thread/DEBUG] [net.minecraftforge.fml.config.ConfigFileTypeHandler/CONFIG]: Loaded TOML config file C:\Users\Sabien\MCreatorWorkspaces\ars_structerize\run\config\ars_nouveau\glyph_exchange.toml
[16Nov2025 09:39:52.641] [Server thread/DEBUG] [net.minecraftforge.fml.config.ConfigFileTypeHandler/CONFIG]: Watching TOML config file C:\Users\Sabien\MCreatorWorkspaces\ars_structerize\run\config\ars_nouveau\glyph_exchange.toml for changes
[16Nov2025 09:39:52.641] [Server thread/DEBUG] [net.minecraftforge.fml.config.ConfigFileTypeHandler/CONFIG]: Built TOML config for C:\Users\Sabien\MCreatorWorkspaces\ars_structerize\run\config\ars_nouveau\glyph_craft.toml
[16Nov2025 09:39:52.652] [Server thread/DEBUG] [net.minecraftforge.fml.config.ConfigFileTypeHandler/CONFIG]: Loaded TOML config file C:\Users\Sabien\MCreatorWorkspaces\ars_structerize\run\config\ars_nouveau\glyph_craft.toml
[16Nov2025 09:39:52.652] [Server thread/DEBUG] [net.minecraftforge.fml.config.ConfigFileTypeHandler/CONFIG]: Watching TOML config file C:\Users\Sabien\MCreatorWorkspaces\ars_structerize\run\config\ars_nouveau\glyph_craft.toml for changes
[16Nov2025 09:39:52.653] [Server thread/DEBUG] [net.minecraftforge.fml.config.ConfigFileTypeHandler/CONFIG]: Built TOML config for C:\Users\Sabien\MCreatorWorkspaces\ars_structerize\run\config\ars_nouveau\glyph_flare.toml
[16Nov2025 09:39:52.662] [Server thread/DEBUG] [net.minecraftforge.fml.config.ConfigFileTypeHandler/CONFIG]: Loaded TOML config file C:\Users\Sabien\MCreatorWorkspaces\ars_structerize\run\config\ars_nouveau\glyph_flare.toml
[16Nov2025 09:39:52.663] [Server thread/DEBUG] [net.minecraftforge.fml.config.ConfigFileTypeHandler/CONFIG]: Watching TOML config file C:\Users\Sabien\MCreatorWorkspaces\ars_structerize\run\config\ars_nouveau\glyph_flare.toml for changes
[16Nov2025 09:39:52.664] [Server thread/DEBUG] [net.minecraftforge.fml.config.ConfigFileTypeHandler/CONFIG]: Built TOML config for C:\Users\Sabien\MCreatorWorkspaces\ars_structerize\run\config\ars_nouveau\glyph_cold_snap.toml
[16Nov2025 09:39:52.666] [Thread-4/DEBUG] [net.minecraftforge.fml.config.ConfigFileTypeHandler/CONFIG]: Config file ars_nouveau/glyph_flare.toml changed, sending notifies
[16Nov2025 09:39:52.673] [Server thread/DEBUG] [net.minecraftforge.fml.config.ConfigFileTypeHandler/CONFIG]: Loaded TOML config file C:\Users\Sabien\MCreatorWorkspaces\ars_structerize\run\config\ars_nouveau\glyph_cold_snap.toml
[16Nov2025 09:39:52.673] [Server thread/DEBUG] [net.minecraftforge.fml.config.ConfigFileTypeHandler/CONFIG]: Watching TOML config file C:\Users\Sabien\MCreatorWorkspaces\ars_structerize\run\config\ars_nouveau\glyph_cold_snap.toml for changes
[16Nov2025 09:39:52.673] [Server thread/DEBUG] [net.minecraftforge.fml.config.ConfigFileTypeHandler/CONFIG]: Built TOML config for C:\Users\Sabien\MCreatorWorkspaces\ars_structerize\run\config\ars_nouveau\glyph_conjure_water.toml
[16Nov2025 09:39:52.680] [Server thread/DEBUG] [net.minecraftforge.fml.config.ConfigFileTypeHandler/CONFIG]: Loaded TOML config file C:\Users\Sabien\MCreatorWorkspaces\ars_structerize\run\config\ars_nouveau\glyph_conjure_water.toml
[16Nov2025 09:39:52.680] [Server thread/DEBUG] [net.minecraftforge.fml.config.ConfigFileTypeHandler/CONFIG]: Watching TOML config file C:\Users\Sabien\MCreatorWorkspaces\ars_structerize\run\config\ars_nouveau\glyph_conjure_water.toml for changes
[16Nov2025 09:39:52.681] [Server thread/DEBUG] [net.minecraftforge.fml.config.ConfigFileTypeHandler/CONFIG]: Built TOML config for C:\Users\Sabien\MCreatorWorkspaces\ars_structerize\run\config\ars_nouveau\glyph_gravity.toml
[16Nov2025 09:39:52.687] [Server thread/DEBUG] [net.minecraftforge.fml.config.ConfigFileTypeHandler/CONFIG]: Loaded TOML config file C:\Users\Sabien\MCreatorWorkspaces\ars_structerize\run\config\ars_nouveau\glyph_gravity.toml
[16Nov2025 09:39:52.687] [Server thread/DEBUG] [net.minecraftforge.fml.config.ConfigFileTypeHandler/CONFIG]: Watching TOML config file C:\Users\Sabien\MCreatorWorkspaces\ars_structerize\run\config\ars_nouveau\glyph_gravity.toml for changes
[16Nov2025 09:39:52.688] [Server thread/DEBUG] [net.minecraftforge.fml.config.ConfigFileTypeHandler/CONFIG]: Built TOML config for C:\Users\Sabien\MCreatorWorkspaces\ars_structerize\run\config\ars_nouveau\glyph_cut.toml
[16Nov2025 09:39:52.690] [Thread-4/DEBUG] [net.minecraftforge.fml.config.ConfigFileTypeHandler/CONFIG]: Config file ars_nouveau/glyph_gravity.toml changed, sending notifies
[16Nov2025 09:39:52.695] [Server thread/DEBUG] [net.minecraftforge.fml.config.ConfigFileTypeHandler/CONFIG]: Loaded TOML config file C:\Users\Sabien\MCreatorWorkspaces\ars_structerize\run\config\ars_nouveau\glyph_cut.toml
[16Nov2025 09:39:52.696] [Server thread/DEBUG] [net.minecraftforge.fml.config.ConfigFileTypeHandler/CONFIG]: Watching TOML config file C:\Users\Sabien\MCreatorWorkspaces\ars_structerize\run\config\ars_nouveau\glyph_cut.toml for changes
[16Nov2025 09:39:52.697] [Server thread/DEBUG] [net.minecraftforge.fml.config.ConfigFileTypeHandler/CONFIG]: Built TOML config for C:\Users\Sabien\MCreatorWorkspaces\ars_structerize\run\config\ars_nouveau\glyph_crush.toml
[16Nov2025 09:39:52.703] [Server thread/DEBUG] [net.minecraftforge.fml.config.ConfigFileTypeHandler/CONFIG]: Loaded TOML config file C:\Users\Sabien\MCreatorWorkspaces\ars_structerize\run\config\ars_nouveau\glyph_crush.toml
[16Nov2025 09:39:52.705] [Server thread/DEBUG] [net.minecraftforge.fml.config.ConfigFileTypeHandler/CONFIG]: Watching TOML config file C:\Users\Sabien\MCreatorWorkspaces\ars_structerize\run\config\ars_nouveau\glyph_crush.toml for changes
[16Nov2025 09:39:52.706] [Server thread/DEBUG] [net.minecraftforge.fml.config.ConfigFileTypeHandler/CONFIG]: Built TOML config for C:\Users\Sabien\MCreatorWorkspaces\ars_structerize\run\config\ars_nouveau\glyph_summon_wolves.toml
[16Nov2025 09:39:52.712] [Server thread/DEBUG] [net.minecraftforge.fml.config.ConfigFileTypeHandler/CONFIG]: Loaded TOML config file C:\Users\Sabien\MCreatorWorkspaces\ars_structerize\run\config\ars_nouveau\glyph_summon_wolves.toml
[16Nov2025 09:39:52.712] [Server thread/DEBUG] [net.minecraftforge.fml.config.ConfigFileTypeHandler/CONFIG]: Watching TOML config file C:\Users\Sabien\MCreatorWorkspaces\ars_structerize\run\config\ars_nouveau\glyph_summon_wolves.toml for changes
[16Nov2025 09:39:52.713] [Server thread/DEBUG] [net.minecraftforge.fml.config.ConfigFileTypeHandler/CONFIG]: Built TOML config for C:\Users\Sabien\MCreatorWorkspaces\ars_structerize\run\config\ars_nouveau\glyph_summon_steed.toml
[16Nov2025 09:39:52.720] [Server thread/DEBUG] [net.minecraftforge.fml.config.ConfigFileTypeHandler/CONFIG]: Loaded TOML config file C:\Users\Sabien\MCreatorWorkspaces\ars_structerize\run\config\ars_nouveau\glyph_summon_steed.toml
[16Nov2025 09:39:52.720] [Server thread/DEBUG] [net.minecraftforge.fml.config.ConfigFileTypeHandler/CONFIG]: Watching TOML config file C:\Users\Sabien\MCreatorWorkspaces\ars_structerize\run\config\ars_nouveau\glyph_summon_steed.toml for changes
[16Nov2025 09:39:52.721] [Server thread/DEBUG] [net.minecraftforge.fml.config.ConfigFileTypeHandler/CONFIG]: Built TOML config for C:\Users\Sabien\MCreatorWorkspaces\ars_structerize\run\config\ars_nouveau\glyph_summon_decoy.toml
[16Nov2025 09:39:52.728] [Server thread/DEBUG] [net.minecraftforge.fml.config.ConfigFileTypeHandler/CONFIG]: Loaded TOML config file C:\Users\Sabien\MCreatorWorkspaces\ars_structerize\run\config\ars_nouveau\glyph_summon_decoy.toml
[16Nov2025 09:39:52.728] [Server thread/DEBUG] [net.minecraftforge.fml.config.ConfigFileTypeHandler/CONFIG]: Watching TOML config file C:\Users\Sabien\MCreatorWorkspaces\ars_structerize\run\config\ars_nouveau\glyph_summon_decoy.toml for changes
[16Nov2025 09:39:52.729] [Server thread/DEBUG] [net.minecraftforge.fml.config.ConfigFileTypeHandler/CONFIG]: Built TOML config for C:\Users\Sabien\MCreatorWorkspaces\ars_structerize\run\config\ars_nouveau\glyph_hex.toml
[16Nov2025 09:39:52.730] [Server thread/DEBUG] [net.minecraftforge.fml.config.ConfigFileTypeHandler/CONFIG]: Loaded TOML config file C:\Users\Sabien\MCreatorWorkspaces\ars_structerize\run\config\ars_nouveau\glyph_hex.toml
[16Nov2025 09:39:52.730] [Server thread/DEBUG] [net.minecraftforge.fml.config.ConfigFileTypeHandler/CONFIG]: Watching TOML config file C:\Users\Sabien\MCreatorWorkspaces\ars_structerize\run\config\ars_nouveau\glyph_hex.toml for changes
[16Nov2025 09:39:52.730] [Thread-4/DEBUG] [net.minecraftforge.fml.config.ConfigFileTypeHandler/CONFIG]: Config file ars_nouveau/glyph_summon_decoy.toml changed, sending notifies
[16Nov2025 09:39:52.731] [Server thread/DEBUG] [net.minecraftforge.fml.config.ConfigFileTypeHandler/CONFIG]: Built TOML config for .\saves\New World (1)\serverconfig\forge-server.toml
[16Nov2025 09:39:52.742] [Server thread/DEBUG] [net.minecraftforge.fml.config.ConfigFileTypeHandler/CONFIG]: Loaded TOML config file .\saves\New World (1)\serverconfig\forge-server.toml
[16Nov2025 09:39:52.742] [Server thread/DEBUG] [net.minecraftforge.fml.config.ConfigFileTypeHandler/CONFIG]: Watching TOML config file .\saves\New World (1)\serverconfig\forge-server.toml for changes
[16Nov2025 09:39:52.742] [Server thread/DEBUG] [net.minecraftforge.common.ForgeConfig/FORGEMOD]: Loaded forge config file forge-server.toml
[16Nov2025 09:39:52.743] [Thread-4/DEBUG] [net.minecraftforge.fml.config.ConfigFileTypeHandler/CONFIG]: Config file forge-server.toml changed, sending notifies
[16Nov2025 09:39:52.743] [Thread-4/DEBUG] [net.minecraftforge.common.ForgeConfig/FORGEMOD]: Forge config just got changed on the file system!
[16Nov2025 09:39:52.743] [Server thread/DEBUG] [net.minecraftforge.fml.config.ConfigFileTypeHandler/CONFIG]: Built TOML config for C:\Users\Sabien\MCreatorWorkspaces\ars_structerize\run\config\ars_nouveau\glyph_underfoot.toml
[16Nov2025 09:39:52.751] [Server thread/DEBUG] [net.minecraftforge.fml.config.ConfigFileTypeHandler/CONFIG]: Loaded TOML config file C:\Users\Sabien\MCreatorWorkspaces\ars_structerize\run\config\ars_nouveau\glyph_underfoot.toml
[16Nov2025 09:39:52.752] [Server thread/DEBUG] [net.minecraftforge.fml.config.ConfigFileTypeHandler/CONFIG]: Watching TOML config file C:\Users\Sabien\MCreatorWorkspaces\ars_structerize\run\config\ars_nouveau\glyph_underfoot.toml for changes
[16Nov2025 09:39:52.753] [Server thread/DEBUG] [net.minecraftforge.fml.config.ConfigFileTypeHandler/CONFIG]: Built TOML config for C:\Users\Sabien\MCreatorWorkspaces\ars_structerize\run\config\ars_nouveau\glyph_glide.toml
[16Nov2025 09:39:52.761] [Server thread/DEBUG] [net.minecraftforge.fml.config.ConfigFileTypeHandler/CONFIG]: Loaded TOML config file C:\Users\Sabien\MCreatorWorkspaces\ars_structerize\run\config\ars_nouveau\glyph_glide.toml
[16Nov2025 09:39:52.761] [Server thread/DEBUG] [net.minecraftforge.fml.config.ConfigFileTypeHandler/CONFIG]: Watching TOML config file C:\Users\Sabien\MCreatorWorkspaces\ars_structerize\run\config\ars_nouveau\glyph_glide.toml for changes
[16Nov2025 09:39:52.762] [Server thread/DEBUG] [net.minecraftforge.fml.config.ConfigFileTypeHandler/CONFIG]: Built TOML config for C:\Users\Sabien\MCreatorWorkspaces\ars_structerize\run\config\ars_nouveau\glyph_rune.toml
[16Nov2025 09:39:52.763] [Server thread/DEBUG] [net.minecraftforge.fml.config.ConfigFileTypeHandler/CONFIG]: Loaded TOML config file C:\Users\Sabien\MCreatorWorkspaces\ars_structerize\run\config\ars_nouveau\glyph_rune.toml
[16Nov2025 09:39:52.763] [Server thread/DEBUG] [net.minecraftforge.fml.config.ConfigFileTypeHandler/CONFIG]: Watching TOML config file C:\Users\Sabien\MCreatorWorkspaces\ars_structerize\run\config\ars_nouveau\glyph_rune.toml for changes
[16Nov2025 09:39:52.764] [Server thread/DEBUG] [net.minecraftforge.fml.config.ConfigFileTypeHandler/CONFIG]: Built TOML config for C:\Users\Sabien\MCreatorWorkspaces\ars_structerize\run\config\ars_nouveau\glyph_freeze.toml
[16Nov2025 09:39:52.772] [Server thread/DEBUG] [net.minecraftforge.fml.config.ConfigFileTypeHandler/CONFIG]: Loaded TOML config file C:\Users\Sabien\MCreatorWorkspaces\ars_structerize\run\config\ars_nouveau\glyph_freeze.toml
[16Nov2025 09:39:52.772] [Server thread/DEBUG] [net.minecraftforge.fml.config.ConfigFileTypeHandler/CONFIG]: Watching TOML config file C:\Users\Sabien\MCreatorWorkspaces\ars_structerize\run\config\ars_nouveau\glyph_freeze.toml for changes
[16Nov2025 09:39:52.773] [Server thread/DEBUG] [net.minecraftforge.fml.config.ConfigFileTypeHandler/CONFIG]: Built TOML config for C:\Users\Sabien\MCreatorWorkspaces\ars_structerize\run\config\ars_nouveau\glyph_name.toml
[16Nov2025 09:39:52.775] [Thread-4/DEBUG] [net.minecraftforge.fml.config.ConfigFileTypeHandler/CONFIG]: Config file ars_nouveau/glyph_freeze.toml changed, sending notifies
[16Nov2025 09:39:52.781] [Server thread/DEBUG] [net.minecraftforge.fml.config.ConfigFileTypeHandler/CONFIG]: Loaded TOML config file C:\Users\Sabien\MCreatorWorkspaces\ars_structerize\run\config\ars_nouveau\glyph_name.toml
[16Nov2025 09:39:52.781] [Server thread/DEBUG] [net.minecraftforge.fml.config.ConfigFileTypeHandler/CONFIG]: Watching TOML config file C:\Users\Sabien\MCreatorWorkspaces\ars_structerize\run\config\ars_nouveau\glyph_name.toml for changes
[16Nov2025 09:39:52.782] [Server thread/DEBUG] [net.minecraftforge.fml.config.ConfigFileTypeHandler/CONFIG]: Built TOML config for C:\Users\Sabien\MCreatorWorkspaces\ars_structerize\run\config\ars_nouveau\glyph_summon_undead.toml
[16Nov2025 09:39:52.784] [Server thread/DEBUG] [net.minecraftforge.fml.config.ConfigFileTypeHandler/CONFIG]: Loaded TOML config file C:\Users\Sabien\MCreatorWorkspaces\ars_structerize\run\config\ars_nouveau\glyph_summon_undead.toml
[16Nov2025 09:39:52.784] [Server thread/DEBUG] [net.minecraftforge.fml.config.ConfigFileTypeHandler/CONFIG]: Watching TOML config file C:\Users\Sabien\MCreatorWorkspaces\ars_structerize\run\config\ars_nouveau\glyph_summon_undead.toml for changes
[16Nov2025 09:39:52.785] [Server thread/DEBUG] [net.minecraftforge.fml.config.ConfigFileTypeHandler/CONFIG]: Built TOML config for C:\Users\Sabien\MCreatorWorkspaces\ars_structerize\run\config\ars_nouveau\glyph_firework.toml
[16Nov2025 09:39:52.793] [Server thread/DEBUG] [net.minecraftforge.fml.config.ConfigFileTypeHandler/CONFIG]: Loaded TOML config file C:\Users\Sabien\MCreatorWorkspaces\ars_structerize\run\config\ars_nouveau\glyph_firework.toml
[16Nov2025 09:39:52.793] [Server thread/DEBUG] [net.minecraftforge.fml.config.ConfigFileTypeHandler/CONFIG]: Watching TOML config file C:\Users\Sabien\MCreatorWorkspaces\ars_structerize\run\config\ars_nouveau\glyph_firework.toml for changes
[16Nov2025 09:39:52.794] [Server thread/DEBUG] [net.minecraftforge.fml.config.ConfigFileTypeHandler/CONFIG]: Built TOML config for C:\Users\Sabien\MCreatorWorkspaces\ars_structerize\run\config\ars_nouveau\glyph_toss.toml
[16Nov2025 09:39:52.795] [Server thread/DEBUG] [net.minecraftforge.fml.config.ConfigFileTypeHandler/CONFIG]: Loaded TOML config file C:\Users\Sabien\MCreatorWorkspaces\ars_structerize\run\config\ars_nouveau\glyph_toss.toml
[16Nov2025 09:39:52.795] [Server thread/DEBUG] [net.minecraftforge.fml.config.ConfigFileTypeHandler/CONFIG]: Watching TOML config file C:\Users\Sabien\MCreatorWorkspaces\ars_structerize\run\config\ars_nouveau\glyph_toss.toml for changes
[16Nov2025 09:39:52.796] [Server thread/DEBUG] [net.minecraftforge.fml.config.ConfigFileTypeHandler/CONFIG]: Built TOML config for C:\Users\Sabien\MCreatorWorkspaces\ars_structerize\run\config\ars_nouveau\glyph_bounce.toml
[16Nov2025 09:39:52.798] [Thread-4/DEBUG] [net.minecraftforge.fml.config.ConfigFileTypeHandler/CONFIG]: Config file ars_nouveau/glyph_toss.toml changed, sending notifies
[16Nov2025 09:39:52.803] [Server thread/DEBUG] [net.minecraftforge.fml.config.ConfigFileTypeHandler/CONFIG]: Loaded TOML config file C:\Users\Sabien\MCreatorWorkspaces\ars_structerize\run\config\ars_nouveau\glyph_bounce.toml
[16Nov2025 09:39:52.803] [Server thread/DEBUG] [net.minecraftforge.fml.config.ConfigFileTypeHandler/CONFIG]: Watching TOML config file C:\Users\Sabien\MCreatorWorkspaces\ars_structerize\run\config\ars_nouveau\glyph_bounce.toml for changes
[16Nov2025 09:39:52.804] [Server thread/DEBUG] [net.minecraftforge.fml.config.ConfigFileTypeHandler/CONFIG]: Built TOML config for C:\Users\Sabien\MCreatorWorkspaces\ars_structerize\run\config\ars_nouveau\glyph_sensitive.toml
[16Nov2025 09:39:52.812] [Server thread/DEBUG] [net.minecraftforge.fml.config.ConfigFileTypeHandler/CONFIG]: Loaded TOML config file C:\Users\Sabien\MCreatorWorkspaces\ars_structerize\run\config\ars_nouveau\glyph_sensitive.toml
[16Nov2025 09:39:52.812] [Server thread/DEBUG] [net.minecraftforge.fml.config.ConfigFileTypeHandler/CONFIG]: Watching TOML config file C:\Users\Sabien\MCreatorWorkspaces\ars_structerize\run\config\ars_nouveau\glyph_sensitive.toml for changes
[16Nov2025 09:39:52.813] [Thread-4/DEBUG] [net.minecraftforge.fml.config.ConfigFileTypeHandler/CONFIG]: Config file ars_nouveau/glyph_sensitive.toml changed, sending notifies
[16Nov2025 09:39:52.813] [Thread-4/DEBUG] [net.minecraftforge.fml.config.ConfigFileTypeHandler/CONFIG]: Config file ars_nouveau/glyph_sensitive.toml changed, sending notifies
[16Nov2025 09:39:52.813] [Server thread/DEBUG] [net.minecraftforge.fml.config.ConfigFileTypeHandler/CONFIG]: Built TOML config for C:\Users\Sabien\MCreatorWorkspaces\ars_structerize\run\config\ars_nouveau\glyph_wind_shear.toml
[16Nov2025 09:39:52.819] [Server thread/DEBUG] [net.minecraftforge.fml.config.ConfigFileTypeHandler/CONFIG]: Loaded TOML config file C:\Users\Sabien\MCreatorWorkspaces\ars_structerize\run\config\ars_nouveau\glyph_wind_shear.toml
[16Nov2025 09:39:52.820] [Server thread/DEBUG] [net.minecraftforge.fml.config.ConfigFileTypeHandler/CONFIG]: Watching TOML config file C:\Users\Sabien\MCreatorWorkspaces\ars_structerize\run\config\ars_nouveau\glyph_wind_shear.toml for changes
[16Nov2025 09:39:52.820] [Server thread/DEBUG] [net.minecraftforge.fml.config.ConfigFileTypeHandler/CONFIG]: Built TOML config for C:\Users\Sabien\MCreatorWorkspaces\ars_structerize\run\config\ars_nouveau\glyph_evaporate.toml
[16Nov2025 09:39:52.822] [Server thread/DEBUG] [net.minecraftforge.fml.config.ConfigFileTypeHandler/CONFIG]: Loaded TOML config file C:\Users\Sabien\MCreatorWorkspaces\ars_structerize\run\config\ars_nouveau\glyph_evaporate.toml
[16Nov2025 09:39:52.822] [Server thread/DEBUG] [net.minecraftforge.fml.config.ConfigFileTypeHandler/CONFIG]: Watching TOML config file C:\Users\Sabien\MCreatorWorkspaces\ars_structerize\run\config\ars_nouveau\glyph_evaporate.toml for changes
[16Nov2025 09:39:52.823] [Server thread/DEBUG] [net.minecraftforge.fml.config.ConfigFileTypeHandler/CONFIG]: Built TOML config for C:\Users\Sabien\MCreatorWorkspaces\ars_structerize\run\config\ars_nouveau\glyph_linger.toml
[16Nov2025 09:39:52.826] [Thread-4/DEBUG] [net.minecraftforge.fml.config.ConfigFileTypeHandler/CONFIG]: Config file ars_nouveau/glyph_evaporate.toml changed, sending notifies
[16Nov2025 09:39:52.830] [Server thread/DEBUG] [net.minecraftforge.fml.config.ConfigFileTypeHandler/CONFIG]: Loaded TOML config file C:\Users\Sabien\MCreatorWorkspaces\ars_structerize\run\config\ars_nouveau\glyph_linger.toml
[16Nov2025 09:39:52.830] [Server thread/DEBUG] [net.minecraftforge.fml.config.ConfigFileTypeHandler/CONFIG]: Watching TOML config file C:\Users\Sabien\MCreatorWorkspaces\ars_structerize\run\config\ars_nouveau\glyph_linger.toml for changes
[16Nov2025 09:39:52.830] [Server thread/DEBUG] [net.minecraftforge.fml.config.ConfigFileTypeHandler/CONFIG]: Built TOML config for C:\Users\Sabien\MCreatorWorkspaces\ars_structerize\run\config\ars_nouveau\glyph_sense_magic.toml
[16Nov2025 09:39:52.838] [Server thread/DEBUG] [net.minecraftforge.fml.config.ConfigFileTypeHandler/CONFIG]: Loaded TOML config file C:\Users\Sabien\MCreatorWorkspaces\ars_structerize\run\config\ars_nouveau\glyph_sense_magic.toml
[16Nov2025 09:39:52.838] [Server thread/DEBUG] [net.minecraftforge.fml.config.ConfigFileTypeHandler/CONFIG]: Watching TOML config file C:\Users\Sabien\MCreatorWorkspaces\ars_structerize\run\config\ars_nouveau\glyph_sense_magic.toml for changes
[16Nov2025 09:39:52.839] [Server thread/DEBUG] [net.minecraftforge.fml.config.ConfigFileTypeHandler/CONFIG]: Built TOML config for C:\Users\Sabien\MCreatorWorkspaces\ars_structerize\run\config\ars_nouveau\glyph_infuse.toml
[16Nov2025 09:39:52.841] [Thread-4/DEBUG] [net.minecraftforge.fml.config.ConfigFileTypeHandler/CONFIG]: Config file ars_nouveau/glyph_sense_magic.toml changed, sending notifies
[16Nov2025 09:39:52.847] [Server thread/DEBUG] [net.minecraftforge.fml.config.ConfigFileTypeHandler/CONFIG]: Loaded TOML config file C:\Users\Sabien\MCreatorWorkspaces\ars_structerize\run\config\ars_nouveau\glyph_infuse.toml
[16Nov2025 09:39:52.847] [Server thread/DEBUG] [net.minecraftforge.fml.config.ConfigFileTypeHandler/CONFIG]: Watching TOML config file C:\Users\Sabien\MCreatorWorkspaces\ars_structerize\run\config\ars_nouveau\glyph_infuse.toml for changes
[16Nov2025 09:39:52.849] [Server thread/DEBUG] [net.minecraftforge.fml.config.ConfigFileTypeHandler/CONFIG]: Built TOML config for C:\Users\Sabien\MCreatorWorkspaces\ars_structerize\run\config\ars_nouveau\glyph_rotate.toml
[16Nov2025 09:39:52.850] [Server thread/DEBUG] [net.minecraftforge.fml.config.ConfigFileTypeHandler/CONFIG]: Loaded TOML config file C:\Users\Sabien\MCreatorWorkspaces\ars_structerize\run\config\ars_nouveau\glyph_rotate.toml
[16Nov2025 09:39:52.850] [Server thread/DEBUG] [net.minecraftforge.fml.config.ConfigFileTypeHandler/CONFIG]: Watching TOML config file C:\Users\Sabien\MCreatorWorkspaces\ars_structerize\run\config\ars_nouveau\glyph_rotate.toml for changes
[16Nov2025 09:39:52.851] [Server thread/DEBUG] [net.minecraftforge.fml.config.ConfigFileTypeHandler/CONFIG]: Built TOML config for C:\Users\Sabien\MCreatorWorkspaces\ars_structerize\run\config\ars_nouveau\glyph_wall.toml
[16Nov2025 09:39:52.853] [Thread-4/DEBUG] [net.minecraftforge.fml.config.ConfigFileTypeHandler/CONFIG]: Config file ars_nouveau/glyph_rotate.toml changed, sending notifies
[16Nov2025 09:39:52.859] [Server thread/DEBUG] [net.minecraftforge.fml.config.ConfigFileTypeHandler/CONFIG]: Loaded TOML config file C:\Users\Sabien\MCreatorWorkspaces\ars_structerize\run\config\ars_nouveau\glyph_wall.toml
[16Nov2025 09:39:52.859] [Server thread/DEBUG] [net.minecraftforge.fml.config.ConfigFileTypeHandler/CONFIG]: Watching TOML config file C:\Users\Sabien\MCreatorWorkspaces\ars_structerize\run\config\ars_nouveau\glyph_wall.toml for changes
[16Nov2025 09:39:52.859] [Server thread/DEBUG] [net.minecraftforge.fml.config.ConfigFileTypeHandler/CONFIG]: Built TOML config for C:\Users\Sabien\MCreatorWorkspaces\ars_structerize\run\config\ars_nouveau\glyph_animate_block.toml
[16Nov2025 09:39:52.867] [Server thread/DEBUG] [net.minecraftforge.fml.config.ConfigFileTypeHandler/CONFIG]: Loaded TOML config file C:\Users\Sabien\MCreatorWorkspaces\ars_structerize\run\config\ars_nouveau\glyph_animate_block.toml
[16Nov2025 09:39:52.867] [Server thread/DEBUG] [net.minecraftforge.fml.config.ConfigFileTypeHandler/CONFIG]: Watching TOML config file C:\Users\Sabien\MCreatorWorkspaces\ars_structerize\run\config\ars_nouveau\glyph_animate_block.toml for changes
[16Nov2025 09:39:52.868] [Server thread/DEBUG] [net.minecraftforge.fml.config.ConfigFileTypeHandler/CONFIG]: Built TOML config for C:\Users\Sabien\MCreatorWorkspaces\ars_structerize\run\config\ars_nouveau\burst.toml
[16Nov2025 09:39:52.870] [Thread-4/DEBUG] [net.minecraftforge.fml.config.ConfigFileTypeHandler/CONFIG]: Config file ars_nouveau/glyph_animate_block.toml changed, sending notifies
[16Nov2025 09:39:52.876] [Server thread/DEBUG] [net.minecraftforge.fml.config.ConfigFileTypeHandler/CONFIG]: Loaded TOML config file C:\Users\Sabien\MCreatorWorkspaces\ars_structerize\run\config\ars_nouveau\burst.toml
[16Nov2025 09:39:52.876] [Server thread/DEBUG] [net.minecraftforge.fml.config.ConfigFileTypeHandler/CONFIG]: Watching TOML config file C:\Users\Sabien\MCreatorWorkspaces\ars_structerize\run\config\ars_nouveau\burst.toml for changes
[16Nov2025 09:39:52.877] [Server thread/DEBUG] [net.minecraftforge.fml.config.ConfigFileTypeHandler/CONFIG]: Built TOML config for C:\Users\Sabien\MCreatorWorkspaces\ars_structerize\run\config\ars_nouveau\glyph_randomize.toml
[16Nov2025 09:39:52.884] [Server thread/DEBUG] [net.minecraftforge.fml.config.ConfigFileTypeHandler/CONFIG]: Loaded TOML config file C:\Users\Sabien\MCreatorWorkspaces\ars_structerize\run\config\ars_nouveau\glyph_randomize.toml
[16Nov2025 09:39:52.885] [Server thread/DEBUG] [net.minecraftforge.fml.config.ConfigFileTypeHandler/CONFIG]: Watching TOML config file C:\Users\Sabien\MCreatorWorkspaces\ars_structerize\run\config\ars_nouveau\glyph_randomize.toml for changes
[16Nov2025 09:39:52.885] [Server thread/DEBUG] [net.minecraftforge.fml.config.ConfigFileTypeHandler/CONFIG]: Built TOML config for C:\Users\Sabien\MCreatorWorkspaces\ars_structerize\run\config\ars_nouveau\glyph_orbit.toml
[16Nov2025 09:39:52.894] [Server thread/DEBUG] [net.minecraftforge.fml.config.ConfigFileTypeHandler/CONFIG]: Loaded TOML config file C:\Users\Sabien\MCreatorWorkspaces\ars_structerize\run\config\ars_nouveau\glyph_orbit.toml
[16Nov2025 09:39:52.894] [Server thread/DEBUG] [net.minecraftforge.fml.config.ConfigFileTypeHandler/CONFIG]: Watching TOML config file C:\Users\Sabien\MCreatorWorkspaces\ars_structerize\run\config\ars_nouveau\glyph_orbit.toml for changes
[16Nov2025 09:39:52.895] [Server thread/DEBUG] [net.minecraftforge.fml.config.ConfigFileTypeHandler/CONFIG]: Built TOML config for C:\Users\Sabien\MCreatorWorkspaces\ars_structerize\run\config\ars_nouveau\reset.toml
[16Nov2025 09:39:52.901] [Server thread/DEBUG] [net.minecraftforge.fml.config.ConfigFileTypeHandler/CONFIG]: Loaded TOML config file C:\Users\Sabien\MCreatorWorkspaces\ars_structerize\run\config\ars_nouveau\reset.toml
[16Nov2025 09:39:52.901] [Server thread/DEBUG] [net.minecraftforge.fml.config.ConfigFileTypeHandler/CONFIG]: Watching TOML config file C:\Users\Sabien\MCreatorWorkspaces\ars_structerize\run\config\ars_nouveau\reset.toml for changes
[16Nov2025 09:39:52.903] [Server thread/DEBUG] [net.minecraftforge.fml.config.ConfigFileTypeHandler/CONFIG]: Built TOML config for C:\Users\Sabien\MCreatorWorkspaces\ars_structerize\run\config\ars_nouveau\wololo.toml
[16Nov2025 09:39:52.904] [Server thread/DEBUG] [net.minecraftforge.fml.config.ConfigFileTypeHandler/CONFIG]: Loaded TOML config file C:\Users\Sabien\MCreatorWorkspaces\ars_structerize\run\config\ars_nouveau\wololo.toml
[16Nov2025 09:39:52.904] [Server thread/DEBUG] [net.minecraftforge.fml.config.ConfigFileTypeHandler/CONFIG]: Watching TOML config file C:\Users\Sabien\MCreatorWorkspaces\ars_structerize\run\config\ars_nouveau\wololo.toml for changes
[16Nov2025 09:39:52.904] [Server thread/DEBUG] [net.minecraftforge.fml.config.ConfigFileTypeHandler/CONFIG]: Built TOML config for C:\Users\Sabien\MCreatorWorkspaces\ars_structerize\run\config\ars_nouveau\rewind.toml
[16Nov2025 09:39:52.912] [Server thread/DEBUG] [net.minecraftforge.fml.config.ConfigFileTypeHandler/CONFIG]: Loaded TOML config file C:\Users\Sabien\MCreatorWorkspaces\ars_structerize\run\config\ars_nouveau\rewind.toml
[16Nov2025 09:39:52.912] [Server thread/DEBUG] [net.minecraftforge.fml.config.ConfigFileTypeHandler/CONFIG]: Watching TOML config file C:\Users\Sabien\MCreatorWorkspaces\ars_structerize\run\config\ars_nouveau\rewind.toml for changes
[16Nov2025 09:39:52.913] [Server thread/DEBUG] [net.minecraftforge.fml.config.ConfigFileTypeHandler/CONFIG]: Built TOML config for C:\Users\Sabien\MCreatorWorkspaces\ars_structerize\run\config\ars_nouveau-server.toml
[16Nov2025 09:39:52.921] [Server thread/DEBUG] [net.minecraftforge.fml.config.ConfigFileTypeHandler/CONFIG]: Loaded TOML config file C:\Users\Sabien\MCreatorWorkspaces\ars_structerize\run\config\ars_nouveau-server.toml
[16Nov2025 09:39:52.921] [Server thread/DEBUG] [net.minecraftforge.fml.config.ConfigFileTypeHandler/CONFIG]: Watching TOML config file C:\Users\Sabien\MCreatorWorkspaces\ars_structerize\run\config\ars_nouveau-server.toml for changes
[16Nov2025 09:39:52.955] [Server thread/DEBUG] [net.minecraftforge.coremod.transformer.CoreModBaseTransformer/COREMOD]: Transforming net/minecraft/world/level/levelgen/PhantomSpawner
[16Nov2025 09:39:52.960] [Server thread/DEBUG] [net.minecraftforge.coremod.transformer.CoreModBaseTransformer/COREMOD]: Transforming net/minecraft/world/level/levelgen/PatrolSpawner
[16Nov2025 09:39:52.964] [Server thread/DEBUG] [net.minecraftforge.coremod.transformer.CoreModBaseTransformer/COREMOD]: Transforming net/minecraft/world/entity/npc/CatSpawner
[16Nov2025 09:39:52.968] [Server thread/DEBUG] [net.minecraftforge.coremod.transformer.CoreModBaseTransformer/COREMOD]: Transforming net/minecraft/world/entity/ai/village/VillageSiege
[16Nov2025 09:39:53.023] [Server thread/DEBUG] [mixin/]: Mixing camera.ChunkMapMixin from ars_nouveau.mixins.json into net.minecraft.server.level.ChunkMap
[16Nov2025 09:39:53.024] [Server thread/DEBUG] [mixin/]: Renaming synthetic method lambda$updateAccordingToCamera$0(Lnet/minecraft/world/level/ChunkPos;IILorg/apache/commons/lang3/mutable/MutableObject;Lnet/minecraft/server/level/ServerPlayer;)V to md286f9d$lambda$updateAccordingToCamera$0$0 in ars_nouveau.mixins.json:camera.ChunkMapMixin
[16Nov2025 09:39:53.979] [Server thread/INFO] [net.minecraft.server.MinecraftServer/]: Preparing start region for dimension minecraft:overworld
[16Nov2025 09:39:55.374] [Server thread/DEBUG] [net.minecraftforge.coremod.transformer.CoreModBaseTransformer/COREMOD]: Transforming net/minecraft/world/level/levelgen/structure/templatesystem/StructureTemplate
[16Nov2025 09:39:55.395] [Server thread/DEBUG] [mixin/]: Mixing structure.StructureTemplateAccessor from ars_nouveau.mixins.json into net.minecraft.world.level.levelgen.structure.templatesystem.StructureTemplate
[16Nov2025 09:39:55.403] [Server thread/DEBUG] [mixin/]: Mixing structure.StructureTemplateMixin from ars_nouveau.mixins.json into net.minecraft.world.level.levelgen.structure.templatesystem.StructureTemplate
[16Nov2025 09:39:55.403] [Server thread/DEBUG] [mixin/]: Renaming synthetic method lambda$ars_nouveau_preventAutoWaterlogging$0(Lnet/minecraft/world/level/levelgen/structure/templatesystem/StructureProcessor;)Z to md286f9d$lambda$ars_nouveau_preventAutoWaterlogging$0$0 in ars_nouveau.mixins.json:structure.StructureTemplateMixin
[16Nov2025 09:39:55.959] [Render thread/INFO] [net.minecraft.server.level.progress.LoggerChunkProgressListener/]: Preparing spawn area: 0%
[16Nov2025 09:39:55.959] [Render thread/INFO] [net.minecraft.server.level.progress.LoggerChunkProgressListener/]: Preparing spawn area: 0%
[16Nov2025 09:39:55.978] [Render thread/INFO] [net.minecraft.server.level.progress.LoggerChunkProgressListener/]: Preparing spawn area: 0%
[16Nov2025 09:39:55.978] [Render thread/INFO] [net.minecraft.server.level.progress.LoggerChunkProgressListener/]: Preparing spawn area: 0%
[16Nov2025 09:39:55.996] [Render thread/INFO] [net.minecraft.server.level.progress.LoggerChunkProgressListener/]: Preparing spawn area: 0%
[16Nov2025 09:39:56.495] [Render thread/INFO] [net.minecraft.server.level.progress.LoggerChunkProgressListener/]: Preparing spawn area: 0%
[16Nov2025 09:39:56.991] [Render thread/INFO] [net.minecraft.server.level.progress.LoggerChunkProgressListener/]: Preparing spawn area: 48%
[16Nov2025 09:39:57.214] [Server thread/INFO] [net.minecraftforge.server.permission.PermissionAPI/]: Successfully initialized permission handler forge:default_handler
[16Nov2025 09:39:57.214] [Server thread/INFO] [patchouli/]: Sending reload packet to clients
[16Nov2025 09:39:57.215] [Render thread/INFO] [net.minecraft.server.level.progress.LoggerChunkProgressListener/]: Time elapsed: 3225 ms
[16Nov2025 09:39:57.235] [Server thread/DEBUG] [io.netty.buffer.AbstractByteBuf/]: -Dio.netty.buffer.checkAccessible: true
[16Nov2025 09:39:57.235] [Server thread/DEBUG] [io.netty.buffer.AbstractByteBuf/]: -Dio.netty.buffer.checkBounds: true
[16Nov2025 09:39:57.237] [Server thread/DEBUG] [io.netty.util.ResourceLeakDetectorFactory/]: Loaded default ResourceLeakDetector: io.netty.util.ResourceLeakDetector@30ab3c9d
[16Nov2025 09:39:57.322] [Server thread/DEBUG] [net.minecraftforge.coremod.transformer.CoreModBaseTransformer/COREMOD]: Transforming net/minecraft/world/level/NaturalSpawner
[16Nov2025 09:39:57.349] [Server thread/DEBUG] [mixin/]: Mixing camera.TrackedEntityMixin from ars_nouveau.mixins.json into net.minecraft.server.level.ChunkMap$TrackedEntity
[16Nov2025 09:39:57.383] [Server thread/INFO] [net.minecraft.client.server.IntegratedServer/]: Changing view distance to 5, from 10
[16Nov2025 09:39:57.383] [Server thread/INFO] [net.minecraft.client.server.IntegratedServer/]: Changing simulation distance to 12, from 0
[16Nov2025 09:39:57.403] [Render thread/DEBUG] [io.netty.channel.MultithreadEventLoopGroup/]: -Dio.netty.eventLoopThreads: 24
[16Nov2025 09:39:57.422] [Render thread/DEBUG] [io.netty.util.internal.InternalThreadLocalMap/]: -Dio.netty.threadLocalMap.stringBuilder.initialSize: 1024
[16Nov2025 09:39:57.422] [Render thread/DEBUG] [io.netty.util.internal.InternalThreadLocalMap/]: -Dio.netty.threadLocalMap.stringBuilder.maxSize: 4096
[16Nov2025 09:39:57.426] [Render thread/DEBUG] [io.netty.channel.nio.NioEventLoop/]: -Dio.netty.noKeySetOptimization: false
[16Nov2025 09:39:57.426] [Render thread/DEBUG] [io.netty.channel.nio.NioEventLoop/]: -Dio.netty.selectorAutoRebuildThreshold: 512
[16Nov2025 09:39:57.431] [Render thread/DEBUG] [io.netty.util.internal.PlatformDependent/]: org.jctools-core.MpscChunkedArrayQueue: available
[16Nov2025 09:39:57.467] [Render thread/DEBUG] [io.netty.channel.DefaultChannelId/]: -Dio.netty.processId: 2180 (auto-detected)
[16Nov2025 09:39:57.470] [Render thread/WARN] [io.netty.util.internal.SystemPropertyUtil/]: Unable to parse the boolean system property 'java.net.preferIPv6Addresses':system - using the default value: false
[16Nov2025 09:39:57.470] [Render thread/DEBUG] [io.netty.util.NetUtil/]: -Djava.net.preferIPv4Stack: false
[16Nov2025 09:39:57.470] [Render thread/DEBUG] [io.netty.util.NetUtil/]: -Djava.net.preferIPv6Addresses: false
[16Nov2025 09:39:57.477] [Render thread/DEBUG] [io.netty.util.NetUtilInitializations/]: Loopback interface: lo (Software Loopback Interface 1, 127.0.0.1)
[16Nov2025 09:39:57.481] [Render thread/DEBUG] [io.netty.util.NetUtil/]: Failed to get SOMAXCONN from sysctl and file \proc\sys\net\core\somaxconn. Default: 200
[16Nov2025 09:39:57.491] [Render thread/DEBUG] [io.netty.channel.DefaultChannelId/]: -Dio.netty.machineId: 18:c0:4d:ff:fe:6a:8a:a0 (auto-detected)
[16Nov2025 09:39:57.517] [Render thread/DEBUG] [io.netty.buffer.PooledByteBufAllocator/]: -Dio.netty.allocator.numHeapArenas: 24
[16Nov2025 09:39:57.517] [Render thread/DEBUG] [io.netty.buffer.PooledByteBufAllocator/]: -Dio.netty.allocator.numDirectArenas: 24
[16Nov2025 09:39:57.517] [Render thread/DEBUG] [io.netty.buffer.PooledByteBufAllocator/]: -Dio.netty.allocator.pageSize: 8192
[16Nov2025 09:39:57.517] [Render thread/DEBUG] [io.netty.buffer.PooledByteBufAllocator/]: -Dio.netty.allocator.maxOrder: 9
[16Nov2025 09:39:57.517] [Render thread/DEBUG] [io.netty.buffer.PooledByteBufAllocator/]: -Dio.netty.allocator.chunkSize: 4194304
[16Nov2025 09:39:57.517] [Render thread/DEBUG] [io.netty.buffer.PooledByteBufAllocator/]: -Dio.netty.allocator.smallCacheSize: 256
[16Nov2025 09:39:57.517] [Render thread/DEBUG] [io.netty.buffer.PooledByteBufAllocator/]: -Dio.netty.allocator.normalCacheSize: 64
[16Nov2025 09:39:57.517] [Render thread/DEBUG] [io.netty.buffer.PooledByteBufAllocator/]: -Dio.netty.allocator.maxCachedBufferCapacity: 32768
[16Nov2025 09:39:57.517] [Render thread/DEBUG] [io.netty.buffer.PooledByteBufAllocator/]: -Dio.netty.allocator.cacheTrimInterval: 8192
[16Nov2025 09:39:57.517] [Render thread/DEBUG] [io.netty.buffer.PooledByteBufAllocator/]: -Dio.netty.allocator.cacheTrimIntervalMillis: 0
[16Nov2025 09:39:57.517] [Render thread/DEBUG] [io.netty.buffer.PooledByteBufAllocator/]: -Dio.netty.allocator.useCacheForAllThreads: false
[16Nov2025 09:39:57.517] [Render thread/DEBUG] [io.netty.buffer.PooledByteBufAllocator/]: -Dio.netty.allocator.maxCachedByteBuffersPerChunk: 1023
[16Nov2025 09:39:57.528] [Render thread/DEBUG] [io.netty.buffer.ByteBufUtil/]: -Dio.netty.allocator.type: pooled
[16Nov2025 09:39:57.528] [Render thread/DEBUG] [io.netty.buffer.ByteBufUtil/]: -Dio.netty.threadLocalDirectBufferSize: 0
[16Nov2025 09:39:57.528] [Render thread/DEBUG] [io.netty.buffer.ByteBufUtil/]: -Dio.netty.maxThreadLocalCharBufferSize: 16384
[16Nov2025 09:39:57.560] [Netty Local Client IO #0/DEBUG] [net.minecraftforge.network.HandshakeHandler/FMLHANDSHAKE]: Starting local connection.
[16Nov2025 09:39:57.645] [Netty Local Client IO #0/DEBUG] [io.netty.util.Recycler/]: -Dio.netty.recycler.maxCapacityPerThread: 4096
[16Nov2025 09:39:57.645] [Netty Local Client IO #0/DEBUG] [io.netty.util.Recycler/]: -Dio.netty.recycler.ratio: 8
[16Nov2025 09:39:57.645] [Netty Local Client IO #0/DEBUG] [io.netty.util.Recycler/]: -Dio.netty.recycler.chunkSize: 32
[16Nov2025 09:39:57.645] [Netty Local Client IO #0/DEBUG] [io.netty.util.Recycler/]: -Dio.netty.recycler.blocking: false
[16Nov2025 09:39:57.706] [Netty Server IO #1/DEBUG] [net.minecraftforge.network.HandshakeHandler/FMLHANDSHAKE]: Starting local connection.
[16Nov2025 09:39:57.715] [Server thread/DEBUG] [net.minecraftforge.network.HandshakeHandler/FMLHANDSHAKE]: Sending ticking packet info 'net.minecraftforge.network.HandshakeMessages$S2CModData' to 'fml:handshake' sequence 0
[16Nov2025 09:39:57.722] [Netty Local Client IO #0/DEBUG] [net.minecraftforge.network.LoginWrapper/FMLHANDSHAKE]: Recieved login wrapper packet event for channel fml:handshake with index 0
[16Nov2025 09:39:57.757] [Server thread/DEBUG] [net.minecraftforge.network.HandshakeHandler/FMLHANDSHAKE]: Sending ticking packet info 'net.minecraftforge.network.HandshakeMessages$S2CModList' to 'fml:handshake' sequence 1
[16Nov2025 09:39:57.758] [Netty Local Client IO #0/DEBUG] [net.minecraftforge.network.LoginWrapper/FMLHANDSHAKE]: Recieved login wrapper packet event for channel fml:handshake with index 1
[16Nov2025 09:39:57.759] [Netty Local Client IO #0/DEBUG] [net.minecraftforge.network.HandshakeHandler/FMLHANDSHAKE]: Logging into server with mod list [minecraft, ars_structurize, mixinextras, forge, curios, patchouli, geckolib, ars_nouveau]
[16Nov2025 09:39:57.759] [Netty Local Client IO #0/DEBUG] [net.minecraftforge.network.NetworkRegistry/NETREGISTRY]: Channel 'patchouli:main' : Version test of '1' from server : ACCEPTED
[16Nov2025 09:39:57.760] [Netty Local Client IO #0/DEBUG] [net.minecraftforge.network.NetworkRegistry/NETREGISTRY]: Channel 'fml:loginwrapper' : Version test of 'FML3' from server : ACCEPTED
[16Nov2025 09:39:57.760] [Netty Local Client IO #0/DEBUG] [net.minecraftforge.network.NetworkRegistry/NETREGISTRY]: Channel 'ars_nouveau:network' : Version test of '1.0' from server : ACCEPTED
[16Nov2025 09:39:57.760] [Netty Local Client IO #0/DEBUG] [net.minecraftforge.network.NetworkRegistry/NETREGISTRY]: Channel 'ars_structurize:ars_structurize' : Version test of '1' from server : ACCEPTED
[16Nov2025 09:39:57.760] [Netty Local Client IO #0/DEBUG] [net.minecraftforge.network.NetworkRegistry/NETREGISTRY]: Channel 'forge:tier_sorting' : Version test of '1.0' from server : ACCEPTED
[16Nov2025 09:39:57.760] [Netty Local Client IO #0/DEBUG] [net.minecraftforge.network.NetworkRegistry/NETREGISTRY]: Channel 'fml:handshake' : Version test of 'FML3' from server : ACCEPTED
[16Nov2025 09:39:57.760] [Netty Local Client IO #0/DEBUG] [net.minecraftforge.network.NetworkRegistry/NETREGISTRY]: Channel 'curios:main' : Version test of '1' from server : ACCEPTED
[16Nov2025 09:39:57.760] [Netty Local Client IO #0/DEBUG] [net.minecraftforge.network.NetworkRegistry/NETREGISTRY]: Channel 'minecraft:unregister' : Version test of 'FML3' from server : ACCEPTED
[16Nov2025 09:39:57.760] [Netty Local Client IO #0/DEBUG] [net.minecraftforge.network.NetworkRegistry/NETREGISTRY]: Channel 'fml:play' : Version test of 'FML3' from server : ACCEPTED
[16Nov2025 09:39:57.760] [Netty Local Client IO #0/DEBUG] [net.minecraftforge.network.NetworkRegistry/NETREGISTRY]: Channel 'minecraft:register' : Version test of 'FML3' from server : ACCEPTED
[16Nov2025 09:39:57.760] [Netty Local Client IO #0/DEBUG] [net.minecraftforge.network.NetworkRegistry/NETREGISTRY]: Channel 'forge:split' : Version test of '1.1' from server : ACCEPTED
[16Nov2025 09:39:57.760] [Netty Local Client IO #0/DEBUG] [net.minecraftforge.network.NetworkRegistry/NETREGISTRY]: Channel 'geckolib:main' : Version test of '1' from server : ACCEPTED
[16Nov2025 09:39:57.760] [Netty Local Client IO #0/DEBUG] [net.minecraftforge.network.NetworkRegistry/NETREGISTRY]: Accepting channel list from server
[16Nov2025 09:39:57.761] [Netty Local Client IO #0/DEBUG] [net.minecraftforge.network.LoginWrapper/FMLHANDSHAKE]: Dispatching wrapped packet reply for channel fml:handshake with index 1
[16Nov2025 09:39:57.762] [Netty Local Client IO #0/DEBUG] [net.minecraftforge.network.HandshakeHandler/FMLHANDSHAKE]: Accepted server connection
[16Nov2025 09:39:57.762] [Netty Server IO #1/DEBUG] [net.minecraftforge.network.LoginWrapper/FMLHANDSHAKE]: Recieved login wrapper packet event for channel fml:handshake with index 1
[16Nov2025 09:39:57.762] [Netty Server IO #1/DEBUG] [net.minecraftforge.network.HandshakeHandler/FMLHANDSHAKE]: Received client indexed reply 1 of type net.minecraftforge.network.HandshakeMessages$C2SModListReply
[16Nov2025 09:39:57.762] [Netty Local Client IO #0/DEBUG] [net.minecraftforge.network.HandshakeHandler/REGISTRIES]: Expecting 19 registries: [minecraft:command_argument_type, minecraft:recipe_serializer, minecraft:sound_event, minecraft:particle_type, minecraft:villager_profession, minecraft:item, minecraft:potion, minecraft:painting_variant, forge:fluid_type, minecraft:block_entity_type, forge:display_contexts, minecraft:block, forge:entity_data_serializers, minecraft:mob_effect, minecraft:stat_type, minecraft:menu, minecraft:enchantment, minecraft:fluid, minecraft:entity_type]
[16Nov2025 09:39:57.762] [Netty Server IO #1/DEBUG] [net.minecraftforge.network.HandshakeHandler/FMLHANDSHAKE]: Received client connection with modlist [minecraft, ars_structurize, mixinextras, forge, curios, patchouli, geckolib, ars_nouveau]
[16Nov2025 09:39:57.762] [Netty Server IO #1/DEBUG] [net.minecraftforge.network.NetworkRegistry/NETREGISTRY]: Channel 'patchouli:main' : Version test of '1' from client : ACCEPTED
[16Nov2025 09:39:57.762] [Netty Server IO #1/DEBUG] [net.minecraftforge.network.NetworkRegistry/NETREGISTRY]: Channel 'fml:loginwrapper' : Version test of 'FML3' from client : ACCEPTED
[16Nov2025 09:39:57.763] [Netty Server IO #1/DEBUG] [net.minecraftforge.network.NetworkRegistry/NETREGISTRY]: Channel 'ars_nouveau:network' : Version test of '1.0' from client : ACCEPTED
[16Nov2025 09:39:57.763] [Netty Server IO #1/DEBUG] [net.minecraftforge.network.NetworkRegistry/NETREGISTRY]: Channel 'ars_structurize:ars_structurize' : Version test of '1' from client : ACCEPTED
[16Nov2025 09:39:57.763] [Netty Server IO #1/DEBUG] [net.minecraftforge.network.NetworkRegistry/NETREGISTRY]: Channel 'forge:tier_sorting' : Version test of '1.0' from client : ACCEPTED
[16Nov2025 09:39:57.763] [Netty Server IO #1/DEBUG] [net.minecraftforge.network.NetworkRegistry/NETREGISTRY]: Channel 'fml:handshake' : Version test of 'FML3' from client : ACCEPTED
[16Nov2025 09:39:57.763] [Netty Server IO #1/DEBUG] [net.minecraftforge.network.NetworkRegistry/NETREGISTRY]: Channel 'curios:main' : Version test of '1' from client : ACCEPTED
[16Nov2025 09:39:57.763] [Netty Server IO #1/DEBUG] [net.minecraftforge.network.NetworkRegistry/NETREGISTRY]: Channel 'minecraft:unregister' : Version test of 'FML3' from client : ACCEPTED
[16Nov2025 09:39:57.763] [Netty Server IO #1/DEBUG] [net.minecraftforge.network.NetworkRegistry/NETREGISTRY]: Channel 'fml:play' : Version test of 'FML3' from client : ACCEPTED
[16Nov2025 09:39:57.763] [Netty Server IO #1/DEBUG] [net.minecraftforge.network.NetworkRegistry/NETREGISTRY]: Channel 'minecraft:register' : Version test of 'FML3' from client : ACCEPTED
[16Nov2025 09:39:57.763] [Netty Server IO #1/DEBUG] [net.minecraftforge.network.NetworkRegistry/NETREGISTRY]: Channel 'forge:split' : Version test of '1.1' from client : ACCEPTED
[16Nov2025 09:39:57.763] [Netty Server IO #1/DEBUG] [net.minecraftforge.network.NetworkRegistry/NETREGISTRY]: Channel 'geckolib:main' : Version test of '1' from client : ACCEPTED
[16Nov2025 09:39:57.763] [Netty Server IO #1/DEBUG] [net.minecraftforge.network.NetworkRegistry/NETREGISTRY]: Accepting channel list from client
[16Nov2025 09:39:57.763] [Netty Server IO #1/DEBUG] [net.minecraftforge.network.HandshakeHandler/FMLHANDSHAKE]: Accepted client connection mod list
[16Nov2025 09:39:57.807] [Server thread/DEBUG] [net.minecraftforge.network.HandshakeHandler/FMLHANDSHAKE]: Sending ticking packet info 'Config ars_nouveau/glyph_slowfall.toml' to 'fml:handshake' sequence 2
[16Nov2025 09:39:57.807] [Netty Local Client IO #0/DEBUG] [net.minecraftforge.network.LoginWrapper/FMLHANDSHAKE]: Recieved login wrapper packet event for channel fml:handshake with index 2
[16Nov2025 09:39:57.807] [Netty Local Client IO #0/DEBUG] [net.minecraftforge.network.HandshakeHandler/FMLHANDSHAKE]: Received config sync from server
[16Nov2025 09:39:57.807] [Netty Local Client IO #0/DEBUG] [net.minecraftforge.network.LoginWrapper/FMLHANDSHAKE]: Dispatching wrapped packet reply for channel fml:handshake with index 2
[16Nov2025 09:39:57.807] [Netty Server IO #1/DEBUG] [net.minecraftforge.network.LoginWrapper/FMLHANDSHAKE]: Recieved login wrapper packet event for channel fml:handshake with index 2
[16Nov2025 09:39:57.807] [Netty Server IO #1/DEBUG] [net.minecraftforge.network.HandshakeHandler/FMLHANDSHAKE]: Received client indexed reply 2 of type net.minecraftforge.network.HandshakeMessages$C2SAcknowledge
[16Nov2025 09:39:57.807] [Netty Server IO #1/DEBUG] [net.minecraftforge.network.HandshakeHandler/FMLHANDSHAKE]: Received acknowledgement from client
[16Nov2025 09:39:57.857] [Server thread/DEBUG] [net.minecraftforge.network.HandshakeHandler/FMLHANDSHAKE]: Sending ticking packet info 'Config ars_nouveau/glyph_blink.toml' to 'fml:handshake' sequence 3
[16Nov2025 09:39:57.857] [Netty Local Client IO #0/DEBUG] [net.minecraftforge.network.LoginWrapper/FMLHANDSHAKE]: Recieved login wrapper packet event for channel fml:handshake with index 3
[16Nov2025 09:39:57.857] [Netty Local Client IO #0/DEBUG] [net.minecraftforge.network.HandshakeHandler/FMLHANDSHAKE]: Received config sync from server
[16Nov2025 09:39:57.857] [Netty Local Client IO #0/DEBUG] [net.minecraftforge.network.LoginWrapper/FMLHANDSHAKE]: Dispatching wrapped packet reply for channel fml:handshake with index 3
[16Nov2025 09:39:57.857] [Netty Server IO #1/DEBUG] [net.minecraftforge.network.LoginWrapper/FMLHANDSHAKE]: Recieved login wrapper packet event for channel fml:handshake with index 3
[16Nov2025 09:39:57.857] [Netty Server IO #1/DEBUG] [net.minecraftforge.network.HandshakeHandler/FMLHANDSHAKE]: Received client indexed reply 3 of type net.minecraftforge.network.HandshakeMessages$C2SAcknowledge
[16Nov2025 09:39:57.857] [Netty Server IO #1/DEBUG] [net.minecraftforge.network.HandshakeHandler/FMLHANDSHAKE]: Received acknowledgement from client
[16Nov2025 09:39:57.910] [Server thread/DEBUG] [net.minecraftforge.network.HandshakeHandler/FMLHANDSHAKE]: Sending ticking packet info 'Config ars_nouveau/glyph_linger.toml' to 'fml:handshake' sequence 4
[16Nov2025 09:39:57.911] [Netty Local Client IO #0/DEBUG] [net.minecraftforge.network.LoginWrapper/FMLHANDSHAKE]: Recieved login wrapper packet event for channel fml:handshake with index 4
[16Nov2025 09:39:57.911] [Netty Local Client IO #0/DEBUG] [net.minecraftforge.network.HandshakeHandler/FMLHANDSHAKE]: Received config sync from server
[16Nov2025 09:39:57.911] [Netty Local Client IO #0/DEBUG] [net.minecraftforge.network.LoginWrapper/FMLHANDSHAKE]: Dispatching wrapped packet reply for channel fml:handshake with index 4
[16Nov2025 09:39:57.911] [Netty Server IO #1/DEBUG] [net.minecraftforge.network.LoginWrapper/FMLHANDSHAKE]: Recieved login wrapper packet event for channel fml:handshake with index 4
[16Nov2025 09:39:57.911] [Netty Server IO #1/DEBUG] [net.minecraftforge.network.HandshakeHandler/FMLHANDSHAKE]: Received client indexed reply 4 of type net.minecraftforge.network.HandshakeMessages$C2SAcknowledge
[16Nov2025 09:39:57.911] [Netty Server IO #1/DEBUG] [net.minecraftforge.network.HandshakeHandler/FMLHANDSHAKE]: Received acknowledgement from client
[16Nov2025 09:39:57.954] [Server thread/DEBUG] [net.minecraftforge.network.HandshakeHandler/FMLHANDSHAKE]: Sending ticking packet info 'Config ars_nouveau/glyph_intangible.toml' to 'fml:handshake' sequence 5
[16Nov2025 09:39:57.955] [Netty Local Client IO #0/DEBUG] [net.minecraftforge.network.LoginWrapper/FMLHANDSHAKE]: Recieved login wrapper packet event for channel fml:handshake with index 5
[16Nov2025 09:39:57.955] [Netty Local Client IO #0/DEBUG] [net.minecraftforge.network.HandshakeHandler/FMLHANDSHAKE]: Received config sync from server
[16Nov2025 09:39:57.955] [Netty Local Client IO #0/DEBUG] [net.minecraftforge.network.LoginWrapper/FMLHANDSHAKE]: Dispatching wrapped packet reply for channel fml:handshake with index 5
[16Nov2025 09:39:57.955] [Netty Server IO #1/DEBUG] [net.minecraftforge.network.LoginWrapper/FMLHANDSHAKE]: Recieved login wrapper packet event for channel fml:handshake with index 5
[16Nov2025 09:39:57.955] [Netty Server IO #1/DEBUG] [net.minecraftforge.network.HandshakeHandler/FMLHANDSHAKE]: Received client indexed reply 5 of type net.minecraftforge.network.HandshakeMessages$C2SAcknowledge
[16Nov2025 09:39:57.955] [Netty Server IO #1/DEBUG] [net.minecraftforge.network.HandshakeHandler/FMLHANDSHAKE]: Received acknowledgement from client
[16Nov2025 09:39:58.005] [Server thread/DEBUG] [net.minecraftforge.network.HandshakeHandler/FMLHANDSHAKE]: Sending ticking packet info 'Config ars_nouveau/glyph_touch.toml' to 'fml:handshake' sequence 6
[16Nov2025 09:39:58.005] [Netty Local Client IO #0/DEBUG] [net.minecraftforge.network.LoginWrapper/FMLHANDSHAKE]: Recieved login wrapper packet event for channel fml:handshake with index 6
[16Nov2025 09:39:58.005] [Netty Local Client IO #0/DEBUG] [net.minecraftforge.network.HandshakeHandler/FMLHANDSHAKE]: Received config sync from server
[16Nov2025 09:39:58.005] [Netty Local Client IO #0/DEBUG] [net.minecraftforge.network.LoginWrapper/FMLHANDSHAKE]: Dispatching wrapped packet reply for channel fml:handshake with index 6
[16Nov2025 09:39:58.006] [Netty Server IO #1/DEBUG] [net.minecraftforge.network.LoginWrapper/FMLHANDSHAKE]: Recieved login wrapper packet event for channel fml:handshake with index 6
[16Nov2025 09:39:58.006] [Netty Server IO #1/DEBUG] [net.minecraftforge.network.HandshakeHandler/FMLHANDSHAKE]: Received client indexed reply 6 of type net.minecraftforge.network.HandshakeMessages$C2SAcknowledge
[16Nov2025 09:39:58.006] [Netty Server IO #1/DEBUG] [net.minecraftforge.network.HandshakeHandler/FMLHANDSHAKE]: Received acknowledgement from client
[16Nov2025 09:39:58.054] [Server thread/DEBUG] [net.minecraftforge.network.HandshakeHandler/FMLHANDSHAKE]: Sending ticking packet info 'Config ars_nouveau/burst.toml' to 'fml:handshake' sequence 7
[16Nov2025 09:39:58.054] [Netty Local Client IO #0/DEBUG] [net.minecraftforge.network.LoginWrapper/FMLHANDSHAKE]: Recieved login wrapper packet event for channel fml:handshake with index 7
[16Nov2025 09:39:58.054] [Netty Local Client IO #0/DEBUG] [net.minecraftforge.network.HandshakeHandler/FMLHANDSHAKE]: Received config sync from server
[16Nov2025 09:39:58.054] [Netty Local Client IO #0/DEBUG] [net.minecraftforge.network.LoginWrapper/FMLHANDSHAKE]: Dispatching wrapped packet reply for channel fml:handshake with index 7
[16Nov2025 09:39:58.054] [Netty Server IO #1/DEBUG] [net.minecraftforge.network.LoginWrapper/FMLHANDSHAKE]: Recieved login wrapper packet event for channel fml:handshake with index 7
[16Nov2025 09:39:58.055] [Netty Server IO #1/DEBUG] [net.minecraftforge.network.HandshakeHandler/FMLHANDSHAKE]: Received client indexed reply 7 of type net.minecraftforge.network.HandshakeMessages$C2SAcknowledge
[16Nov2025 09:39:58.055] [Netty Server IO #1/DEBUG] [net.minecraftforge.network.HandshakeHandler/FMLHANDSHAKE]: Received acknowledgement from client
[16Nov2025 09:39:58.103] [Server thread/DEBUG] [net.minecraftforge.network.HandshakeHandler/FMLHANDSHAKE]: Sending ticking packet info 'Config ars_nouveau/glyph_summon_vex.toml' to 'fml:handshake' sequence 8
[16Nov2025 09:39:58.103] [Netty Local Client IO #0/DEBUG] [net.minecraftforge.network.LoginWrapper/FMLHANDSHAKE]: Recieved login wrapper packet event for channel fml:handshake with index 8
[16Nov2025 09:39:58.103] [Netty Local Client IO #0/DEBUG] [net.minecraftforge.network.HandshakeHandler/FMLHANDSHAKE]: Received config sync from server
[16Nov2025 09:39:58.103] [Netty Local Client IO #0/DEBUG] [net.minecraftforge.network.LoginWrapper/FMLHANDSHAKE]: Dispatching wrapped packet reply for channel fml:handshake with index 8
[16Nov2025 09:39:58.103] [Netty Server IO #1/DEBUG] [net.minecraftforge.network.LoginWrapper/FMLHANDSHAKE]: Recieved login wrapper packet event for channel fml:handshake with index 8
[16Nov2025 09:39:58.103] [Netty Server IO #1/DEBUG] [net.minecraftforge.network.HandshakeHandler/FMLHANDSHAKE]: Received client indexed reply 8 of type net.minecraftforge.network.HandshakeMessages$C2SAcknowledge
[16Nov2025 09:39:58.103] [Netty Server IO #1/DEBUG] [net.minecraftforge.network.HandshakeHandler/FMLHANDSHAKE]: Received acknowledgement from client
[16Nov2025 09:39:58.153] [Server thread/DEBUG] [net.minecraftforge.network.HandshakeHandler/FMLHANDSHAKE]: Sending ticking packet info 'Config ars_nouveau/glyph_summon_undead.toml' to 'fml:handshake' sequence 9
[16Nov2025 09:39:58.153] [Netty Local Client IO #0/DEBUG] [net.minecraftforge.network.LoginWrapper/FMLHANDSHAKE]: Recieved login wrapper packet event for channel fml:handshake with index 9
[16Nov2025 09:39:58.155] [Netty Local Client IO #0/DEBUG] [net.minecraftforge.network.HandshakeHandler/FMLHANDSHAKE]: Received config sync from server
[16Nov2025 09:39:58.155] [Netty Local Client IO #0/DEBUG] [net.minecraftforge.network.LoginWrapper/FMLHANDSHAKE]: Dispatching wrapped packet reply for channel fml:handshake with index 9
[16Nov2025 09:39:58.155] [Netty Server IO #1/DEBUG] [net.minecraftforge.network.LoginWrapper/FMLHANDSHAKE]: Recieved login wrapper packet event for channel fml:handshake with index 9
[16Nov2025 09:39:58.155] [Netty Server IO #1/DEBUG] [net.minecraftforge.network.HandshakeHandler/FMLHANDSHAKE]: Received client indexed reply 9 of type net.minecraftforge.network.HandshakeMessages$C2SAcknowledge
[16Nov2025 09:39:58.155] [Netty Server IO #1/DEBUG] [net.minecraftforge.network.HandshakeHandler/FMLHANDSHAKE]: Received acknowledgement from client
[16Nov2025 09:39:58.207] [Server thread/DEBUG] [net.minecraftforge.network.HandshakeHandler/FMLHANDSHAKE]: Sending ticking packet info 'Config ars_nouveau/glyph_dampen.toml' to 'fml:handshake' sequence 10
[16Nov2025 09:39:58.208] [Netty Local Client IO #0/DEBUG] [net.minecraftforge.network.LoginWrapper/FMLHANDSHAKE]: Recieved login wrapper packet event for channel fml:handshake with index 10
[16Nov2025 09:39:58.208] [Netty Local Client IO #0/DEBUG] [net.minecraftforge.network.HandshakeHandler/FMLHANDSHAKE]: Received config sync from server
[16Nov2025 09:39:58.208] [Netty Local Client IO #0/DEBUG] [net.minecraftforge.network.LoginWrapper/FMLHANDSHAKE]: Dispatching wrapped packet reply for channel fml:handshake with index 10
[16Nov2025 09:39:58.208] [Netty Server IO #1/DEBUG] [net.minecraftforge.network.LoginWrapper/FMLHANDSHAKE]: Recieved login wrapper packet event for channel fml:handshake with index 10
[16Nov2025 09:39:58.208] [Netty Server IO #1/DEBUG] [net.minecraftforge.network.HandshakeHandler/FMLHANDSHAKE]: Received client indexed reply 10 of type net.minecraftforge.network.HandshakeMessages$C2SAcknowledge
[16Nov2025 09:39:58.208] [Netty Server IO #1/DEBUG] [net.minecraftforge.network.HandshakeHandler/FMLHANDSHAKE]: Received acknowledgement from client
[16Nov2025 09:39:58.253] [Server thread/DEBUG] [net.minecraftforge.network.HandshakeHandler/FMLHANDSHAKE]: Sending ticking packet info 'Config ars_nouveau/glyph_cut.toml' to 'fml:handshake' sequence 11
[16Nov2025 09:39:58.253] [Netty Local Client IO #0/DEBUG] [net.minecraftforge.network.LoginWrapper/FMLHANDSHAKE]: Recieved login wrapper packet event for channel fml:handshake with index 11
[16Nov2025 09:39:58.254] [Netty Local Client IO #0/DEBUG] [net.minecraftforge.network.HandshakeHandler/FMLHANDSHAKE]: Received config sync from server
[16Nov2025 09:39:58.254] [Netty Local Client IO #0/DEBUG] [net.minecraftforge.network.LoginWrapper/FMLHANDSHAKE]: Dispatching wrapped packet reply for channel fml:handshake with index 11
[16Nov2025 09:39:58.254] [Netty Server IO #1/DEBUG] [net.minecraftforge.network.LoginWrapper/FMLHANDSHAKE]: Recieved login wrapper packet event for channel fml:handshake with index 11
[16Nov2025 09:39:58.254] [Netty Server IO #1/DEBUG] [net.minecraftforge.network.HandshakeHandler/FMLHANDSHAKE]: Received client indexed reply 11 of type net.minecraftforge.network.HandshakeMessages$C2SAcknowledge
[16Nov2025 09:39:58.254] [Netty Server IO #1/DEBUG] [net.minecraftforge.network.HandshakeHandler/FMLHANDSHAKE]: Received acknowledgement from client
[16Nov2025 09:39:58.303] [Server thread/DEBUG] [net.minecraftforge.network.HandshakeHandler/FMLHANDSHAKE]: Sending ticking packet info 'Config ars_nouveau/glyph_accelerate.toml' to 'fml:handshake' sequence 12
[16Nov2025 09:39:58.303] [Netty Local Client IO #0/DEBUG] [net.minecraftforge.network.LoginWrapper/FMLHANDSHAKE]: Recieved login wrapper packet event for channel fml:handshake with index 12
[16Nov2025 09:39:58.303] [Netty Local Client IO #0/DEBUG] [net.minecraftforge.network.HandshakeHandler/FMLHANDSHAKE]: Received config sync from server
[16Nov2025 09:39:58.303] [Netty Local Client IO #0/DEBUG] [net.minecraftforge.network.LoginWrapper/FMLHANDSHAKE]: Dispatching wrapped packet reply for channel fml:handshake with index 12
[16Nov2025 09:39:58.303] [Netty Server IO #1/DEBUG] [net.minecraftforge.network.LoginWrapper/FMLHANDSHAKE]: Recieved login wrapper packet event for channel fml:handshake with index 12
[16Nov2025 09:39:58.303] [Netty Server IO #1/DEBUG] [net.minecraftforge.network.HandshakeHandler/FMLHANDSHAKE]: Received client indexed reply 12 of type net.minecraftforge.network.HandshakeMessages$C2SAcknowledge
[16Nov2025 09:39:58.303] [Netty Server IO #1/DEBUG] [net.minecraftforge.network.HandshakeHandler/FMLHANDSHAKE]: Received acknowledgement from client
[16Nov2025 09:39:58.353] [Server thread/DEBUG] [net.minecraftforge.network.HandshakeHandler/FMLHANDSHAKE]: Sending ticking packet info 'Config ars_nouveau/glyph_evaporate.toml' to 'fml:handshake' sequence 13
[16Nov2025 09:39:58.354] [Netty Local Client IO #0/DEBUG] [net.minecraftforge.network.LoginWrapper/FMLHANDSHAKE]: Recieved login wrapper packet event for channel fml:handshake with index 13
[16Nov2025 09:39:58.354] [Netty Local Client IO #0/DEBUG] [net.minecraftforge.network.HandshakeHandler/FMLHANDSHAKE]: Received config sync from server
[16Nov2025 09:39:58.354] [Netty Local Client IO #0/DEBUG] [net.minecraftforge.network.LoginWrapper/FMLHANDSHAKE]: Dispatching wrapped packet reply for channel fml:handshake with index 13
[16Nov2025 09:39:58.354] [Netty Server IO #1/DEBUG] [net.minecraftforge.network.LoginWrapper/FMLHANDSHAKE]: Recieved login wrapper packet event for channel fml:handshake with index 13
[16Nov2025 09:39:58.354] [Netty Server IO #1/DEBUG] [net.minecraftforge.network.HandshakeHandler/FMLHANDSHAKE]: Received client indexed reply 13 of type net.minecraftforge.network.HandshakeMessages$C2SAcknowledge
[16Nov2025 09:39:58.354] [Netty Server IO #1/DEBUG] [net.minecraftforge.network.HandshakeHandler/FMLHANDSHAKE]: Received acknowledgement from client
[16Nov2025 09:39:58.405] [Server thread/DEBUG] [net.minecraftforge.network.HandshakeHandler/FMLHANDSHAKE]: Sending ticking packet info 'Config ars_nouveau/glyph_duration_down.toml' to 'fml:handshake' sequence 14
[16Nov2025 09:39:58.405] [Netty Local Client IO #0/DEBUG] [net.minecraftforge.network.LoginWrapper/FMLHANDSHAKE]: Recieved login wrapper packet event for channel fml:handshake with index 14
[16Nov2025 09:39:58.405] [Netty Local Client IO #0/DEBUG] [net.minecraftforge.network.HandshakeHandler/FMLHANDSHAKE]: Received config sync from server
[16Nov2025 09:39:58.405] [Netty Local Client IO #0/DEBUG] [net.minecraftforge.network.LoginWrapper/FMLHANDSHAKE]: Dispatching wrapped packet reply for channel fml:handshake with index 14
[16Nov2025 09:39:58.405] [Netty Server IO #1/DEBUG] [net.minecraftforge.network.LoginWrapper/FMLHANDSHAKE]: Recieved login wrapper packet event for channel fml:handshake with index 14
[16Nov2025 09:39:58.405] [Netty Server IO #1/DEBUG] [net.minecraftforge.network.HandshakeHandler/FMLHANDSHAKE]: Received client indexed reply 14 of type net.minecraftforge.network.HandshakeMessages$C2SAcknowledge
[16Nov2025 09:39:58.406] [Netty Server IO #1/DEBUG] [net.minecraftforge.network.HandshakeHandler/FMLHANDSHAKE]: Received acknowledgement from client
[16Nov2025 09:39:58.454] [Server thread/DEBUG] [net.minecraftforge.network.HandshakeHandler/FMLHANDSHAKE]: Sending ticking packet info 'Config ars_nouveau/glyph_summon_wolves.toml' to 'fml:handshake' sequence 15
[16Nov2025 09:39:58.454] [Netty Local Client IO #0/DEBUG] [net.minecraftforge.network.LoginWrapper/FMLHANDSHAKE]: Recieved login wrapper packet event for channel fml:handshake with index 15
[16Nov2025 09:39:58.454] [Netty Local Client IO #0/DEBUG] [net.minecraftforge.network.HandshakeHandler/FMLHANDSHAKE]: Received config sync from server
[16Nov2025 09:39:58.454] [Netty Local Client IO #0/DEBUG] [net.minecraftforge.network.LoginWrapper/FMLHANDSHAKE]: Dispatching wrapped packet reply for channel fml:handshake with index 15
[16Nov2025 09:39:58.454] [Netty Server IO #1/DEBUG] [net.minecraftforge.network.LoginWrapper/FMLHANDSHAKE]: Recieved login wrapper packet event for channel fml:handshake with index 15
[16Nov2025 09:39:58.454] [Netty Server IO #1/DEBUG] [net.minecraftforge.network.HandshakeHandler/FMLHANDSHAKE]: Received client indexed reply 15 of type net.minecraftforge.network.HandshakeMessages$C2SAcknowledge
[16Nov2025 09:39:58.455] [Netty Server IO #1/DEBUG] [net.minecraftforge.network.HandshakeHandler/FMLHANDSHAKE]: Received acknowledgement from client
[16Nov2025 09:39:58.504] [Server thread/DEBUG] [net.minecraftforge.network.HandshakeHandler/FMLHANDSHAKE]: Sending ticking packet info 'Config ars_nouveau/glyph_grow.toml' to 'fml:handshake' sequence 16
[16Nov2025 09:39:58.505] [Netty Local Client IO #0/DEBUG] [net.minecraftforge.network.LoginWrapper/FMLHANDSHAKE]: Recieved login wrapper packet event for channel fml:handshake with index 16
[16Nov2025 09:39:58.505] [Netty Local Client IO #0/DEBUG] [net.minecraftforge.network.HandshakeHandler/FMLHANDSHAKE]: Received config sync from server
[16Nov2025 09:39:58.505] [Netty Local Client IO #0/DEBUG] [net.minecraftforge.network.LoginWrapper/FMLHANDSHAKE]: Dispatching wrapped packet reply for channel fml:handshake with index 16
[16Nov2025 09:39:58.505] [Netty Server IO #1/DEBUG] [net.minecraftforge.network.LoginWrapper/FMLHANDSHAKE]: Recieved login wrapper packet event for channel fml:handshake with index 16
[16Nov2025 09:39:58.505] [Netty Server IO #1/DEBUG] [net.minecraftforge.network.HandshakeHandler/FMLHANDSHAKE]: Received client indexed reply 16 of type net.minecraftforge.network.HandshakeMessages$C2SAcknowledge
[16Nov2025 09:39:58.506] [Netty Server IO #1/DEBUG] [net.minecraftforge.network.HandshakeHandler/FMLHANDSHAKE]: Received acknowledgement from client
[16Nov2025 09:39:58.553] [Server thread/DEBUG] [net.minecraftforge.network.HandshakeHandler/FMLHANDSHAKE]: Sending ticking packet info 'Config ars_nouveau/glyph_animate_block.toml' to 'fml:handshake' sequence 17
[16Nov2025 09:39:58.553] [Netty Local Client IO #0/DEBUG] [net.minecraftforge.network.LoginWrapper/FMLHANDSHAKE]: Recieved login wrapper packet event for channel fml:handshake with index 17
[16Nov2025 09:39:58.554] [Netty Local Client IO #0/DEBUG] [net.minecraftforge.network.HandshakeHandler/FMLHANDSHAKE]: Received config sync from server
[16Nov2025 09:39:58.554] [Netty Local Client IO #0/DEBUG] [net.minecraftforge.network.LoginWrapper/FMLHANDSHAKE]: Dispatching wrapped packet reply for channel fml:handshake with index 17
[16Nov2025 09:39:58.554] [Netty Server IO #1/DEBUG] [net.minecraftforge.network.LoginWrapper/FMLHANDSHAKE]: Recieved login wrapper packet event for channel fml:handshake with index 17
[16Nov2025 09:39:58.554] [Netty Server IO #1/DEBUG] [net.minecraftforge.network.HandshakeHandler/FMLHANDSHAKE]: Received client indexed reply 17 of type net.minecraftforge.network.HandshakeMessages$C2SAcknowledge
[16Nov2025 09:39:58.554] [Netty Server IO #1/DEBUG] [net.minecraftforge.network.HandshakeHandler/FMLHANDSHAKE]: Received acknowledgement from client
[16Nov2025 09:39:58.607] [Server thread/DEBUG] [net.minecraftforge.network.HandshakeHandler/FMLHANDSHAKE]: Sending ticking packet info 'Config ars_nouveau/glyph_extract.toml' to 'fml:handshake' sequence 18
[16Nov2025 09:39:58.607] [Netty Local Client IO #0/DEBUG] [net.minecraftforge.network.LoginWrapper/FMLHANDSHAKE]: Recieved login wrapper packet event for channel fml:handshake with index 18
[16Nov2025 09:39:58.607] [Netty Local Client IO #0/DEBUG] [net.minecraftforge.network.HandshakeHandler/FMLHANDSHAKE]: Received config sync from server
[16Nov2025 09:39:58.607] [Netty Local Client IO #0/DEBUG] [net.minecraftforge.network.LoginWrapper/FMLHANDSHAKE]: Dispatching wrapped packet reply for channel fml:handshake with index 18
[16Nov2025 09:39:58.607] [Netty Server IO #1/DEBUG] [net.minecraftforge.network.LoginWrapper/FMLHANDSHAKE]: Recieved login wrapper packet event for channel fml:handshake with index 18
[16Nov2025 09:39:58.608] [Netty Server IO #1/DEBUG] [net.minecraftforge.network.HandshakeHandler/FMLHANDSHAKE]: Received client indexed reply 18 of type net.minecraftforge.network.HandshakeMessages$C2SAcknowledge
[16Nov2025 09:39:58.608] [Netty Server IO #1/DEBUG] [net.minecraftforge.network.HandshakeHandler/FMLHANDSHAKE]: Received acknowledgement from client
[16Nov2025 09:39:58.654] [Server thread/DEBUG] [net.minecraftforge.network.HandshakeHandler/FMLHANDSHAKE]: Sending ticking packet info 'Config ars_nouveau/glyph_fangs.toml' to 'fml:handshake' sequence 19
[16Nov2025 09:39:58.654] [Netty Local Client IO #0/DEBUG] [net.minecraftforge.network.LoginWrapper/FMLHANDSHAKE]: Recieved login wrapper packet event for channel fml:handshake with index 19
[16Nov2025 09:39:58.654] [Netty Local Client IO #0/DEBUG] [net.minecraftforge.network.HandshakeHandler/FMLHANDSHAKE]: Received config sync from server
[16Nov2025 09:39:58.654] [Netty Local Client IO #0/DEBUG] [net.minecraftforge.network.LoginWrapper/FMLHANDSHAKE]: Dispatching wrapped packet reply for channel fml:handshake with index 19
[16Nov2025 09:39:58.654] [Netty Server IO #1/DEBUG] [net.minecraftforge.network.LoginWrapper/FMLHANDSHAKE]: Recieved login wrapper packet event for channel fml:handshake with index 19
[16Nov2025 09:39:58.655] [Netty Server IO #1/DEBUG] [net.minecraftforge.network.HandshakeHandler/FMLHANDSHAKE]: Received client indexed reply 19 of type net.minecraftforge.network.HandshakeMessages$C2SAcknowledge
[16Nov2025 09:39:58.655] [Netty Server IO #1/DEBUG] [net.minecraftforge.network.HandshakeHandler/FMLHANDSHAKE]: Received acknowledgement from client
[16Nov2025 09:39:58.702] [Server thread/DEBUG] [net.minecraftforge.network.HandshakeHandler/FMLHANDSHAKE]: Sending ticking packet info 'Config ars_nouveau/glyph_ender_inventory.toml' to 'fml:handshake' sequence 20
[16Nov2025 09:39:58.703] [Netty Local Client IO #0/DEBUG] [net.minecraftforge.network.LoginWrapper/FMLHANDSHAKE]: Recieved login wrapper packet event for channel fml:handshake with index 20
[16Nov2025 09:39:58.703] [Netty Local Client IO #0/DEBUG] [net.minecraftforge.network.HandshakeHandler/FMLHANDSHAKE]: Received config sync from server
[16Nov2025 09:39:58.703] [Netty Local Client IO #0/DEBUG] [net.minecraftforge.network.LoginWrapper/FMLHANDSHAKE]: Dispatching wrapped packet reply for channel fml:handshake with index 20
[16Nov2025 09:39:58.703] [Netty Server IO #1/DEBUG] [net.minecraftforge.network.LoginWrapper/FMLHANDSHAKE]: Recieved login wrapper packet event for channel fml:handshake with index 20
[16Nov2025 09:39:58.703] [Netty Server IO #1/DEBUG] [net.minecraftforge.network.HandshakeHandler/FMLHANDSHAKE]: Received client indexed reply 20 of type net.minecraftforge.network.HandshakeMessages$C2SAcknowledge
[16Nov2025 09:39:58.703] [Netty Server IO #1/DEBUG] [net.minecraftforge.network.HandshakeHandler/FMLHANDSHAKE]: Received acknowledgement from client
[16Nov2025 09:39:58.755] [Server thread/DEBUG] [net.minecraftforge.network.HandshakeHandler/FMLHANDSHAKE]: Sending ticking packet info 'Config ars_nouveau/glyph_split.toml' to 'fml:handshake' sequence 21
[16Nov2025 09:39:58.756] [Netty Local Client IO #0/DEBUG] [net.minecraftforge.network.LoginWrapper/FMLHANDSHAKE]: Recieved login wrapper packet event for channel fml:handshake with index 21
[16Nov2025 09:39:58.756] [Netty Local Client IO #0/DEBUG] [net.minecraftforge.network.HandshakeHandler/FMLHANDSHAKE]: Received config sync from server
[16Nov2025 09:39:58.756] [Netty Local Client IO #0/DEBUG] [net.minecraftforge.network.LoginWrapper/FMLHANDSHAKE]: Dispatching wrapped packet reply for channel fml:handshake with index 21
[16Nov2025 09:39:58.756] [Netty Server IO #1/DEBUG] [net.minecraftforge.network.LoginWrapper/FMLHANDSHAKE]: Recieved login wrapper packet event for channel fml:handshake with index 21
[16Nov2025 09:39:58.756] [Netty Server IO #1/DEBUG] [net.minecraftforge.network.HandshakeHandler/FMLHANDSHAKE]: Received client indexed reply 21 of type net.minecraftforge.network.HandshakeMessages$C2SAcknowledge
[16Nov2025 09:39:58.756] [Netty Server IO #1/DEBUG] [net.minecraftforge.network.HandshakeHandler/FMLHANDSHAKE]: Received acknowledgement from client
[16Nov2025 09:39:58.794] [Server thread/DEBUG] [net.minecraftforge.network.HandshakeHandler/FMLHANDSHAKE]: Sending ticking packet info 'Config ars_nouveau/reset.toml' to 'fml:handshake' sequence 22
[16Nov2025 09:39:58.795] [Netty Local Client IO #0/DEBUG] [net.minecraftforge.network.LoginWrapper/FMLHANDSHAKE]: Recieved login wrapper packet event for channel fml:handshake with index 22
[16Nov2025 09:39:58.795] [Netty Local Client IO #0/DEBUG] [net.minecraftforge.network.HandshakeHandler/FMLHANDSHAKE]: Received config sync from server
[16Nov2025 09:39:58.795] [Netty Local Client IO #0/DEBUG] [net.minecraftforge.network.LoginWrapper/FMLHANDSHAKE]: Dispatching wrapped packet reply for channel fml:handshake with index 22
[16Nov2025 09:39:58.795] [Netty Server IO #1/DEBUG] [net.minecraftforge.network.LoginWrapper/FMLHANDSHAKE]: Recieved login wrapper packet event for channel fml:handshake with index 22
[16Nov2025 09:39:58.795] [Netty Server IO #1/DEBUG] [net.minecraftforge.network.HandshakeHandler/FMLHANDSHAKE]: Received client indexed reply 22 of type net.minecraftforge.network.HandshakeMessages$C2SAcknowledge
[16Nov2025 09:39:58.795] [Netty Server IO #1/DEBUG] [net.minecraftforge.network.HandshakeHandler/FMLHANDSHAKE]: Received acknowledgement from client
[16Nov2025 09:39:58.844] [Server thread/DEBUG] [net.minecraftforge.network.HandshakeHandler/FMLHANDSHAKE]: Sending ticking packet info 'Config ars_nouveau/glyph_amplify.toml' to 'fml:handshake' sequence 23
[16Nov2025 09:39:58.844] [Netty Local Client IO #0/DEBUG] [net.minecraftforge.network.LoginWrapper/FMLHANDSHAKE]: Recieved login wrapper packet event for channel fml:handshake with index 23
[16Nov2025 09:39:58.844] [Netty Local Client IO #0/DEBUG] [net.minecraftforge.network.HandshakeHandler/FMLHANDSHAKE]: Received config sync from server
[16Nov2025 09:39:58.844] [Netty Local Client IO #0/DEBUG] [net.minecraftforge.network.LoginWrapper/FMLHANDSHAKE]: Dispatching wrapped packet reply for channel fml:handshake with index 23
[16Nov2025 09:39:58.845] [Netty Server IO #1/DEBUG] [net.minecraftforge.network.LoginWrapper/FMLHANDSHAKE]: Recieved login wrapper packet event for channel fml:handshake with index 23
[16Nov2025 09:39:58.845] [Netty Server IO #1/DEBUG] [net.minecraftforge.network.HandshakeHandler/FMLHANDSHAKE]: Received client indexed reply 23 of type net.minecraftforge.network.HandshakeMessages$C2SAcknowledge
[16Nov2025 09:39:58.845] [Netty Server IO #1/DEBUG] [net.minecraftforge.network.HandshakeHandler/FMLHANDSHAKE]: Received acknowledgement from client
[16Nov2025 09:39:58.897] [Server thread/DEBUG] [net.minecraftforge.network.HandshakeHandler/FMLHANDSHAKE]: Sending ticking packet info 'Config ars_nouveau/glyph_aoe.toml' to 'fml:handshake' sequence 24
[16Nov2025 09:39:58.897] [Netty Local Client IO #0/DEBUG] [net.minecraftforge.network.LoginWrapper/FMLHANDSHAKE]: Recieved login wrapper packet event for channel fml:handshake with index 24
[16Nov2025 09:39:58.897] [Netty Local Client IO #0/DEBUG] [net.minecraftforge.network.HandshakeHandler/FMLHANDSHAKE]: Received config sync from server
[16Nov2025 09:39:58.897] [Netty Local Client IO #0/DEBUG] [net.minecraftforge.network.LoginWrapper/FMLHANDSHAKE]: Dispatching wrapped packet reply for channel fml:handshake with index 24
[16Nov2025 09:39:58.897] [Netty Server IO #1/DEBUG] [net.minecraftforge.network.LoginWrapper/FMLHANDSHAKE]: Recieved login wrapper packet event for channel fml:handshake with index 24
[16Nov2025 09:39:58.897] [Netty Server IO #1/DEBUG] [net.minecraftforge.network.HandshakeHandler/FMLHANDSHAKE]: Received client indexed reply 24 of type net.minecraftforge.network.HandshakeMessages$C2SAcknowledge
[16Nov2025 09:39:58.897] [Netty Server IO #1/DEBUG] [net.minecraftforge.network.HandshakeHandler/FMLHANDSHAKE]: Received acknowledgement from client
[16Nov2025 09:39:58.947] [Server thread/DEBUG] [net.minecraftforge.network.HandshakeHandler/FMLHANDSHAKE]: Sending ticking packet info 'Config ars_nouveau/glyph_hex.toml' to 'fml:handshake' sequence 25
[16Nov2025 09:39:58.947] [Netty Local Client IO #0/DEBUG] [net.minecraftforge.network.LoginWrapper/FMLHANDSHAKE]: Recieved login wrapper packet event for channel fml:handshake with index 25
[16Nov2025 09:39:58.947] [Netty Local Client IO #0/DEBUG] [net.minecraftforge.network.HandshakeHandler/FMLHANDSHAKE]: Received config sync from server
[16Nov2025 09:39:58.947] [Netty Local Client IO #0/DEBUG] [net.minecraftforge.network.LoginWrapper/FMLHANDSHAKE]: Dispatching wrapped packet reply for channel fml:handshake with index 25
[16Nov2025 09:39:58.947] [Netty Server IO #1/DEBUG] [net.minecraftforge.network.LoginWrapper/FMLHANDSHAKE]: Recieved login wrapper packet event for channel fml:handshake with index 25
[16Nov2025 09:39:58.948] [Netty Server IO #1/DEBUG] [net.minecraftforge.network.HandshakeHandler/FMLHANDSHAKE]: Received client indexed reply 25 of type net.minecraftforge.network.HandshakeMessages$C2SAcknowledge
[16Nov2025 09:39:58.948] [Netty Server IO #1/DEBUG] [net.minecraftforge.network.HandshakeHandler/FMLHANDSHAKE]: Received acknowledgement from client
[16Nov2025 09:39:58.994] [Server thread/DEBUG] [net.minecraftforge.network.HandshakeHandler/FMLHANDSHAKE]: Sending ticking packet info 'Config ars_nouveau/glyph_sensitive.toml' to 'fml:handshake' sequence 26
[16Nov2025 09:39:58.995] [Netty Local Client IO #0/DEBUG] [net.minecraftforge.network.LoginWrapper/FMLHANDSHAKE]: Recieved login wrapper packet event for channel fml:handshake with index 26
[16Nov2025 09:39:58.995] [Netty Local Client IO #0/DEBUG] [net.minecraftforge.network.HandshakeHandler/FMLHANDSHAKE]: Received config sync from server
[16Nov2025 09:39:58.995] [Netty Local Client IO #0/DEBUG] [net.minecraftforge.network.LoginWrapper/FMLHANDSHAKE]: Dispatching wrapped packet reply for channel fml:handshake with index 26
[16Nov2025 09:39:58.995] [Netty Server IO #1/DEBUG] [net.minecraftforge.network.LoginWrapper/FMLHANDSHAKE]: Recieved login wrapper packet event for channel fml:handshake with index 26
[16Nov2025 09:39:58.995] [Netty Server IO #1/DEBUG] [net.minecraftforge.network.HandshakeHandler/FMLHANDSHAKE]: Received client indexed reply 26 of type net.minecraftforge.network.HandshakeMessages$C2SAcknowledge
[16Nov2025 09:39:58.995] [Netty Server IO #1/DEBUG] [net.minecraftforge.network.HandshakeHandler/FMLHANDSHAKE]: Received acknowledgement from client
[16Nov2025 09:39:59.044] [Server thread/DEBUG] [net.minecraftforge.network.HandshakeHandler/FMLHANDSHAKE]: Sending ticking packet info 'Config ars_nouveau/glyph_lightning.toml' to 'fml:handshake' sequence 27
[16Nov2025 09:39:59.044] [Netty Local Client IO #0/DEBUG] [net.minecraftforge.network.LoginWrapper/FMLHANDSHAKE]: Recieved login wrapper packet event for channel fml:handshake with index 27
[16Nov2025 09:39:59.044] [Netty Local Client IO #0/DEBUG] [net.minecraftforge.network.HandshakeHandler/FMLHANDSHAKE]: Received config sync from server
[16Nov2025 09:39:59.044] [Netty Local Client IO #0/DEBUG] [net.minecraftforge.network.LoginWrapper/FMLHANDSHAKE]: Dispatching wrapped packet reply for channel fml:handshake with index 27
[16Nov2025 09:39:59.045] [Netty Server IO #1/DEBUG] [net.minecraftforge.network.LoginWrapper/FMLHANDSHAKE]: Recieved login wrapper packet event for channel fml:handshake with index 27
[16Nov2025 09:39:59.045] [Netty Server IO #1/DEBUG] [net.minecraftforge.network.HandshakeHandler/FMLHANDSHAKE]: Received client indexed reply 27 of type net.minecraftforge.network.HandshakeMessages$C2SAcknowledge
[16Nov2025 09:39:59.045] [Netty Server IO #1/DEBUG] [net.minecraftforge.network.HandshakeHandler/FMLHANDSHAKE]: Received acknowledgement from client
[16Nov2025 09:39:59.095] [Server thread/DEBUG] [net.minecraftforge.network.HandshakeHandler/FMLHANDSHAKE]: Sending ticking packet info 'Config ars_nouveau/glyph_leap.toml' to 'fml:handshake' sequence 28
[16Nov2025 09:39:59.096] [Netty Local Client IO #0/DEBUG] [net.minecraftforge.network.LoginWrapper/FMLHANDSHAKE]: Recieved login wrapper packet event for channel fml:handshake with index 28
[16Nov2025 09:39:59.096] [Netty Local Client IO #0/DEBUG] [net.minecraftforge.network.HandshakeHandler/FMLHANDSHAKE]: Received config sync from server
[16Nov2025 09:39:59.096] [Netty Local Client IO #0/DEBUG] [net.minecraftforge.network.LoginWrapper/FMLHANDSHAKE]: Dispatching wrapped packet reply for channel fml:handshake with index 28
[16Nov2025 09:39:59.096] [Netty Server IO #1/DEBUG] [net.minecraftforge.network.LoginWrapper/FMLHANDSHAKE]: Recieved login wrapper packet event for channel fml:handshake with index 28
[16Nov2025 09:39:59.096] [Netty Server IO #1/DEBUG] [net.minecraftforge.network.HandshakeHandler/FMLHANDSHAKE]: Received client indexed reply 28 of type net.minecraftforge.network.HandshakeMessages$C2SAcknowledge
[16Nov2025 09:39:59.096] [Netty Server IO #1/DEBUG] [net.minecraftforge.network.HandshakeHandler/FMLHANDSHAKE]: Received acknowledgement from client
[16Nov2025 09:39:59.144] [Server thread/DEBUG] [net.minecraftforge.network.HandshakeHandler/FMLHANDSHAKE]: Sending ticking packet info 'Config ars_nouveau/glyph_delay.toml' to 'fml:handshake' sequence 29
[16Nov2025 09:39:59.144] [Netty Local Client IO #0/DEBUG] [net.minecraftforge.network.LoginWrapper/FMLHANDSHAKE]: Recieved login wrapper packet event for channel fml:handshake with index 29
[16Nov2025 09:39:59.145] [Netty Local Client IO #0/DEBUG] [net.minecraftforge.network.HandshakeHandler/FMLHANDSHAKE]: Received config sync from server
[16Nov2025 09:39:59.145] [Netty Local Client IO #0/DEBUG] [net.minecraftforge.network.LoginWrapper/FMLHANDSHAKE]: Dispatching wrapped packet reply for channel fml:handshake with index 29
[16Nov2025 09:39:59.145] [Netty Server IO #1/DEBUG] [net.minecraftforge.network.LoginWrapper/FMLHANDSHAKE]: Recieved login wrapper packet event for channel fml:handshake with index 29
[16Nov2025 09:39:59.145] [Netty Server IO #1/DEBUG] [net.minecraftforge.network.HandshakeHandler/FMLHANDSHAKE]: Received client indexed reply 29 of type net.minecraftforge.network.HandshakeMessages$C2SAcknowledge
[16Nov2025 09:39:59.145] [Netty Server IO #1/DEBUG] [net.minecraftforge.network.HandshakeHandler/FMLHANDSHAKE]: Received acknowledgement from client
[16Nov2025 09:39:59.194] [Server thread/DEBUG] [net.minecraftforge.network.HandshakeHandler/FMLHANDSHAKE]: Sending ticking packet info 'Config ars_nouveau/glyph_pierce.toml' to 'fml:handshake' sequence 30
[16Nov2025 09:39:59.195] [Netty Local Client IO #0/DEBUG] [net.minecraftforge.network.LoginWrapper/FMLHANDSHAKE]: Recieved login wrapper packet event for channel fml:handshake with index 30
[16Nov2025 09:39:59.195] [Netty Local Client IO #0/DEBUG] [net.minecraftforge.network.HandshakeHandler/FMLHANDSHAKE]: Received config sync from server
[16Nov2025 09:39:59.195] [Netty Local Client IO #0/DEBUG] [net.minecraftforge.network.LoginWrapper/FMLHANDSHAKE]: Dispatching wrapped packet reply for channel fml:handshake with index 30
[16Nov2025 09:39:59.195] [Netty Server IO #1/DEBUG] [net.minecraftforge.network.LoginWrapper/FMLHANDSHAKE]: Recieved login wrapper packet event for channel fml:handshake with index 30
[16Nov2025 09:39:59.195] [Netty Server IO #1/DEBUG] [net.minecraftforge.network.HandshakeHandler/FMLHANDSHAKE]: Received client indexed reply 30 of type net.minecraftforge.network.HandshakeMessages$C2SAcknowledge
[16Nov2025 09:39:59.195] [Netty Server IO #1/DEBUG] [net.minecraftforge.network.HandshakeHandler/FMLHANDSHAKE]: Received acknowledgement from client
[16Nov2025 09:39:59.243] [Server thread/DEBUG] [net.minecraftforge.network.HandshakeHandler/FMLHANDSHAKE]: Sending ticking packet info 'Config ars_nouveau/glyph_flare.toml' to 'fml:handshake' sequence 31
[16Nov2025 09:39:59.244] [Netty Local Client IO #0/DEBUG] [net.minecraftforge.network.LoginWrapper/FMLHANDSHAKE]: Recieved login wrapper packet event for channel fml:handshake with index 31
[16Nov2025 09:39:59.244] [Netty Local Client IO #0/DEBUG] [net.minecraftforge.network.HandshakeHandler/FMLHANDSHAKE]: Received config sync from server
[16Nov2025 09:39:59.244] [Netty Local Client IO #0/DEBUG] [net.minecraftforge.network.LoginWrapper/FMLHANDSHAKE]: Dispatching wrapped packet reply for channel fml:handshake with index 31
[16Nov2025 09:39:59.244] [Netty Server IO #1/DEBUG] [net.minecraftforge.network.LoginWrapper/FMLHANDSHAKE]: Recieved login wrapper packet event for channel fml:handshake with index 31
[16Nov2025 09:39:59.244] [Netty Server IO #1/DEBUG] [net.minecraftforge.network.HandshakeHandler/FMLHANDSHAKE]: Received client indexed reply 31 of type net.minecraftforge.network.HandshakeMessages$C2SAcknowledge
[16Nov2025 09:39:59.244] [Netty Server IO #1/DEBUG] [net.minecraftforge.network.HandshakeHandler/FMLHANDSHAKE]: Received acknowledgement from client
[16Nov2025 09:39:59.295] [Server thread/DEBUG] [net.minecraftforge.network.HandshakeHandler/FMLHANDSHAKE]: Sending ticking packet info 'Config ars_nouveau/glyph_pull.toml' to 'fml:handshake' sequence 32
[16Nov2025 09:39:59.295] [Netty Local Client IO #0/DEBUG] [net.minecraftforge.network.LoginWrapper/FMLHANDSHAKE]: Recieved login wrapper packet event for channel fml:handshake with index 32
[16Nov2025 09:39:59.295] [Netty Local Client IO #0/DEBUG] [net.minecraftforge.network.HandshakeHandler/FMLHANDSHAKE]: Received config sync from server
[16Nov2025 09:39:59.295] [Netty Local Client IO #0/DEBUG] [net.minecraftforge.network.LoginWrapper/FMLHANDSHAKE]: Dispatching wrapped packet reply for channel fml:handshake with index 32
[16Nov2025 09:39:59.295] [Netty Server IO #1/DEBUG] [net.minecraftforge.network.LoginWrapper/FMLHANDSHAKE]: Recieved login wrapper packet event for channel fml:handshake with index 32
[16Nov2025 09:39:59.296] [Netty Server IO #1/DEBUG] [net.minecraftforge.network.HandshakeHandler/FMLHANDSHAKE]: Received client indexed reply 32 of type net.minecraftforge.network.HandshakeMessages$C2SAcknowledge
[16Nov2025 09:39:59.296] [Netty Server IO #1/DEBUG] [net.minecraftforge.network.HandshakeHandler/FMLHANDSHAKE]: Received acknowledgement from client
[16Nov2025 09:39:59.344] [Server thread/DEBUG] [net.minecraftforge.network.HandshakeHandler/FMLHANDSHAKE]: Sending ticking packet info 'Config ars_nouveau/glyph_freeze.toml' to 'fml:handshake' sequence 33
[16Nov2025 09:39:59.344] [Netty Local Client IO #0/DEBUG] [net.minecraftforge.network.LoginWrapper/FMLHANDSHAKE]: Recieved login wrapper packet event for channel fml:handshake with index 33
[16Nov2025 09:39:59.344] [Netty Local Client IO #0/DEBUG] [net.minecraftforge.network.HandshakeHandler/FMLHANDSHAKE]: Received config sync from server
[16Nov2025 09:39:59.344] [Netty Local Client IO #0/DEBUG] [net.minecraftforge.network.LoginWrapper/FMLHANDSHAKE]: Dispatching wrapped packet reply for channel fml:handshake with index 33
[16Nov2025 09:39:59.344] [Netty Server IO #1/DEBUG] [net.minecraftforge.network.LoginWrapper/FMLHANDSHAKE]: Recieved login wrapper packet event for channel fml:handshake with index 33
[16Nov2025 09:39:59.344] [Netty Server IO #1/DEBUG] [net.minecraftforge.network.HandshakeHandler/FMLHANDSHAKE]: Received client indexed reply 33 of type net.minecraftforge.network.HandshakeMessages$C2SAcknowledge
[16Nov2025 09:39:59.344] [Netty Server IO #1/DEBUG] [net.minecraftforge.network.HandshakeHandler/FMLHANDSHAKE]: Received acknowledgement from client
[16Nov2025 09:39:59.393] [Server thread/DEBUG] [net.minecraftforge.network.HandshakeHandler/FMLHANDSHAKE]: Sending ticking packet info 'Config ars_nouveau/glyph_toss.toml' to 'fml:handshake' sequence 34
[16Nov2025 09:39:59.395] [Netty Local Client IO #0/DEBUG] [net.minecraftforge.network.LoginWrapper/FMLHANDSHAKE]: Recieved login wrapper packet event for channel fml:handshake with index 34
[16Nov2025 09:39:59.395] [Netty Local Client IO #0/DEBUG] [net.minecraftforge.network.HandshakeHandler/FMLHANDSHAKE]: Received config sync from server
[16Nov2025 09:39:59.395] [Netty Local Client IO #0/DEBUG] [net.minecraftforge.network.LoginWrapper/FMLHANDSHAKE]: Dispatching wrapped packet reply for channel fml:handshake with index 34
[16Nov2025 09:39:59.395] [Netty Server IO #1/DEBUG] [net.minecraftforge.network.LoginWrapper/FMLHANDSHAKE]: Recieved login wrapper packet event for channel fml:handshake with index 34
[16Nov2025 09:39:59.395] [Netty Server IO #1/DEBUG] [net.minecraftforge.network.HandshakeHandler/FMLHANDSHAKE]: Received client indexed reply 34 of type net.minecraftforge.network.HandshakeMessages$C2SAcknowledge
[16Nov2025 09:39:59.395] [Netty Server IO #1/DEBUG] [net.minecraftforge.network.HandshakeHandler/FMLHANDSHAKE]: Received acknowledgement from client
[16Nov2025 09:39:59.444] [Server thread/DEBUG] [net.minecraftforge.network.HandshakeHandler/FMLHANDSHAKE]: Sending ticking packet info 'Config ars_nouveau/glyph_infuse.toml' to 'fml:handshake' sequence 35
[16Nov2025 09:39:59.444] [Netty Local Client IO #0/DEBUG] [net.minecraftforge.network.LoginWrapper/FMLHANDSHAKE]: Recieved login wrapper packet event for channel fml:handshake with index 35
[16Nov2025 09:39:59.444] [Netty Local Client IO #0/DEBUG] [net.minecraftforge.network.HandshakeHandler/FMLHANDSHAKE]: Received config sync from server
[16Nov2025 09:39:59.444] [Netty Local Client IO #0/DEBUG] [net.minecraftforge.network.LoginWrapper/FMLHANDSHAKE]: Dispatching wrapped packet reply for channel fml:handshake with index 35
[16Nov2025 09:39:59.444] [Netty Server IO #1/DEBUG] [net.minecraftforge.network.LoginWrapper/FMLHANDSHAKE]: Recieved login wrapper packet event for channel fml:handshake with index 35
[16Nov2025 09:39:59.444] [Netty Server IO #1/DEBUG] [net.minecraftforge.network.HandshakeHandler/FMLHANDSHAKE]: Received client indexed reply 35 of type net.minecraftforge.network.HandshakeMessages$C2SAcknowledge
[16Nov2025 09:39:59.444] [Netty Server IO #1/DEBUG] [net.minecraftforge.network.HandshakeHandler/FMLHANDSHAKE]: Received acknowledgement from client
[16Nov2025 09:39:59.493] [Server thread/DEBUG] [net.minecraftforge.network.HandshakeHandler/FMLHANDSHAKE]: Sending ticking packet info 'Config ars_nouveau/glyph_gravity.toml' to 'fml:handshake' sequence 36
[16Nov2025 09:39:59.494] [Netty Local Client IO #0/DEBUG] [net.minecraftforge.network.LoginWrapper/FMLHANDSHAKE]: Recieved login wrapper packet event for channel fml:handshake with index 36
[16Nov2025 09:39:59.494] [Netty Local Client IO #0/DEBUG] [net.minecraftforge.network.HandshakeHandler/FMLHANDSHAKE]: Received config sync from server
[16Nov2025 09:39:59.494] [Netty Local Client IO #0/DEBUG] [net.minecraftforge.network.LoginWrapper/FMLHANDSHAKE]: Dispatching wrapped packet reply for channel fml:handshake with index 36
[16Nov2025 09:39:59.494] [Netty Server IO #1/DEBUG] [net.minecraftforge.network.LoginWrapper/FMLHANDSHAKE]: Recieved login wrapper packet event for channel fml:handshake with index 36
[16Nov2025 09:39:59.494] [Netty Server IO #1/DEBUG] [net.minecraftforge.network.HandshakeHandler/FMLHANDSHAKE]: Received client indexed reply 36 of type net.minecraftforge.network.HandshakeMessages$C2SAcknowledge
[16Nov2025 09:39:59.494] [Netty Server IO #1/DEBUG] [net.minecraftforge.network.HandshakeHandler/FMLHANDSHAKE]: Received acknowledgement from client
[16Nov2025 09:39:59.543] [Server thread/DEBUG] [net.minecraftforge.network.HandshakeHandler/FMLHANDSHAKE]: Sending ticking packet info 'Config ars_nouveau/glyph_summon_steed.toml' to 'fml:handshake' sequence 37
[16Nov2025 09:39:59.543] [Netty Local Client IO #0/DEBUG] [net.minecraftforge.network.LoginWrapper/FMLHANDSHAKE]: Recieved login wrapper packet event for channel fml:handshake with index 37
[16Nov2025 09:39:59.543] [Netty Local Client IO #0/DEBUG] [net.minecraftforge.network.HandshakeHandler/FMLHANDSHAKE]: Received config sync from server
[16Nov2025 09:39:59.543] [Netty Local Client IO #0/DEBUG] [net.minecraftforge.network.LoginWrapper/FMLHANDSHAKE]: Dispatching wrapped packet reply for channel fml:handshake with index 37
[16Nov2025 09:39:59.543] [Netty Server IO #1/DEBUG] [net.minecraftforge.network.LoginWrapper/FMLHANDSHAKE]: Recieved login wrapper packet event for channel fml:handshake with index 37
[16Nov2025 09:39:59.543] [Netty Server IO #1/DEBUG] [net.minecraftforge.network.HandshakeHandler/FMLHANDSHAKE]: Received client indexed reply 37 of type net.minecraftforge.network.HandshakeMessages$C2SAcknowledge
[16Nov2025 09:39:59.543] [Netty Server IO #1/DEBUG] [net.minecraftforge.network.HandshakeHandler/FMLHANDSHAKE]: Received acknowledgement from client
[16Nov2025 09:39:59.595] [Server thread/DEBUG] [net.minecraftforge.network.HandshakeHandler/FMLHANDSHAKE]: Sending ticking packet info 'Config ars_nouveau/glyph_phantom_block.toml' to 'fml:handshake' sequence 38
[16Nov2025 09:39:59.595] [Netty Local Client IO #0/DEBUG] [net.minecraftforge.network.LoginWrapper/FMLHANDSHAKE]: Recieved login wrapper packet event for channel fml:handshake with index 38
[16Nov2025 09:39:59.595] [Netty Local Client IO #0/DEBUG] [net.minecraftforge.network.HandshakeHandler/FMLHANDSHAKE]: Received config sync from server
[16Nov2025 09:39:59.595] [Netty Local Client IO #0/DEBUG] [net.minecraftforge.network.LoginWrapper/FMLHANDSHAKE]: Dispatching wrapped packet reply for channel fml:handshake with index 38
[16Nov2025 09:39:59.595] [Netty Server IO #1/DEBUG] [net.minecraftforge.network.LoginWrapper/FMLHANDSHAKE]: Recieved login wrapper packet event for channel fml:handshake with index 38
[16Nov2025 09:39:59.595] [Netty Server IO #1/DEBUG] [net.minecraftforge.network.HandshakeHandler/FMLHANDSHAKE]: Received client indexed reply 38 of type net.minecraftforge.network.HandshakeMessages$C2SAcknowledge
[16Nov2025 09:39:59.595] [Netty Server IO #1/DEBUG] [net.minecraftforge.network.HandshakeHandler/FMLHANDSHAKE]: Received acknowledgement from client
[16Nov2025 09:39:59.644] [Server thread/DEBUG] [net.minecraftforge.network.HandshakeHandler/FMLHANDSHAKE]: Sending ticking packet info 'Config ars_nouveau/glyph_launch.toml' to 'fml:handshake' sequence 39
[16Nov2025 09:39:59.645] [Netty Local Client IO #0/DEBUG] [net.minecraftforge.network.LoginWrapper/FMLHANDSHAKE]: Recieved login wrapper packet event for channel fml:handshake with index 39
[16Nov2025 09:39:59.645] [Netty Local Client IO #0/DEBUG] [net.minecraftforge.network.HandshakeHandler/FMLHANDSHAKE]: Received config sync from server
[16Nov2025 09:39:59.645] [Netty Local Client IO #0/DEBUG] [net.minecraftforge.network.LoginWrapper/FMLHANDSHAKE]: Dispatching wrapped packet reply for channel fml:handshake with index 39
[16Nov2025 09:39:59.645] [Netty Server IO #1/DEBUG] [net.minecraftforge.network.LoginWrapper/FMLHANDSHAKE]: Recieved login wrapper packet event for channel fml:handshake with index 39
[16Nov2025 09:39:59.645] [Netty Server IO #1/DEBUG] [net.minecraftforge.network.HandshakeHandler/FMLHANDSHAKE]: Received client indexed reply 39 of type net.minecraftforge.network.HandshakeMessages$C2SAcknowledge
[16Nov2025 09:39:59.645] [Netty Server IO #1/DEBUG] [net.minecraftforge.network.HandshakeHandler/FMLHANDSHAKE]: Received acknowledgement from client
[16Nov2025 09:39:59.693] [Server thread/DEBUG] [net.minecraftforge.network.HandshakeHandler/FMLHANDSHAKE]: Sending ticking packet info 'Config ars_nouveau/glyph_smelt.toml' to 'fml:handshake' sequence 40
[16Nov2025 09:39:59.694] [Netty Local Client IO #0/DEBUG] [net.minecraftforge.network.LoginWrapper/FMLHANDSHAKE]: Recieved login wrapper packet event for channel fml:handshake with index 40
[16Nov2025 09:39:59.694] [Netty Local Client IO #0/DEBUG] [net.minecraftforge.network.HandshakeHandler/FMLHANDSHAKE]: Received config sync from server
[16Nov2025 09:39:59.694] [Netty Local Client IO #0/DEBUG] [net.minecraftforge.network.LoginWrapper/FMLHANDSHAKE]: Dispatching wrapped packet reply for channel fml:handshake with index 40
[16Nov2025 09:39:59.694] [Netty Server IO #1/DEBUG] [net.minecraftforge.network.LoginWrapper/FMLHANDSHAKE]: Recieved login wrapper packet event for channel fml:handshake with index 40
[16Nov2025 09:39:59.694] [Netty Server IO #1/DEBUG] [net.minecraftforge.network.HandshakeHandler/FMLHANDSHAKE]: Received client indexed reply 40 of type net.minecraftforge.network.HandshakeMessages$C2SAcknowledge
[16Nov2025 09:39:59.694] [Netty Server IO #1/DEBUG] [net.minecraftforge.network.HandshakeHandler/FMLHANDSHAKE]: Received acknowledgement from client
[16Nov2025 09:39:59.744] [Server thread/DEBUG] [net.minecraftforge.network.HandshakeHandler/FMLHANDSHAKE]: Sending ticking packet info 'Config ars_nouveau/glyph_crush.toml' to 'fml:handshake' sequence 41
[16Nov2025 09:39:59.745] [Netty Local Client IO #0/DEBUG] [net.minecraftforge.network.LoginWrapper/FMLHANDSHAKE]: Recieved login wrapper packet event for channel fml:handshake with index 41
[16Nov2025 09:39:59.745] [Netty Local Client IO #0/DEBUG] [net.minecraftforge.network.HandshakeHandler/FMLHANDSHAKE]: Received config sync from server
[16Nov2025 09:39:59.745] [Netty Local Client IO #0/DEBUG] [net.minecraftforge.network.LoginWrapper/FMLHANDSHAKE]: Dispatching wrapped packet reply for channel fml:handshake with index 41
[16Nov2025 09:39:59.745] [Netty Server IO #1/DEBUG] [net.minecraftforge.network.LoginWrapper/FMLHANDSHAKE]: Recieved login wrapper packet event for channel fml:handshake with index 41
[16Nov2025 09:39:59.745] [Netty Server IO #1/DEBUG] [net.minecraftforge.network.HandshakeHandler/FMLHANDSHAKE]: Received client indexed reply 41 of type net.minecraftforge.network.HandshakeMessages$C2SAcknowledge
[16Nov2025 09:39:59.745] [Netty Server IO #1/DEBUG] [net.minecraftforge.network.HandshakeHandler/FMLHANDSHAKE]: Received acknowledgement from client
[16Nov2025 09:39:59.795] [Server thread/DEBUG] [net.minecraftforge.network.HandshakeHandler/FMLHANDSHAKE]: Sending ticking packet info 'Config ars_nouveau/glyph_ignite.toml' to 'fml:handshake' sequence 42
[16Nov2025 09:39:59.795] [Netty Local Client IO #0/DEBUG] [net.minecraftforge.network.LoginWrapper/FMLHANDSHAKE]: Recieved login wrapper packet event for channel fml:handshake with index 42
[16Nov2025 09:39:59.796] [Netty Local Client IO #0/DEBUG] [net.minecraftforge.network.HandshakeHandler/FMLHANDSHAKE]: Received config sync from server
[16Nov2025 09:39:59.796] [Netty Local Client IO #0/DEBUG] [net.minecraftforge.network.LoginWrapper/FMLHANDSHAKE]: Dispatching wrapped packet reply for channel fml:handshake with index 42
[16Nov2025 09:39:59.796] [Netty Server IO #1/DEBUG] [net.minecraftforge.network.LoginWrapper/FMLHANDSHAKE]: Recieved login wrapper packet event for channel fml:handshake with index 42
[16Nov2025 09:39:59.796] [Netty Server IO #1/DEBUG] [net.minecraftforge.network.HandshakeHandler/FMLHANDSHAKE]: Received client indexed reply 42 of type net.minecraftforge.network.HandshakeMessages$C2SAcknowledge
[16Nov2025 09:39:59.796] [Netty Server IO #1/DEBUG] [net.minecraftforge.network.HandshakeHandler/FMLHANDSHAKE]: Received acknowledgement from client
[16Nov2025 09:39:59.844] [Server thread/DEBUG] [net.minecraftforge.network.HandshakeHandler/FMLHANDSHAKE]: Sending ticking packet info 'Config ars_nouveau/glyph_dispel.toml' to 'fml:handshake' sequence 43
[16Nov2025 09:39:59.844] [Netty Local Client IO #0/DEBUG] [net.minecraftforge.network.LoginWrapper/FMLHANDSHAKE]: Recieved login wrapper packet event for channel fml:handshake with index 43
[16Nov2025 09:39:59.844] [Netty Local Client IO #0/DEBUG] [net.minecraftforge.network.HandshakeHandler/FMLHANDSHAKE]: Received config sync from server
[16Nov2025 09:39:59.844] [Netty Local Client IO #0/DEBUG] [net.minecraftforge.network.LoginWrapper/FMLHANDSHAKE]: Dispatching wrapped packet reply for channel fml:handshake with index 43
[16Nov2025 09:39:59.844] [Netty Server IO #1/DEBUG] [net.minecraftforge.network.LoginWrapper/FMLHANDSHAKE]: Recieved login wrapper packet event for channel fml:handshake with index 43
[16Nov2025 09:39:59.844] [Netty Server IO #1/DEBUG] [net.minecraftforge.network.HandshakeHandler/FMLHANDSHAKE]: Received client indexed reply 43 of type net.minecraftforge.network.HandshakeMessages$C2SAcknowledge
[16Nov2025 09:39:59.844] [Netty Server IO #1/DEBUG] [net.minecraftforge.network.HandshakeHandler/FMLHANDSHAKE]: Received acknowledgement from client
[16Nov2025 09:39:59.893] [Server thread/DEBUG] [net.minecraftforge.network.HandshakeHandler/FMLHANDSHAKE]: Sending ticking packet info 'Config ars_nouveau/glyph_firework.toml' to 'fml:handshake' sequence 44
[16Nov2025 09:39:59.894] [Netty Local Client IO #0/DEBUG] [net.minecraftforge.network.LoginWrapper/FMLHANDSHAKE]: Recieved login wrapper packet event for channel fml:handshake with index 44
[16Nov2025 09:39:59.894] [Netty Local Client IO #0/DEBUG] [net.minecraftforge.network.HandshakeHandler/FMLHANDSHAKE]: Received config sync from server
[16Nov2025 09:39:59.894] [Netty Local Client IO #0/DEBUG] [net.minecraftforge.network.LoginWrapper/FMLHANDSHAKE]: Dispatching wrapped packet reply for channel fml:handshake with index 44
[16Nov2025 09:39:59.894] [Netty Server IO #1/DEBUG] [net.minecraftforge.network.LoginWrapper/FMLHANDSHAKE]: Recieved login wrapper packet event for channel fml:handshake with index 44
[16Nov2025 09:39:59.894] [Netty Server IO #1/DEBUG] [net.minecraftforge.network.HandshakeHandler/FMLHANDSHAKE]: Received client indexed reply 44 of type net.minecraftforge.network.HandshakeMessages$C2SAcknowledge
[16Nov2025 09:39:59.894] [Netty Server IO #1/DEBUG] [net.minecraftforge.network.HandshakeHandler/FMLHANDSHAKE]: Received acknowledgement from client
[16Nov2025 09:39:59.944] [Server thread/DEBUG] [net.minecraftforge.network.HandshakeHandler/FMLHANDSHAKE]: Sending ticking packet info 'Config ars_nouveau/glyph_randomize.toml' to 'fml:handshake' sequence 45
[16Nov2025 09:39:59.945] [Netty Local Client IO #0/DEBUG] [net.minecraftforge.network.LoginWrapper/FMLHANDSHAKE]: Recieved login wrapper packet event for channel fml:handshake with index 45
[16Nov2025 09:39:59.945] [Netty Local Client IO #0/DEBUG] [net.minecraftforge.network.HandshakeHandler/FMLHANDSHAKE]: Received config sync from server
[16Nov2025 09:39:59.945] [Netty Local Client IO #0/DEBUG] [net.minecraftforge.network.LoginWrapper/FMLHANDSHAKE]: Dispatching wrapped packet reply for channel fml:handshake with index 45
[16Nov2025 09:39:59.945] [Netty Server IO #1/DEBUG] [net.minecraftforge.network.LoginWrapper/FMLHANDSHAKE]: Recieved login wrapper packet event for channel fml:handshake with index 45
[16Nov2025 09:39:59.945] [Netty Server IO #1/DEBUG] [net.minecraftforge.network.HandshakeHandler/FMLHANDSHAKE]: Received client indexed reply 45 of type net.minecraftforge.network.HandshakeMessages$C2SAcknowledge
[16Nov2025 09:39:59.945] [Netty Server IO #1/DEBUG] [net.minecraftforge.network.HandshakeHandler/FMLHANDSHAKE]: Received acknowledgement from client
[16Nov2025 09:39:59.994] [Server thread/DEBUG] [net.minecraftforge.network.HandshakeHandler/FMLHANDSHAKE]: Sending ticking packet info 'Config ars_nouveau/glyph_harm.toml' to 'fml:handshake' sequence 46
[16Nov2025 09:39:59.995] [Netty Local Client IO #0/DEBUG] [net.minecraftforge.network.LoginWrapper/FMLHANDSHAKE]: Recieved login wrapper packet event for channel fml:handshake with index 46
[16Nov2025 09:39:59.995] [Netty Local Client IO #0/DEBUG] [net.minecraftforge.network.HandshakeHandler/FMLHANDSHAKE]: Received config sync from server
[16Nov2025 09:39:59.995] [Netty Local Client IO #0/DEBUG] [net.minecraftforge.network.LoginWrapper/FMLHANDSHAKE]: Dispatching wrapped packet reply for channel fml:handshake with index 46
[16Nov2025 09:39:59.995] [Netty Server IO #1/DEBUG] [net.minecraftforge.network.LoginWrapper/FMLHANDSHAKE]: Recieved login wrapper packet event for channel fml:handshake with index 46
[16Nov2025 09:39:59.995] [Netty Server IO #1/DEBUG] [net.minecraftforge.network.HandshakeHandler/FMLHANDSHAKE]: Received client indexed reply 46 of type net.minecraftforge.network.HandshakeMessages$C2SAcknowledge
[16Nov2025 09:39:59.995] [Netty Server IO #1/DEBUG] [net.minecraftforge.network.HandshakeHandler/FMLHANDSHAKE]: Received acknowledgement from client
[16Nov2025 09:40:00.044] [Server thread/DEBUG] [net.minecraftforge.network.HandshakeHandler/FMLHANDSHAKE]: Sending ticking packet info 'Config ars_nouveau/glyph_light.toml' to 'fml:handshake' sequence 47
[16Nov2025 09:40:00.045] [Netty Local Client IO #0/DEBUG] [net.minecraftforge.network.LoginWrapper/FMLHANDSHAKE]: Recieved login wrapper packet event for channel fml:handshake with index 47
[16Nov2025 09:40:00.045] [Netty Local Client IO #0/DEBUG] [net.minecraftforge.network.HandshakeHandler/FMLHANDSHAKE]: Received config sync from server
[16Nov2025 09:40:00.045] [Netty Local Client IO #0/DEBUG] [net.minecraftforge.network.LoginWrapper/FMLHANDSHAKE]: Dispatching wrapped packet reply for channel fml:handshake with index 47
[16Nov2025 09:40:00.045] [Netty Server IO #1/DEBUG] [net.minecraftforge.network.LoginWrapper/FMLHANDSHAKE]: Recieved login wrapper packet event for channel fml:handshake with index 47
[16Nov2025 09:40:00.045] [Netty Server IO #1/DEBUG] [net.minecraftforge.network.HandshakeHandler/FMLHANDSHAKE]: Received client indexed reply 47 of type net.minecraftforge.network.HandshakeMessages$C2SAcknowledge
[16Nov2025 09:40:00.045] [Netty Server IO #1/DEBUG] [net.minecraftforge.network.HandshakeHandler/FMLHANDSHAKE]: Received acknowledgement from client
[16Nov2025 09:40:00.094] [Server thread/DEBUG] [net.minecraftforge.network.HandshakeHandler/FMLHANDSHAKE]: Sending ticking packet info 'Config ars_nouveau/glyph_wall.toml' to 'fml:handshake' sequence 48
[16Nov2025 09:40:00.094] [Netty Local Client IO #0/DEBUG] [net.minecraftforge.network.LoginWrapper/FMLHANDSHAKE]: Recieved login wrapper packet event for channel fml:handshake with index 48
[16Nov2025 09:40:00.094] [Netty Local Client IO #0/DEBUG] [net.minecraftforge.network.HandshakeHandler/FMLHANDSHAKE]: Received config sync from server
[16Nov2025 09:40:00.094] [Netty Local Client IO #0/DEBUG] [net.minecraftforge.network.LoginWrapper/FMLHANDSHAKE]: Dispatching wrapped packet reply for channel fml:handshake with index 48
[16Nov2025 09:40:00.094] [Netty Server IO #1/DEBUG] [net.minecraftforge.network.LoginWrapper/FMLHANDSHAKE]: Recieved login wrapper packet event for channel fml:handshake with index 48
[16Nov2025 09:40:00.094] [Netty Server IO #1/DEBUG] [net.minecraftforge.network.HandshakeHandler/FMLHANDSHAKE]: Received client indexed reply 48 of type net.minecraftforge.network.HandshakeMessages$C2SAcknowledge
[16Nov2025 09:40:00.095] [Netty Server IO #1/DEBUG] [net.minecraftforge.network.HandshakeHandler/FMLHANDSHAKE]: Received acknowledgement from client
[16Nov2025 09:40:00.144] [Server thread/DEBUG] [net.minecraftforge.network.HandshakeHandler/FMLHANDSHAKE]: Sending ticking packet info 'Config ars_nouveau/glyph_orbit.toml' to 'fml:handshake' sequence 49
[16Nov2025 09:40:00.145] [Netty Local Client IO #0/DEBUG] [net.minecraftforge.network.LoginWrapper/FMLHANDSHAKE]: Recieved login wrapper packet event for channel fml:handshake with index 49
[16Nov2025 09:40:00.145] [Netty Local Client IO #0/DEBUG] [net.minecraftforge.network.HandshakeHandler/FMLHANDSHAKE]: Received config sync from server
[16Nov2025 09:40:00.145] [Netty Local Client IO #0/DEBUG] [net.minecraftforge.network.LoginWrapper/FMLHANDSHAKE]: Dispatching wrapped packet reply for channel fml:handshake with index 49
[16Nov2025 09:40:00.145] [Netty Server IO #1/DEBUG] [net.minecraftforge.network.LoginWrapper/FMLHANDSHAKE]: Recieved login wrapper packet event for channel fml:handshake with index 49
[16Nov2025 09:40:00.145] [Netty Server IO #1/DEBUG] [net.minecraftforge.network.HandshakeHandler/FMLHANDSHAKE]: Received client indexed reply 49 of type net.minecraftforge.network.HandshakeMessages$C2SAcknowledge
[16Nov2025 09:40:00.145] [Netty Server IO #1/DEBUG] [net.minecraftforge.network.HandshakeHandler/FMLHANDSHAKE]: Received acknowledgement from client
[16Nov2025 09:40:00.197] [Server thread/DEBUG] [net.minecraftforge.network.HandshakeHandler/FMLHANDSHAKE]: Sending ticking packet info 'Config ars_nouveau/glyph_explosion.toml' to 'fml:handshake' sequence 50
[16Nov2025 09:40:00.197] [Netty Local Client IO #0/DEBUG] [net.minecraftforge.network.LoginWrapper/FMLHANDSHAKE]: Recieved login wrapper packet event for channel fml:handshake with index 50
[16Nov2025 09:40:00.197] [Netty Local Client IO #0/DEBUG] [net.minecraftforge.network.HandshakeHandler/FMLHANDSHAKE]: Received config sync from server
[16Nov2025 09:40:00.197] [Netty Local Client IO #0/DEBUG] [net.minecraftforge.network.LoginWrapper/FMLHANDSHAKE]: Dispatching wrapped packet reply for channel fml:handshake with index 50
[16Nov2025 09:40:00.197] [Netty Server IO #1/DEBUG] [net.minecraftforge.network.LoginWrapper/FMLHANDSHAKE]: Recieved login wrapper packet event for channel fml:handshake with index 50
[16Nov2025 09:40:00.197] [Netty Server IO #1/DEBUG] [net.minecraftforge.network.HandshakeHandler/FMLHANDSHAKE]: Received client indexed reply 50 of type net.minecraftforge.network.HandshakeMessages$C2SAcknowledge
[16Nov2025 09:40:00.197] [Netty Server IO #1/DEBUG] [net.minecraftforge.network.HandshakeHandler/FMLHANDSHAKE]: Received acknowledgement from client
[16Nov2025 09:40:00.245] [Server thread/DEBUG] [net.minecraftforge.network.HandshakeHandler/FMLHANDSHAKE]: Sending ticking packet info 'Config ars_nouveau/glyph_fell.toml' to 'fml:handshake' sequence 51
[16Nov2025 09:40:00.245] [Netty Local Client IO #0/DEBUG] [net.minecraftforge.network.LoginWrapper/FMLHANDSHAKE]: Recieved login wrapper packet event for channel fml:handshake with index 51
[16Nov2025 09:40:00.245] [Netty Local Client IO #0/DEBUG] [net.minecraftforge.network.HandshakeHandler/FMLHANDSHAKE]: Received config sync from server
[16Nov2025 09:40:00.245] [Netty Local Client IO #0/DEBUG] [net.minecraftforge.network.LoginWrapper/FMLHANDSHAKE]: Dispatching wrapped packet reply for channel fml:handshake with index 51
[16Nov2025 09:40:00.245] [Netty Server IO #1/DEBUG] [net.minecraftforge.network.LoginWrapper/FMLHANDSHAKE]: Recieved login wrapper packet event for channel fml:handshake with index 51
[16Nov2025 09:40:00.245] [Netty Server IO #1/DEBUG] [net.minecraftforge.network.HandshakeHandler/FMLHANDSHAKE]: Received client indexed reply 51 of type net.minecraftforge.network.HandshakeMessages$C2SAcknowledge
[16Nov2025 09:40:00.245] [Netty Server IO #1/DEBUG] [net.minecraftforge.network.HandshakeHandler/FMLHANDSHAKE]: Received acknowledgement from client
[16Nov2025 09:40:00.295] [Server thread/DEBUG] [net.minecraftforge.network.HandshakeHandler/FMLHANDSHAKE]: Sending ticking packet info 'Config ars_nouveau/glyph_rune.toml' to 'fml:handshake' sequence 52
[16Nov2025 09:40:00.295] [Netty Local Client IO #0/DEBUG] [net.minecraftforge.network.LoginWrapper/FMLHANDSHAKE]: Recieved login wrapper packet event for channel fml:handshake with index 52
[16Nov2025 09:40:00.295] [Netty Local Client IO #0/DEBUG] [net.minecraftforge.network.HandshakeHandler/FMLHANDSHAKE]: Received config sync from server
[16Nov2025 09:40:00.295] [Netty Local Client IO #0/DEBUG] [net.minecraftforge.network.LoginWrapper/FMLHANDSHAKE]: Dispatching wrapped packet reply for channel fml:handshake with index 52
[16Nov2025 09:40:00.296] [Netty Server IO #1/DEBUG] [net.minecraftforge.network.LoginWrapper/FMLHANDSHAKE]: Recieved login wrapper packet event for channel fml:handshake with index 52
[16Nov2025 09:40:00.296] [Netty Server IO #1/DEBUG] [net.minecraftforge.network.HandshakeHandler/FMLHANDSHAKE]: Received client indexed reply 52 of type net.minecraftforge.network.HandshakeMessages$C2SAcknowledge
[16Nov2025 09:40:00.296] [Netty Server IO #1/DEBUG] [net.minecraftforge.network.HandshakeHandler/FMLHANDSHAKE]: Received acknowledgement from client
[16Nov2025 09:40:00.345] [Server thread/DEBUG] [net.minecraftforge.network.HandshakeHandler/FMLHANDSHAKE]: Sending ticking packet info 'Config ars_nouveau/glyph_craft.toml' to 'fml:handshake' sequence 53
[16Nov2025 09:40:00.345] [Netty Local Client IO #0/DEBUG] [net.minecraftforge.network.LoginWrapper/FMLHANDSHAKE]: Recieved login wrapper packet event for channel fml:handshake with index 53
[16Nov2025 09:40:00.345] [Netty Local Client IO #0/DEBUG] [net.minecraftforge.network.HandshakeHandler/FMLHANDSHAKE]: Received config sync from server
[16Nov2025 09:40:00.345] [Netty Local Client IO #0/DEBUG] [net.minecraftforge.network.LoginWrapper/FMLHANDSHAKE]: Dispatching wrapped packet reply for channel fml:handshake with index 53
[16Nov2025 09:40:00.346] [Netty Server IO #1/DEBUG] [net.minecraftforge.network.LoginWrapper/FMLHANDSHAKE]: Recieved login wrapper packet event for channel fml:handshake with index 53
[16Nov2025 09:40:00.346] [Netty Server IO #1/DEBUG] [net.minecraftforge.network.HandshakeHandler/FMLHANDSHAKE]: Received client indexed reply 53 of type net.minecraftforge.network.HandshakeMessages$C2SAcknowledge
[16Nov2025 09:40:00.346] [Netty Server IO #1/DEBUG] [net.minecraftforge.network.HandshakeHandler/FMLHANDSHAKE]: Received acknowledgement from client
[16Nov2025 09:40:00.394] [Server thread/DEBUG] [net.minecraftforge.network.HandshakeHandler/FMLHANDSHAKE]: Sending ticking packet info 'Config ars_nouveau/wololo.toml' to 'fml:handshake' sequence 54
[16Nov2025 09:40:00.394] [Netty Local Client IO #0/DEBUG] [net.minecraftforge.network.LoginWrapper/FMLHANDSHAKE]: Recieved login wrapper packet event for channel fml:handshake with index 54
[16Nov2025 09:40:00.394] [Netty Local Client IO #0/DEBUG] [net.minecraftforge.network.HandshakeHandler/FMLHANDSHAKE]: Received config sync from server
[16Nov2025 09:40:00.394] [Netty Local Client IO #0/DEBUG] [net.minecraftforge.network.LoginWrapper/FMLHANDSHAKE]: Dispatching wrapped packet reply for channel fml:handshake with index 54
[16Nov2025 09:40:00.394] [Netty Server IO #1/DEBUG] [net.minecraftforge.network.LoginWrapper/FMLHANDSHAKE]: Recieved login wrapper packet event for channel fml:handshake with index 54
[16Nov2025 09:40:00.394] [Netty Server IO #1/DEBUG] [net.minecraftforge.network.HandshakeHandler/FMLHANDSHAKE]: Received client indexed reply 54 of type net.minecraftforge.network.HandshakeMessages$C2SAcknowledge
[16Nov2025 09:40:00.394] [Netty Server IO #1/DEBUG] [net.minecraftforge.network.HandshakeHandler/FMLHANDSHAKE]: Received acknowledgement from client
[16Nov2025 09:40:00.444] [Server thread/DEBUG] [net.minecraftforge.network.HandshakeHandler/FMLHANDSHAKE]: Sending ticking packet info 'Config ars_nouveau-server.toml' to 'fml:handshake' sequence 55
[16Nov2025 09:40:00.444] [Netty Local Client IO #0/DEBUG] [net.minecraftforge.network.LoginWrapper/FMLHANDSHAKE]: Recieved login wrapper packet event for channel fml:handshake with index 55
[16Nov2025 09:40:00.444] [Netty Local Client IO #0/DEBUG] [net.minecraftforge.network.HandshakeHandler/FMLHANDSHAKE]: Received config sync from server
[16Nov2025 09:40:00.444] [Netty Local Client IO #0/DEBUG] [net.minecraftforge.network.LoginWrapper/FMLHANDSHAKE]: Dispatching wrapped packet reply for channel fml:handshake with index 55
[16Nov2025 09:40:00.444] [Netty Server IO #1/DEBUG] [net.minecraftforge.network.LoginWrapper/FMLHANDSHAKE]: Recieved login wrapper packet event for channel fml:handshake with index 55
[16Nov2025 09:40:00.444] [Netty Server IO #1/DEBUG] [net.minecraftforge.network.HandshakeHandler/FMLHANDSHAKE]: Received client indexed reply 55 of type net.minecraftforge.network.HandshakeMessages$C2SAcknowledge
[16Nov2025 09:40:00.445] [Netty Server IO #1/DEBUG] [net.minecraftforge.network.HandshakeHandler/FMLHANDSHAKE]: Received acknowledgement from client
[16Nov2025 09:40:00.494] [Server thread/DEBUG] [net.minecraftforge.network.HandshakeHandler/FMLHANDSHAKE]: Sending ticking packet info 'Config ars_nouveau/glyph_conjure_water.toml' to 'fml:handshake' sequence 56
[16Nov2025 09:40:00.495] [Netty Local Client IO #0/DEBUG] [net.minecraftforge.network.LoginWrapper/FMLHANDSHAKE]: Recieved login wrapper packet event for channel fml:handshake with index 56
[16Nov2025 09:40:00.495] [Netty Local Client IO #0/DEBUG] [net.minecraftforge.network.HandshakeHandler/FMLHANDSHAKE]: Received config sync from server
[16Nov2025 09:40:00.495] [Netty Local Client IO #0/DEBUG] [net.minecraftforge.network.LoginWrapper/FMLHANDSHAKE]: Dispatching wrapped packet reply for channel fml:handshake with index 56
[16Nov2025 09:40:00.495] [Netty Server IO #1/DEBUG] [net.minecraftforge.network.LoginWrapper/FMLHANDSHAKE]: Recieved login wrapper packet event for channel fml:handshake with index 56
[16Nov2025 09:40:00.495] [Netty Server IO #1/DEBUG] [net.minecraftforge.network.HandshakeHandler/FMLHANDSHAKE]: Received client indexed reply 56 of type net.minecraftforge.network.HandshakeMessages$C2SAcknowledge
[16Nov2025 09:40:00.495] [Netty Server IO #1/DEBUG] [net.minecraftforge.network.HandshakeHandler/FMLHANDSHAKE]: Received acknowledgement from client
[16Nov2025 09:40:00.544] [Server thread/DEBUG] [net.minecraftforge.network.HandshakeHandler/FMLHANDSHAKE]: Sending ticking packet info 'Config ars_nouveau/glyph_extend_time.toml' to 'fml:handshake' sequence 57
[16Nov2025 09:40:00.545] [Netty Local Client IO #0/DEBUG] [net.minecraftforge.network.LoginWrapper/FMLHANDSHAKE]: Recieved login wrapper packet event for channel fml:handshake with index 57
[16Nov2025 09:40:00.545] [Netty Local Client IO #0/DEBUG] [net.minecraftforge.network.HandshakeHandler/FMLHANDSHAKE]: Received config sync from server
[16Nov2025 09:40:00.545] [Netty Local Client IO #0/DEBUG] [net.minecraftforge.network.LoginWrapper/FMLHANDSHAKE]: Dispatching wrapped packet reply for channel fml:handshake with index 57
[16Nov2025 09:40:00.545] [Netty Server IO #1/DEBUG] [net.minecraftforge.network.LoginWrapper/FMLHANDSHAKE]: Recieved login wrapper packet event for channel fml:handshake with index 57
[16Nov2025 09:40:00.545] [Netty Server IO #1/DEBUG] [net.minecraftforge.network.HandshakeHandler/FMLHANDSHAKE]: Received client indexed reply 57 of type net.minecraftforge.network.HandshakeMessages$C2SAcknowledge
[16Nov2025 09:40:00.545] [Netty Server IO #1/DEBUG] [net.minecraftforge.network.HandshakeHandler/FMLHANDSHAKE]: Received acknowledgement from client
[16Nov2025 09:40:00.594] [Server thread/DEBUG] [net.minecraftforge.network.HandshakeHandler/FMLHANDSHAKE]: Sending ticking packet info 'Config ars_nouveau/glyph_interact.toml' to 'fml:handshake' sequence 58
[16Nov2025 09:40:00.594] [Netty Local Client IO #0/DEBUG] [net.minecraftforge.network.LoginWrapper/FMLHANDSHAKE]: Recieved login wrapper packet event for channel fml:handshake with index 58
[16Nov2025 09:40:00.594] [Netty Local Client IO #0/DEBUG] [net.minecraftforge.network.HandshakeHandler/FMLHANDSHAKE]: Received config sync from server
[16Nov2025 09:40:00.594] [Netty Local Client IO #0/DEBUG] [net.minecraftforge.network.LoginWrapper/FMLHANDSHAKE]: Dispatching wrapped packet reply for channel fml:handshake with index 58
[16Nov2025 09:40:00.595] [Netty Server IO #1/DEBUG] [net.minecraftforge.network.LoginWrapper/FMLHANDSHAKE]: Recieved login wrapper packet event for channel fml:handshake with index 58
[16Nov2025 09:40:00.595] [Netty Server IO #1/DEBUG] [net.minecraftforge.network.HandshakeHandler/FMLHANDSHAKE]: Received client indexed reply 58 of type net.minecraftforge.network.HandshakeMessages$C2SAcknowledge
[16Nov2025 09:40:00.595] [Netty Server IO #1/DEBUG] [net.minecraftforge.network.HandshakeHandler/FMLHANDSHAKE]: Received acknowledgement from client
[16Nov2025 09:40:00.644] [Server thread/DEBUG] [net.minecraftforge.network.HandshakeHandler/FMLHANDSHAKE]: Sending ticking packet info 'Config ars_nouveau/glyph_cold_snap.toml' to 'fml:handshake' sequence 59
[16Nov2025 09:40:00.644] [Netty Local Client IO #0/DEBUG] [net.minecraftforge.network.LoginWrapper/FMLHANDSHAKE]: Recieved login wrapper packet event for channel fml:handshake with index 59
[16Nov2025 09:40:00.644] [Netty Local Client IO #0/DEBUG] [net.minecraftforge.network.HandshakeHandler/FMLHANDSHAKE]: Received config sync from server
[16Nov2025 09:40:00.644] [Netty Local Client IO #0/DEBUG] [net.minecraftforge.network.LoginWrapper/FMLHANDSHAKE]: Dispatching wrapped packet reply for channel fml:handshake with index 59
[16Nov2025 09:40:00.644] [Netty Server IO #1/DEBUG] [net.minecraftforge.network.LoginWrapper/FMLHANDSHAKE]: Recieved login wrapper packet event for channel fml:handshake with index 59
[16Nov2025 09:40:00.644] [Netty Server IO #1/DEBUG] [net.minecraftforge.network.HandshakeHandler/FMLHANDSHAKE]: Received client indexed reply 59 of type net.minecraftforge.network.HandshakeMessages$C2SAcknowledge
[16Nov2025 09:40:00.644] [Netty Server IO #1/DEBUG] [net.minecraftforge.network.HandshakeHandler/FMLHANDSHAKE]: Received acknowledgement from client
[16Nov2025 09:40:00.695] [Server thread/DEBUG] [net.minecraftforge.network.HandshakeHandler/FMLHANDSHAKE]: Sending ticking packet info 'Config ars_nouveau/glyph_self.toml' to 'fml:handshake' sequence 60
[16Nov2025 09:40:00.695] [Netty Local Client IO #0/DEBUG] [net.minecraftforge.network.LoginWrapper/FMLHANDSHAKE]: Recieved login wrapper packet event for channel fml:handshake with index 60
[16Nov2025 09:40:00.695] [Netty Local Client IO #0/DEBUG] [net.minecraftforge.network.HandshakeHandler/FMLHANDSHAKE]: Received config sync from server
[16Nov2025 09:40:00.695] [Netty Local Client IO #0/DEBUG] [net.minecraftforge.network.LoginWrapper/FMLHANDSHAKE]: Dispatching wrapped packet reply for channel fml:handshake with index 60
[16Nov2025 09:40:00.695] [Netty Server IO #1/DEBUG] [net.minecraftforge.network.LoginWrapper/FMLHANDSHAKE]: Recieved login wrapper packet event for channel fml:handshake with index 60
[16Nov2025 09:40:00.695] [Netty Server IO #1/DEBUG] [net.minecraftforge.network.HandshakeHandler/FMLHANDSHAKE]: Received client indexed reply 60 of type net.minecraftforge.network.HandshakeMessages$C2SAcknowledge
[16Nov2025 09:40:00.695] [Netty Server IO #1/DEBUG] [net.minecraftforge.network.HandshakeHandler/FMLHANDSHAKE]: Received acknowledgement from client
[16Nov2025 09:40:00.744] [Server thread/DEBUG] [net.minecraftforge.network.HandshakeHandler/FMLHANDSHAKE]: Sending ticking packet info 'Config ars_nouveau/glyph_invisibility.toml' to 'fml:handshake' sequence 61
[16Nov2025 09:40:00.744] [Netty Local Client IO #0/DEBUG] [net.minecraftforge.network.LoginWrapper/FMLHANDSHAKE]: Recieved login wrapper packet event for channel fml:handshake with index 61
[16Nov2025 09:40:00.744] [Netty Local Client IO #0/DEBUG] [net.minecraftforge.network.HandshakeHandler/FMLHANDSHAKE]: Received config sync from server
[16Nov2025 09:40:00.744] [Netty Local Client IO #0/DEBUG] [net.minecraftforge.network.LoginWrapper/FMLHANDSHAKE]: Dispatching wrapped packet reply for channel fml:handshake with index 61
[16Nov2025 09:40:00.744] [Netty Server IO #1/DEBUG] [net.minecraftforge.network.LoginWrapper/FMLHANDSHAKE]: Recieved login wrapper packet event for channel fml:handshake with index 61
[16Nov2025 09:40:00.744] [Netty Server IO #1/DEBUG] [net.minecraftforge.network.HandshakeHandler/FMLHANDSHAKE]: Received client indexed reply 61 of type net.minecraftforge.network.HandshakeMessages$C2SAcknowledge
[16Nov2025 09:40:00.744] [Netty Server IO #1/DEBUG] [net.minecraftforge.network.HandshakeHandler/FMLHANDSHAKE]: Received acknowledgement from client
[16Nov2025 09:40:00.795] [Server thread/DEBUG] [net.minecraftforge.network.HandshakeHandler/FMLHANDSHAKE]: Sending ticking packet info 'Config ars_nouveau/glyph_heal.toml' to 'fml:handshake' sequence 62
[16Nov2025 09:40:00.795] [Netty Local Client IO #0/DEBUG] [net.minecraftforge.network.LoginWrapper/FMLHANDSHAKE]: Recieved login wrapper packet event for channel fml:handshake with index 62
[16Nov2025 09:40:00.795] [Netty Local Client IO #0/DEBUG] [net.minecraftforge.network.HandshakeHandler/FMLHANDSHAKE]: Received config sync from server
[16Nov2025 09:40:00.795] [Netty Local Client IO #0/DEBUG] [net.minecraftforge.network.LoginWrapper/FMLHANDSHAKE]: Dispatching wrapped packet reply for channel fml:handshake with index 62
[16Nov2025 09:40:00.796] [Netty Server IO #1/DEBUG] [net.minecraftforge.network.LoginWrapper/FMLHANDSHAKE]: Recieved login wrapper packet event for channel fml:handshake with index 62
[16Nov2025 09:40:00.796] [Netty Server IO #1/DEBUG] [net.minecraftforge.network.HandshakeHandler/FMLHANDSHAKE]: Received client indexed reply 62 of type net.minecraftforge.network.HandshakeMessages$C2SAcknowledge
[16Nov2025 09:40:00.796] [Netty Server IO #1/DEBUG] [net.minecraftforge.network.HandshakeHandler/FMLHANDSHAKE]: Received acknowledgement from client
[16Nov2025 09:40:00.844] [Server thread/DEBUG] [net.minecraftforge.network.HandshakeHandler/FMLHANDSHAKE]: Sending ticking packet info 'Config ars_nouveau/glyph_fortune.toml' to 'fml:handshake' sequence 63
[16Nov2025 09:40:00.844] [Netty Local Client IO #0/DEBUG] [net.minecraftforge.network.LoginWrapper/FMLHANDSHAKE]: Recieved login wrapper packet event for channel fml:handshake with index 63
[16Nov2025 09:40:00.845] [Netty Local Client IO #0/DEBUG] [net.minecraftforge.network.HandshakeHandler/FMLHANDSHAKE]: Received config sync from server
[16Nov2025 09:40:00.845] [Netty Local Client IO #0/DEBUG] [net.minecraftforge.network.LoginWrapper/FMLHANDSHAKE]: Dispatching wrapped packet reply for channel fml:handshake with index 63
[16Nov2025 09:40:00.845] [Netty Server IO #1/DEBUG] [net.minecraftforge.network.LoginWrapper/FMLHANDSHAKE]: Recieved login wrapper packet event for channel fml:handshake with index 63
[16Nov2025 09:40:00.845] [Netty Server IO #1/DEBUG] [net.minecraftforge.network.HandshakeHandler/FMLHANDSHAKE]: Received client indexed reply 63 of type net.minecraftforge.network.HandshakeMessages$C2SAcknowledge
[16Nov2025 09:40:00.845] [Netty Server IO #1/DEBUG] [net.minecraftforge.network.HandshakeHandler/FMLHANDSHAKE]: Received acknowledgement from client
[16Nov2025 09:40:00.893] [Server thread/DEBUG] [net.minecraftforge.network.HandshakeHandler/FMLHANDSHAKE]: Sending ticking packet info 'Config ars_nouveau/glyph_pickup.toml' to 'fml:handshake' sequence 64
[16Nov2025 09:40:00.894] [Netty Local Client IO #0/DEBUG] [net.minecraftforge.network.LoginWrapper/FMLHANDSHAKE]: Recieved login wrapper packet event for channel fml:handshake with index 64
[16Nov2025 09:40:00.894] [Netty Local Client IO #0/DEBUG] [net.minecraftforge.network.HandshakeHandler/FMLHANDSHAKE]: Received config sync from server
[16Nov2025 09:40:00.894] [Netty Local Client IO #0/DEBUG] [net.minecraftforge.network.LoginWrapper/FMLHANDSHAKE]: Dispatching wrapped packet reply for channel fml:handshake with index 64
[16Nov2025 09:40:00.894] [Netty Server IO #1/DEBUG] [net.minecraftforge.network.LoginWrapper/FMLHANDSHAKE]: Recieved login wrapper packet event for channel fml:handshake with index 64
[16Nov2025 09:40:00.894] [Netty Server IO #1/DEBUG] [net.minecraftforge.network.HandshakeHandler/FMLHANDSHAKE]: Received client indexed reply 64 of type net.minecraftforge.network.HandshakeMessages$C2SAcknowledge
[16Nov2025 09:40:00.894] [Netty Server IO #1/DEBUG] [net.minecraftforge.network.HandshakeHandler/FMLHANDSHAKE]: Received acknowledgement from client
[16Nov2025 09:40:00.945] [Server thread/DEBUG] [net.minecraftforge.network.HandshakeHandler/FMLHANDSHAKE]: Sending ticking packet info 'Config forge-server.toml' to 'fml:handshake' sequence 65
[16Nov2025 09:40:00.945] [Netty Local Client IO #0/DEBUG] [net.minecraftforge.network.LoginWrapper/FMLHANDSHAKE]: Recieved login wrapper packet event for channel fml:handshake with index 65
[16Nov2025 09:40:00.945] [Netty Local Client IO #0/DEBUG] [net.minecraftforge.network.HandshakeHandler/FMLHANDSHAKE]: Received config sync from server
[16Nov2025 09:40:00.946] [Netty Local Client IO #0/DEBUG] [net.minecraftforge.network.LoginWrapper/FMLHANDSHAKE]: Dispatching wrapped packet reply for channel fml:handshake with index 65
[16Nov2025 09:40:00.946] [Netty Server IO #1/DEBUG] [net.minecraftforge.network.LoginWrapper/FMLHANDSHAKE]: Recieved login wrapper packet event for channel fml:handshake with index 65
[16Nov2025 09:40:00.946] [Netty Server IO #1/DEBUG] [net.minecraftforge.network.HandshakeHandler/FMLHANDSHAKE]: Received client indexed reply 65 of type net.minecraftforge.network.HandshakeMessages$C2SAcknowledge
[16Nov2025 09:40:00.946] [Netty Server IO #1/DEBUG] [net.minecraftforge.network.HandshakeHandler/FMLHANDSHAKE]: Received acknowledgement from client
[16Nov2025 09:40:00.994] [Server thread/DEBUG] [net.minecraftforge.network.HandshakeHandler/FMLHANDSHAKE]: Sending ticking packet info 'Config ars_nouveau/glyph_glide.toml' to 'fml:handshake' sequence 66
[16Nov2025 09:40:00.995] [Netty Local Client IO #0/DEBUG] [net.minecraftforge.network.LoginWrapper/FMLHANDSHAKE]: Recieved login wrapper packet event for channel fml:handshake with index 66
[16Nov2025 09:40:00.995] [Netty Local Client IO #0/DEBUG] [net.minecraftforge.network.HandshakeHandler/FMLHANDSHAKE]: Received config sync from server
[16Nov2025 09:40:00.995] [Netty Local Client IO #0/DEBUG] [net.minecraftforge.network.LoginWrapper/FMLHANDSHAKE]: Dispatching wrapped packet reply for channel fml:handshake with index 66
[16Nov2025 09:40:00.995] [Netty Server IO #1/DEBUG] [net.minecraftforge.network.LoginWrapper/FMLHANDSHAKE]: Recieved login wrapper packet event for channel fml:handshake with index 66
[16Nov2025 09:40:00.995] [Netty Server IO #1/DEBUG] [net.minecraftforge.network.HandshakeHandler/FMLHANDSHAKE]: Received client indexed reply 66 of type net.minecraftforge.network.HandshakeMessages$C2SAcknowledge
[16Nov2025 09:40:00.995] [Netty Server IO #1/DEBUG] [net.minecraftforge.network.HandshakeHandler/FMLHANDSHAKE]: Received acknowledgement from client
[16Nov2025 09:40:01.045] [Server thread/DEBUG] [net.minecraftforge.network.HandshakeHandler/FMLHANDSHAKE]: Sending ticking packet info 'Config ars_nouveau/rewind.toml' to 'fml:handshake' sequence 67
[16Nov2025 09:40:01.045] [Netty Local Client IO #0/DEBUG] [net.minecraftforge.network.LoginWrapper/FMLHANDSHAKE]: Recieved login wrapper packet event for channel fml:handshake with index 67
[16Nov2025 09:40:01.045] [Netty Local Client IO #0/DEBUG] [net.minecraftforge.network.HandshakeHandler/FMLHANDSHAKE]: Received config sync from server
[16Nov2025 09:40:01.045] [Netty Local Client IO #0/DEBUG] [net.minecraftforge.network.LoginWrapper/FMLHANDSHAKE]: Dispatching wrapped packet reply for channel fml:handshake with index 67
[16Nov2025 09:40:01.045] [Netty Server IO #1/DEBUG] [net.minecraftforge.network.LoginWrapper/FMLHANDSHAKE]: Recieved login wrapper packet event for channel fml:handshake with index 67
[16Nov2025 09:40:01.045] [Netty Server IO #1/DEBUG] [net.minecraftforge.network.HandshakeHandler/FMLHANDSHAKE]: Received client indexed reply 67 of type net.minecraftforge.network.HandshakeMessages$C2SAcknowledge
[16Nov2025 09:40:01.045] [Netty Server IO #1/DEBUG] [net.minecraftforge.network.HandshakeHandler/FMLHANDSHAKE]: Received acknowledgement from client
[16Nov2025 09:40:01.095] [Server thread/DEBUG] [net.minecraftforge.network.HandshakeHandler/FMLHANDSHAKE]: Sending ticking packet info 'Config ars_nouveau/glyph_projectile.toml' to 'fml:handshake' sequence 68
[16Nov2025 09:40:01.095] [Netty Local Client IO #0/DEBUG] [net.minecraftforge.network.LoginWrapper/FMLHANDSHAKE]: Recieved login wrapper packet event for channel fml:handshake with index 68
[16Nov2025 09:40:01.096] [Netty Local Client IO #0/DEBUG] [net.minecraftforge.network.HandshakeHandler/FMLHANDSHAKE]: Received config sync from server
[16Nov2025 09:40:01.096] [Netty Local Client IO #0/DEBUG] [net.minecraftforge.network.LoginWrapper/FMLHANDSHAKE]: Dispatching wrapped packet reply for channel fml:handshake with index 68
[16Nov2025 09:40:01.096] [Netty Server IO #1/DEBUG] [net.minecraftforge.network.LoginWrapper/FMLHANDSHAKE]: Recieved login wrapper packet event for channel fml:handshake with index 68
[16Nov2025 09:40:01.096] [Netty Server IO #1/DEBUG] [net.minecraftforge.network.HandshakeHandler/FMLHANDSHAKE]: Received client indexed reply 68 of type net.minecraftforge.network.HandshakeMessages$C2SAcknowledge
[16Nov2025 09:40:01.096] [Netty Server IO #1/DEBUG] [net.minecraftforge.network.HandshakeHandler/FMLHANDSHAKE]: Received acknowledgement from client
[16Nov2025 09:40:01.145] [Server thread/DEBUG] [net.minecraftforge.network.HandshakeHandler/FMLHANDSHAKE]: Sending ticking packet info 'Config ars_nouveau/glyph_gust.toml' to 'fml:handshake' sequence 69
[16Nov2025 09:40:01.145] [Netty Local Client IO #0/DEBUG] [net.minecraftforge.network.LoginWrapper/FMLHANDSHAKE]: Recieved login wrapper packet event for channel fml:handshake with index 69
[16Nov2025 09:40:01.145] [Netty Local Client IO #0/DEBUG] [net.minecraftforge.network.HandshakeHandler/FMLHANDSHAKE]: Received config sync from server
[16Nov2025 09:40:01.145] [Netty Local Client IO #0/DEBUG] [net.minecraftforge.network.LoginWrapper/FMLHANDSHAKE]: Dispatching wrapped packet reply for channel fml:handshake with index 69
[16Nov2025 09:40:01.145] [Netty Server IO #1/DEBUG] [net.minecraftforge.network.LoginWrapper/FMLHANDSHAKE]: Recieved login wrapper packet event for channel fml:handshake with index 69
[16Nov2025 09:40:01.145] [Netty Server IO #1/DEBUG] [net.minecraftforge.network.HandshakeHandler/FMLHANDSHAKE]: Received client indexed reply 69 of type net.minecraftforge.network.HandshakeMessages$C2SAcknowledge
[16Nov2025 09:40:01.145] [Netty Server IO #1/DEBUG] [net.minecraftforge.network.HandshakeHandler/FMLHANDSHAKE]: Received acknowledgement from client
[16Nov2025 09:40:01.195] [Server thread/DEBUG] [net.minecraftforge.network.HandshakeHandler/FMLHANDSHAKE]: Sending ticking packet info 'Config ars_nouveau/glyph_harvest.toml' to 'fml:handshake' sequence 70
[16Nov2025 09:40:01.195] [Netty Local Client IO #0/DEBUG] [net.minecraftforge.network.LoginWrapper/FMLHANDSHAKE]: Recieved login wrapper packet event for channel fml:handshake with index 70
[16Nov2025 09:40:01.195] [Netty Local Client IO #0/DEBUG] [net.minecraftforge.network.HandshakeHandler/FMLHANDSHAKE]: Received config sync from server
[16Nov2025 09:40:01.195] [Netty Local Client IO #0/DEBUG] [net.minecraftforge.network.LoginWrapper/FMLHANDSHAKE]: Dispatching wrapped packet reply for channel fml:handshake with index 70
[16Nov2025 09:40:01.195] [Netty Server IO #1/DEBUG] [net.minecraftforge.network.LoginWrapper/FMLHANDSHAKE]: Recieved login wrapper packet event for channel fml:handshake with index 70
[16Nov2025 09:40:01.195] [Netty Server IO #1/DEBUG] [net.minecraftforge.network.HandshakeHandler/FMLHANDSHAKE]: Received client indexed reply 70 of type net.minecraftforge.network.HandshakeMessages$C2SAcknowledge
[16Nov2025 09:40:01.195] [Netty Server IO #1/DEBUG] [net.minecraftforge.network.HandshakeHandler/FMLHANDSHAKE]: Received acknowledgement from client
[16Nov2025 09:40:01.244] [Server thread/DEBUG] [net.minecraftforge.network.HandshakeHandler/FMLHANDSHAKE]: Sending ticking packet info 'Config ars_nouveau/glyph_decelerate.toml' to 'fml:handshake' sequence 71
[16Nov2025 09:40:01.244] [Netty Local Client IO #0/DEBUG] [net.minecraftforge.network.LoginWrapper/FMLHANDSHAKE]: Recieved login wrapper packet event for channel fml:handshake with index 71
[16Nov2025 09:40:01.245] [Netty Local Client IO #0/DEBUG] [net.minecraftforge.network.HandshakeHandler/FMLHANDSHAKE]: Received config sync from server
[16Nov2025 09:40:01.245] [Netty Local Client IO #0/DEBUG] [net.minecraftforge.network.LoginWrapper/FMLHANDSHAKE]: Dispatching wrapped packet reply for channel fml:handshake with index 71
[16Nov2025 09:40:01.245] [Netty Server IO #1/DEBUG] [net.minecraftforge.network.LoginWrapper/FMLHANDSHAKE]: Recieved login wrapper packet event for channel fml:handshake with index 71
[16Nov2025 09:40:01.245] [Netty Server IO #1/DEBUG] [net.minecraftforge.network.HandshakeHandler/FMLHANDSHAKE]: Received client indexed reply 71 of type net.minecraftforge.network.HandshakeMessages$C2SAcknowledge
[16Nov2025 09:40:01.245] [Netty Server IO #1/DEBUG] [net.minecraftforge.network.HandshakeHandler/FMLHANDSHAKE]: Received acknowledgement from client
[16Nov2025 09:40:01.293] [Server thread/DEBUG] [net.minecraftforge.network.HandshakeHandler/FMLHANDSHAKE]: Sending ticking packet info 'Config ars_nouveau/glyph_snare.toml' to 'fml:handshake' sequence 72
[16Nov2025 09:40:01.293] [Netty Local Client IO #0/DEBUG] [net.minecraftforge.network.LoginWrapper/FMLHANDSHAKE]: Recieved login wrapper packet event for channel fml:handshake with index 72
[16Nov2025 09:40:01.293] [Netty Local Client IO #0/DEBUG] [net.minecraftforge.network.HandshakeHandler/FMLHANDSHAKE]: Received config sync from server
[16Nov2025 09:40:01.294] [Netty Local Client IO #0/DEBUG] [net.minecraftforge.network.LoginWrapper/FMLHANDSHAKE]: Dispatching wrapped packet reply for channel fml:handshake with index 72
[16Nov2025 09:40:01.294] [Netty Server IO #1/DEBUG] [net.minecraftforge.network.LoginWrapper/FMLHANDSHAKE]: Recieved login wrapper packet event for channel fml:handshake with index 72
[16Nov2025 09:40:01.294] [Netty Server IO #1/DEBUG] [net.minecraftforge.network.HandshakeHandler/FMLHANDSHAKE]: Received client indexed reply 72 of type net.minecraftforge.network.HandshakeMessages$C2SAcknowledge
[16Nov2025 09:40:01.294] [Netty Server IO #1/DEBUG] [net.minecraftforge.network.HandshakeHandler/FMLHANDSHAKE]: Received acknowledgement from client
[16Nov2025 09:40:01.345] [Server thread/DEBUG] [net.minecraftforge.network.HandshakeHandler/FMLHANDSHAKE]: Sending ticking packet info 'Config ars_nouveau/glyph_wither.toml' to 'fml:handshake' sequence 73
[16Nov2025 09:40:01.345] [Netty Local Client IO #0/DEBUG] [net.minecraftforge.network.LoginWrapper/FMLHANDSHAKE]: Recieved login wrapper packet event for channel fml:handshake with index 73
[16Nov2025 09:40:01.345] [Netty Local Client IO #0/DEBUG] [net.minecraftforge.network.HandshakeHandler/FMLHANDSHAKE]: Received config sync from server
[16Nov2025 09:40:01.345] [Netty Local Client IO #0/DEBUG] [net.minecraftforge.network.LoginWrapper/FMLHANDSHAKE]: Dispatching wrapped packet reply for channel fml:handshake with index 73
[16Nov2025 09:40:01.345] [Netty Server IO #1/DEBUG] [net.minecraftforge.network.LoginWrapper/FMLHANDSHAKE]: Recieved login wrapper packet event for channel fml:handshake with index 73
[16Nov2025 09:40:01.345] [Netty Server IO #1/DEBUG] [net.minecraftforge.network.HandshakeHandler/FMLHANDSHAKE]: Received client indexed reply 73 of type net.minecraftforge.network.HandshakeMessages$C2SAcknowledge
[16Nov2025 09:40:01.345] [Netty Server IO #1/DEBUG] [net.minecraftforge.network.HandshakeHandler/FMLHANDSHAKE]: Received acknowledgement from client
[16Nov2025 09:40:01.395] [Server thread/DEBUG] [net.minecraftforge.network.HandshakeHandler/FMLHANDSHAKE]: Sending ticking packet info 'Config ars_nouveau/glyph_underfoot.toml' to 'fml:handshake' sequence 74
[16Nov2025 09:40:01.395] [Netty Local Client IO #0/DEBUG] [net.minecraftforge.network.LoginWrapper/FMLHANDSHAKE]: Recieved login wrapper packet event for channel fml:handshake with index 74
[16Nov2025 09:40:01.395] [Netty Local Client IO #0/DEBUG] [net.minecraftforge.network.HandshakeHandler/FMLHANDSHAKE]: Received config sync from server
[16Nov2025 09:40:01.395] [Netty Local Client IO #0/DEBUG] [net.minecraftforge.network.LoginWrapper/FMLHANDSHAKE]: Dispatching wrapped packet reply for channel fml:handshake with index 74
[16Nov2025 09:40:01.395] [Netty Server IO #1/DEBUG] [net.minecraftforge.network.LoginWrapper/FMLHANDSHAKE]: Recieved login wrapper packet event for channel fml:handshake with index 74
[16Nov2025 09:40:01.395] [Netty Server IO #1/DEBUG] [net.minecraftforge.network.HandshakeHandler/FMLHANDSHAKE]: Received client indexed reply 74 of type net.minecraftforge.network.HandshakeMessages$C2SAcknowledge
[16Nov2025 09:40:01.395] [Netty Server IO #1/DEBUG] [net.minecraftforge.network.HandshakeHandler/FMLHANDSHAKE]: Received acknowledgement from client
[16Nov2025 09:40:01.444] [Server thread/DEBUG] [net.minecraftforge.network.HandshakeHandler/FMLHANDSHAKE]: Sending ticking packet info 'Config ars_nouveau/glyph_name.toml' to 'fml:handshake' sequence 75
[16Nov2025 09:40:01.445] [Netty Local Client IO #0/DEBUG] [net.minecraftforge.network.LoginWrapper/FMLHANDSHAKE]: Recieved login wrapper packet event for channel fml:handshake with index 75
[16Nov2025 09:40:01.445] [Netty Local Client IO #0/DEBUG] [net.minecraftforge.network.HandshakeHandler/FMLHANDSHAKE]: Received config sync from server
[16Nov2025 09:40:01.445] [Netty Local Client IO #0/DEBUG] [net.minecraftforge.network.LoginWrapper/FMLHANDSHAKE]: Dispatching wrapped packet reply for channel fml:handshake with index 75
[16Nov2025 09:40:01.445] [Netty Server IO #1/DEBUG] [net.minecraftforge.network.LoginWrapper/FMLHANDSHAKE]: Recieved login wrapper packet event for channel fml:handshake with index 75
[16Nov2025 09:40:01.445] [Netty Server IO #1/DEBUG] [net.minecraftforge.network.HandshakeHandler/FMLHANDSHAKE]: Received client indexed reply 75 of type net.minecraftforge.network.HandshakeMessages$C2SAcknowledge
[16Nov2025 09:40:01.445] [Netty Server IO #1/DEBUG] [net.minecraftforge.network.HandshakeHandler/FMLHANDSHAKE]: Received acknowledgement from client
[16Nov2025 09:40:01.494] [Server thread/DEBUG] [net.minecraftforge.network.HandshakeHandler/FMLHANDSHAKE]: Sending ticking packet info 'Config ars_nouveau/glyph_redstone_signal.toml' to 'fml:handshake' sequence 76
[16Nov2025 09:40:01.494] [Netty Local Client IO #0/DEBUG] [net.minecraftforge.network.LoginWrapper/FMLHANDSHAKE]: Recieved login wrapper packet event for channel fml:handshake with index 76
[16Nov2025 09:40:01.494] [Netty Local Client IO #0/DEBUG] [net.minecraftforge.network.HandshakeHandler/FMLHANDSHAKE]: Received config sync from server
[16Nov2025 09:40:01.495] [Netty Local Client IO #0/DEBUG] [net.minecraftforge.network.LoginWrapper/FMLHANDSHAKE]: Dispatching wrapped packet reply for channel fml:handshake with index 76
[16Nov2025 09:40:01.495] [Netty Server IO #1/DEBUG] [net.minecraftforge.network.LoginWrapper/FMLHANDSHAKE]: Recieved login wrapper packet event for channel fml:handshake with index 76
[16Nov2025 09:40:01.495] [Netty Server IO #1/DEBUG] [net.minecraftforge.network.HandshakeHandler/FMLHANDSHAKE]: Received client indexed reply 76 of type net.minecraftforge.network.HandshakeMessages$C2SAcknowledge
[16Nov2025 09:40:01.495] [Netty Server IO #1/DEBUG] [net.minecraftforge.network.HandshakeHandler/FMLHANDSHAKE]: Received acknowledgement from client
[16Nov2025 09:40:01.545] [Server thread/DEBUG] [net.minecraftforge.network.HandshakeHandler/FMLHANDSHAKE]: Sending ticking packet info 'Config ars_nouveau/glyph_rotate.toml' to 'fml:handshake' sequence 77
[16Nov2025 09:40:01.545] [Netty Local Client IO #0/DEBUG] [net.minecraftforge.network.LoginWrapper/FMLHANDSHAKE]: Recieved login wrapper packet event for channel fml:handshake with index 77
[16Nov2025 09:40:01.545] [Netty Local Client IO #0/DEBUG] [net.minecraftforge.network.HandshakeHandler/FMLHANDSHAKE]: Received config sync from server
[16Nov2025 09:40:01.545] [Netty Local Client IO #0/DEBUG] [net.minecraftforge.network.LoginWrapper/FMLHANDSHAKE]: Dispatching wrapped packet reply for channel fml:handshake with index 77
[16Nov2025 09:40:01.545] [Netty Server IO #1/DEBUG] [net.minecraftforge.network.LoginWrapper/FMLHANDSHAKE]: Recieved login wrapper packet event for channel fml:handshake with index 77
[16Nov2025 09:40:01.545] [Netty Server IO #1/DEBUG] [net.minecraftforge.network.HandshakeHandler/FMLHANDSHAKE]: Received client indexed reply 77 of type net.minecraftforge.network.HandshakeMessages$C2SAcknowledge
[16Nov2025 09:40:01.545] [Netty Server IO #1/DEBUG] [net.minecraftforge.network.HandshakeHandler/FMLHANDSHAKE]: Received acknowledgement from client
[16Nov2025 09:40:01.594] [Server thread/DEBUG] [net.minecraftforge.network.HandshakeHandler/FMLHANDSHAKE]: Sending ticking packet info 'Config ars_nouveau/glyph_break.toml' to 'fml:handshake' sequence 78
[16Nov2025 09:40:01.595] [Netty Local Client IO #0/DEBUG] [net.minecraftforge.network.LoginWrapper/FMLHANDSHAKE]: Recieved login wrapper packet event for channel fml:handshake with index 78
[16Nov2025 09:40:01.595] [Netty Local Client IO #0/DEBUG] [net.minecraftforge.network.HandshakeHandler/FMLHANDSHAKE]: Received config sync from server
[16Nov2025 09:40:01.595] [Netty Local Client IO #0/DEBUG] [net.minecraftforge.network.LoginWrapper/FMLHANDSHAKE]: Dispatching wrapped packet reply for channel fml:handshake with index 78
[16Nov2025 09:40:01.595] [Netty Server IO #1/DEBUG] [net.minecraftforge.network.LoginWrapper/FMLHANDSHAKE]: Recieved login wrapper packet event for channel fml:handshake with index 78
[16Nov2025 09:40:01.595] [Netty Server IO #1/DEBUG] [net.minecraftforge.network.HandshakeHandler/FMLHANDSHAKE]: Received client indexed reply 78 of type net.minecraftforge.network.HandshakeMessages$C2SAcknowledge
[16Nov2025 09:40:01.595] [Netty Server IO #1/DEBUG] [net.minecraftforge.network.HandshakeHandler/FMLHANDSHAKE]: Received acknowledgement from client
[16Nov2025 09:40:01.643] [Server thread/DEBUG] [net.minecraftforge.network.HandshakeHandler/FMLHANDSHAKE]: Sending ticking packet info 'Config ars_nouveau/glyph_place_block.toml' to 'fml:handshake' sequence 79
[16Nov2025 09:40:01.644] [Netty Local Client IO #0/DEBUG] [net.minecraftforge.network.LoginWrapper/FMLHANDSHAKE]: Recieved login wrapper packet event for channel fml:handshake with index 79
[16Nov2025 09:40:01.644] [Netty Local Client IO #0/DEBUG] [net.minecraftforge.network.HandshakeHandler/FMLHANDSHAKE]: Received config sync from server
[16Nov2025 09:40:01.644] [Netty Local Client IO #0/DEBUG] [net.minecraftforge.network.LoginWrapper/FMLHANDSHAKE]: Dispatching wrapped packet reply for channel fml:handshake with index 79
[16Nov2025 09:40:01.644] [Netty Server IO #1/DEBUG] [net.minecraftforge.network.LoginWrapper/FMLHANDSHAKE]: Recieved login wrapper packet event for channel fml:handshake with index 79
[16Nov2025 09:40:01.644] [Netty Server IO #1/DEBUG] [net.minecraftforge.network.HandshakeHandler/FMLHANDSHAKE]: Received client indexed reply 79 of type net.minecraftforge.network.HandshakeMessages$C2SAcknowledge
[16Nov2025 09:40:01.644] [Netty Server IO #1/DEBUG] [net.minecraftforge.network.HandshakeHandler/FMLHANDSHAKE]: Received acknowledgement from client
[16Nov2025 09:40:01.694] [Server thread/DEBUG] [net.minecraftforge.network.HandshakeHandler/FMLHANDSHAKE]: Sending ticking packet info 'Config ars_nouveau/glyph_exchange.toml' to 'fml:handshake' sequence 80
[16Nov2025 09:40:01.695] [Netty Local Client IO #0/DEBUG] [net.minecraftforge.network.LoginWrapper/FMLHANDSHAKE]: Recieved login wrapper packet event for channel fml:handshake with index 80
[16Nov2025 09:40:01.695] [Netty Local Client IO #0/DEBUG] [net.minecraftforge.network.HandshakeHandler/FMLHANDSHAKE]: Received config sync from server
[16Nov2025 09:40:01.695] [Netty Local Client IO #0/DEBUG] [net.minecraftforge.network.LoginWrapper/FMLHANDSHAKE]: Dispatching wrapped packet reply for channel fml:handshake with index 80
[16Nov2025 09:40:01.695] [Netty Server IO #1/DEBUG] [net.minecraftforge.network.LoginWrapper/FMLHANDSHAKE]: Recieved login wrapper packet event for channel fml:handshake with index 80
[16Nov2025 09:40:01.695] [Netty Server IO #1/DEBUG] [net.minecraftforge.network.HandshakeHandler/FMLHANDSHAKE]: Received client indexed reply 80 of type net.minecraftforge.network.HandshakeMessages$C2SAcknowledge
[16Nov2025 09:40:01.695] [Netty Server IO #1/DEBUG] [net.minecraftforge.network.HandshakeHandler/FMLHANDSHAKE]: Received acknowledgement from client
[16Nov2025 09:40:01.744] [Server thread/DEBUG] [net.minecraftforge.network.HandshakeHandler/FMLHANDSHAKE]: Sending ticking packet info 'Config curios-server.toml' to 'fml:handshake' sequence 81
[16Nov2025 09:40:01.745] [Netty Local Client IO #0/DEBUG] [net.minecraftforge.network.LoginWrapper/FMLHANDSHAKE]: Recieved login wrapper packet event for channel fml:handshake with index 81
[16Nov2025 09:40:01.745] [Netty Local Client IO #0/DEBUG] [net.minecraftforge.network.HandshakeHandler/FMLHANDSHAKE]: Received config sync from server
[16Nov2025 09:40:01.745] [Netty Local Client IO #0/DEBUG] [net.minecraftforge.network.LoginWrapper/FMLHANDSHAKE]: Dispatching wrapped packet reply for channel fml:handshake with index 81
[16Nov2025 09:40:01.745] [Netty Server IO #1/DEBUG] [net.minecraftforge.network.LoginWrapper/FMLHANDSHAKE]: Recieved login wrapper packet event for channel fml:handshake with index 81
[16Nov2025 09:40:01.745] [Netty Server IO #1/DEBUG] [net.minecraftforge.network.HandshakeHandler/FMLHANDSHAKE]: Received client indexed reply 81 of type net.minecraftforge.network.HandshakeMessages$C2SAcknowledge
[16Nov2025 09:40:01.745] [Netty Server IO #1/DEBUG] [net.minecraftforge.network.HandshakeHandler/FMLHANDSHAKE]: Received acknowledgement from client
[16Nov2025 09:40:01.794] [Server thread/DEBUG] [net.minecraftforge.network.HandshakeHandler/FMLHANDSHAKE]: Sending ticking packet info 'Config ars_nouveau/glyph_bounce.toml' to 'fml:handshake' sequence 82
[16Nov2025 09:40:01.795] [Netty Local Client IO #0/DEBUG] [net.minecraftforge.network.LoginWrapper/FMLHANDSHAKE]: Recieved login wrapper packet event for channel fml:handshake with index 82
[16Nov2025 09:40:01.795] [Netty Local Client IO #0/DEBUG] [net.minecraftforge.network.HandshakeHandler/FMLHANDSHAKE]: Received config sync from server
[16Nov2025 09:40:01.795] [Netty Local Client IO #0/DEBUG] [net.minecraftforge.network.LoginWrapper/FMLHANDSHAKE]: Dispatching wrapped packet reply for channel fml:handshake with index 82
[16Nov2025 09:40:01.795] [Netty Server IO #1/DEBUG] [net.minecraftforge.network.LoginWrapper/FMLHANDSHAKE]: Recieved login wrapper packet event for channel fml:handshake with index 82
[16Nov2025 09:40:01.795] [Netty Server IO #1/DEBUG] [net.minecraftforge.network.HandshakeHandler/FMLHANDSHAKE]: Received client indexed reply 82 of type net.minecraftforge.network.HandshakeMessages$C2SAcknowledge
[16Nov2025 09:40:01.795] [Netty Server IO #1/DEBUG] [net.minecraftforge.network.HandshakeHandler/FMLHANDSHAKE]: Received acknowledgement from client
[16Nov2025 09:40:01.844] [Server thread/DEBUG] [net.minecraftforge.network.HandshakeHandler/FMLHANDSHAKE]: Sending ticking packet info 'Config ars_nouveau/glyph_summon_decoy.toml' to 'fml:handshake' sequence 83
[16Nov2025 09:40:01.845] [Netty Local Client IO #0/DEBUG] [net.minecraftforge.network.LoginWrapper/FMLHANDSHAKE]: Recieved login wrapper packet event for channel fml:handshake with index 83
[16Nov2025 09:40:01.845] [Netty Local Client IO #0/DEBUG] [net.minecraftforge.network.HandshakeHandler/FMLHANDSHAKE]: Received config sync from server
[16Nov2025 09:40:01.845] [Netty Local Client IO #0/DEBUG] [net.minecraftforge.network.LoginWrapper/FMLHANDSHAKE]: Dispatching wrapped packet reply for channel fml:handshake with index 83
[16Nov2025 09:40:01.845] [Netty Server IO #1/DEBUG] [net.minecraftforge.network.LoginWrapper/FMLHANDSHAKE]: Recieved login wrapper packet event for channel fml:handshake with index 83
[16Nov2025 09:40:01.845] [Netty Server IO #1/DEBUG] [net.minecraftforge.network.HandshakeHandler/FMLHANDSHAKE]: Received client indexed reply 83 of type net.minecraftforge.network.HandshakeMessages$C2SAcknowledge
[16Nov2025 09:40:01.845] [Netty Server IO #1/DEBUG] [net.minecraftforge.network.HandshakeHandler/FMLHANDSHAKE]: Received acknowledgement from client
[16Nov2025 09:40:01.895] [Server thread/DEBUG] [net.minecraftforge.network.HandshakeHandler/FMLHANDSHAKE]: Sending ticking packet info 'Config ars_nouveau/glyph_sense_magic.toml' to 'fml:handshake' sequence 84
[16Nov2025 09:40:01.895] [Netty Local Client IO #0/DEBUG] [net.minecraftforge.network.LoginWrapper/FMLHANDSHAKE]: Recieved login wrapper packet event for channel fml:handshake with index 84
[16Nov2025 09:40:01.895] [Netty Local Client IO #0/DEBUG] [net.minecraftforge.network.HandshakeHandler/FMLHANDSHAKE]: Received config sync from server
[16Nov2025 09:40:01.895] [Netty Local Client IO #0/DEBUG] [net.minecraftforge.network.LoginWrapper/FMLHANDSHAKE]: Dispatching wrapped packet reply for channel fml:handshake with index 84
[16Nov2025 09:40:01.895] [Netty Server IO #1/DEBUG] [net.minecraftforge.network.LoginWrapper/FMLHANDSHAKE]: Recieved login wrapper packet event for channel fml:handshake with index 84
[16Nov2025 09:40:01.895] [Netty Server IO #1/DEBUG] [net.minecraftforge.network.HandshakeHandler/FMLHANDSHAKE]: Received client indexed reply 84 of type net.minecraftforge.network.HandshakeMessages$C2SAcknowledge
[16Nov2025 09:40:01.895] [Netty Server IO #1/DEBUG] [net.minecraftforge.network.HandshakeHandler/FMLHANDSHAKE]: Received acknowledgement from client
[16Nov2025 09:40:01.942] [Server thread/DEBUG] [net.minecraftforge.network.HandshakeHandler/FMLHANDSHAKE]: Sending ticking packet info 'Config ars_nouveau/glyph_wind_shear.toml' to 'fml:handshake' sequence 85
[16Nov2025 09:40:01.943] [Netty Local Client IO #0/DEBUG] [net.minecraftforge.network.LoginWrapper/FMLHANDSHAKE]: Recieved login wrapper packet event for channel fml:handshake with index 85
[16Nov2025 09:40:01.943] [Netty Local Client IO #0/DEBUG] [net.minecraftforge.network.HandshakeHandler/FMLHANDSHAKE]: Received config sync from server
[16Nov2025 09:40:01.943] [Netty Local Client IO #0/DEBUG] [net.minecraftforge.network.LoginWrapper/FMLHANDSHAKE]: Dispatching wrapped packet reply for channel fml:handshake with index 85
[16Nov2025 09:40:01.943] [Netty Server IO #1/DEBUG] [net.minecraftforge.network.LoginWrapper/FMLHANDSHAKE]: Recieved login wrapper packet event for channel fml:handshake with index 85
[16Nov2025 09:40:01.943] [Netty Server IO #1/DEBUG] [net.minecraftforge.network.HandshakeHandler/FMLHANDSHAKE]: Received client indexed reply 85 of type net.minecraftforge.network.HandshakeMessages$C2SAcknowledge
[16Nov2025 09:40:01.943] [Netty Server IO #1/DEBUG] [net.minecraftforge.network.HandshakeHandler/FMLHANDSHAKE]: Received acknowledgement from client
[16Nov2025 09:40:01.994] [Server thread/DEBUG] [net.minecraftforge.network.HandshakeHandler/FMLHANDSHAKE]: Handshake complete!
[16Nov2025 09:40:02.045] [Netty Local Client IO #0/INFO] [net.minecraftforge.network.NetworkHooks/]: Connected to a modded server.
[16Nov2025 09:40:02.067] [Netty Local Client IO #0/DEBUG] [mixin/]: Mixing client.AccessorClientAdvancements from patchouli_xplat.mixins.json into net.minecraft.client.multiplayer.ClientAdvancements
[16Nov2025 09:40:02.072] [Netty Local Client IO #0/DEBUG] [mixin/]: Mixing client.MixinClientAdvancements from patchouli_xplat.mixins.json into net.minecraft.client.multiplayer.ClientAdvancements
[16Nov2025 09:40:02.122] [Server thread/INFO] [net.minecraft.server.players.PlayerList/]: Dev[local:E:cac34ce6] logged in with entity id 19 at (2035.8053164980436, 127.6183020148442, 1269.010751505213)
[16Nov2025 09:40:02.135] [Render thread/DEBUG] [mixin/]: Mixing camera.ClientChunkCacheMixin from ars_nouveau.mixins.json into net.minecraft.client.multiplayer.ClientChunkCache
[16Nov2025 09:40:02.216] [Server thread/INFO] [net.minecraft.server.MinecraftServer/]: Dev joined the game
[16Nov2025 09:40:02.561] [Render thread/INFO] [net.minecraft.advancements.AdvancementList/]: Loaded 304 advancements
[16Nov2025 09:40:02.567] [Render thread/INFO] [patchouli/]: BookContentResourceListenerLoader: Files found in 433.0 μs
[16Nov2025 09:40:02.570] [Render thread/INFO] [patchouli/]: BookContentResourceListenerLoader: Files found in 614.8 μs
[16Nov2025 09:40:02.594] [Render thread/DEBUG] [io.netty.util.internal.ThreadLocalRandom/]: -Dio.netty.initialSeedUniquifier: 0x7234bdafebe3efe8
[16Nov2025 09:40:02.603] [Render thread/INFO] [patchouli/]: BookContentResourceListenerLoader: Files found in 546.0 μs
[16Nov2025 09:42:49.242] [Server thread/INFO] [net.minecraft.client.server.IntegratedServer/]: Saving and pausing game...
[16Nov2025 09:42:49.259] [Server thread/INFO] [net.minecraft.server.MinecraftServer/]: Saving chunks for level 'ServerLevel[New World]'/minecraft:overworld
[16Nov2025 09:42:49.269] [Server thread/INFO] [net.minecraft.server.MinecraftServer/]: Saving chunks for level 'ServerLevel[New World]'/minecraft:the_nether
[16Nov2025 09:42:49.270] [Server thread/INFO] [net.minecraft.server.MinecraftServer/]: Saving chunks for level 'ServerLevel[New World]'/minecraft:the_end
[16Nov2025 09:42:49.274] [Server thread/DEBUG] [net.minecraftforge.common.ForgeHooks/WP]: Gathering id map for writing to world save New World
[16Nov2025 09:42:49.280] [Server thread/DEBUG] [net.minecraftforge.common.ForgeHooks/WP]: ID Map collection complete New World
[16Nov2025 09:42:49.899] [Server thread/INFO] [net.minecraft.server.network.ServerGamePacketListenerImpl/]: Dev lost connection: Disconnected
[16Nov2025 09:42:49.899] [Server thread/INFO] [net.minecraft.server.MinecraftServer/]: Dev left the game
[16Nov2025 09:42:49.910] [Server thread/INFO] [net.minecraft.server.network.ServerGamePacketListenerImpl/]: Stopping singleplayer server as player logged out
[16Nov2025 09:42:49.942] [Server thread/INFO] [net.minecraft.server.MinecraftServer/]: Stopping server
[16Nov2025 09:42:49.942] [Server thread/INFO] [net.minecraft.server.MinecraftServer/]: Saving players
[16Nov2025 09:42:49.942] [Server thread/INFO] [net.minecraft.server.MinecraftServer/]: Saving worlds
[16Nov2025 09:42:50.254] [Server thread/INFO] [net.minecraft.server.MinecraftServer/]: Saving chunks for level 'ServerLevel[New World]'/minecraft:overworld
[16Nov2025 09:42:50.475] [Server thread/INFO] [net.minecraft.server.MinecraftServer/]: Saving chunks for level 'ServerLevel[New World]'/minecraft:the_nether
[16Nov2025 09:42:50.477] [Server thread/INFO] [net.minecraft.server.MinecraftServer/]: Saving chunks for level 'ServerLevel[New World]'/minecraft:the_end
[16Nov2025 09:42:50.479] [Server thread/DEBUG] [net.minecraftforge.common.ForgeHooks/WP]: Gathering id map for writing to world save New World
[16Nov2025 09:42:50.484] [Server thread/DEBUG] [net.minecraftforge.common.ForgeHooks/WP]: ID Map collection complete New World
[16Nov2025 09:42:50.497] [Server thread/INFO] [net.minecraft.server.MinecraftServer/]: ThreadedAnvilChunkStorage (New World (1)): All chunks are saved
[16Nov2025 09:42:50.497] [Server thread/INFO] [net.minecraft.server.MinecraftServer/]: ThreadedAnvilChunkStorage (DIM-1): All chunks are saved
[16Nov2025 09:42:50.497] [Server thread/INFO] [net.minecraft.server.MinecraftServer/]: ThreadedAnvilChunkStorage (DIM1): All chunks are saved
[16Nov2025 09:42:50.497] [Server thread/INFO] [net.minecraft.server.MinecraftServer/]: ThreadedAnvilChunkStorage: All dimensions are saved
[16Nov2025 09:42:50.519] [Server thread/DEBUG] [net.minecraftforge.registries.GameData/REGISTRIES]: Reverting to FROZEN data state.
[16Nov2025 09:42:50.519] [Server thread/DEBUG] [net.minecraftforge.registries.ForgeRegistry/REGISTRIES]: Registry minecraft:block Sync: ACTIVE -> FROZEN
[16Nov2025 09:42:50.525] [Server thread/DEBUG] [net.minecraftforge.registries.ForgeRegistry/REGISTRIES]: Registry minecraft:fluid Sync: ACTIVE -> FROZEN
[16Nov2025 09:42:50.525] [Server thread/DEBUG] [net.minecraftforge.registries.ForgeRegistry/REGISTRIES]: Registry minecraft:item Sync: ACTIVE -> FROZEN
[16Nov2025 09:42:50.532] [Server thread/DEBUG] [net.minecraftforge.registries.ForgeRegistry/REGISTRIES]: Registry minecraft:mob_effect Sync: ACTIVE -> FROZEN
[16Nov2025 09:42:50.532] [Server thread/DEBUG] [net.minecraftforge.registries.ForgeRegistry/REGISTRIES]: Registry minecraft:sound_event Sync: ACTIVE -> FROZEN
[16Nov2025 09:42:50.537] [Server thread/DEBUG] [net.minecraftforge.registries.ForgeRegistry/REGISTRIES]: Registry minecraft:potion Sync: ACTIVE -> FROZEN
[16Nov2025 09:42:50.537] [Server thread/DEBUG] [net.minecraftforge.registries.ForgeRegistry/REGISTRIES]: Registry minecraft:enchantment Sync: ACTIVE -> FROZEN
[16Nov2025 09:42:50.537] [Server thread/DEBUG] [net.minecraftforge.registries.ForgeRegistry/REGISTRIES]: Registry minecraft:entity_type Sync: ACTIVE -> FROZEN
[16Nov2025 09:42:50.537] [Server thread/DEBUG] [net.minecraftforge.registries.ForgeRegistry/REGISTRIES]: Registry minecraft:block_entity_type Sync: ACTIVE -> FROZEN
[16Nov2025 09:42:50.537] [Server thread/DEBUG] [net.minecraftforge.registries.ForgeRegistry/REGISTRIES]: Registry minecraft:particle_type Sync: ACTIVE -> FROZEN
[16Nov2025 09:42:50.537] [Server thread/DEBUG] [net.minecraftforge.registries.ForgeRegistry/REGISTRIES]: Registry minecraft:menu Sync: ACTIVE -> FROZEN
[16Nov2025 09:42:50.537] [Server thread/DEBUG] [net.minecraftforge.registries.ForgeRegistry/REGISTRIES]: Registry minecraft:painting_variant Sync: ACTIVE -> FROZEN
[16Nov2025 09:42:50.539] [Server thread/DEBUG] [net.minecraftforge.registries.ForgeRegistry/REGISTRIES]: Registry minecraft:recipe_type Sync: ACTIVE -> FROZEN
[16Nov2025 09:42:50.539] [Server thread/DEBUG] [net.minecraftforge.registries.ForgeRegistry/REGISTRIES]: Registry minecraft:recipe_serializer Sync: ACTIVE -> FROZEN
[16Nov2025 09:42:50.539] [Server thread/DEBUG] [net.minecraftforge.registries.ForgeRegistry/REGISTRIES]: Registry minecraft:attribute Sync: ACTIVE -> FROZEN
[16Nov2025 09:42:50.539] [Server thread/DEBUG] [net.minecraftforge.registries.ForgeRegistry/REGISTRIES]: Registry minecraft:stat_type Sync: ACTIVE -> FROZEN
[16Nov2025 09:42:50.539] [Server thread/DEBUG] [net.minecraftforge.registries.ForgeRegistry/REGISTRIES]: Registry minecraft:command_argument_type Sync: ACTIVE -> FROZEN
[16Nov2025 09:42:50.539] [Server thread/DEBUG] [net.minecraftforge.registries.ForgeRegistry/REGISTRIES]: Registry minecraft:villager_profession Sync: ACTIVE -> FROZEN
[16Nov2025 09:42:50.539] [Server thread/DEBUG] [net.minecraftforge.registries.ForgeRegistry/REGISTRIES]: Registry minecraft:point_of_interest_type Sync: ACTIVE -> FROZEN
[16Nov2025 09:42:50.540] [Server thread/DEBUG] [net.minecraftforge.registries.ForgeRegistry/REGISTRIES]: Registry minecraft:memory_module_type Sync: ACTIVE -> FROZEN
[16Nov2025 09:42:50.540] [Server thread/DEBUG] [net.minecraftforge.registries.ForgeRegistry/REGISTRIES]: Registry minecraft:sensor_type Sync: ACTIVE -> FROZEN
[16Nov2025 09:42:50.540] [Server thread/DEBUG] [net.minecraftforge.registries.ForgeRegistry/REGISTRIES]: Registry minecraft:schedule Sync: ACTIVE -> FROZEN
[16Nov2025 09:42:50.540] [Server thread/DEBUG] [net.minecraftforge.registries.ForgeRegistry/REGISTRIES]: Registry minecraft:activity Sync: ACTIVE -> FROZEN
[16Nov2025 09:42:50.541] [Server thread/DEBUG] [net.minecraftforge.registries.ForgeRegistry/REGISTRIES]: Registry minecraft:worldgen/carver Sync: ACTIVE -> FROZEN
[16Nov2025 09:42:50.541] [Server thread/DEBUG] [net.minecraftforge.registries.ForgeRegistry/REGISTRIES]: Registry minecraft:worldgen/feature Sync: ACTIVE -> FROZEN
[16Nov2025 09:42:50.541] [Server thread/DEBUG] [net.minecraftforge.registries.ForgeRegistry/REGISTRIES]: Registry minecraft:chunk_status Sync: ACTIVE -> FROZEN
[16Nov2025 09:42:50.541] [Server thread/DEBUG] [net.minecraftforge.registries.ForgeRegistry/REGISTRIES]: Registry minecraft:worldgen/block_state_provider_type Sync: ACTIVE -> FROZEN
[16Nov2025 09:42:50.541] [Server thread/DEBUG] [net.minecraftforge.registries.ForgeRegistry/REGISTRIES]: Registry minecraft:worldgen/foliage_placer_type Sync: ACTIVE -> FROZEN
[16Nov2025 09:42:50.541] [Server thread/DEBUG] [net.minecraftforge.registries.ForgeRegistry/REGISTRIES]: Registry minecraft:worldgen/tree_decorator_type Sync: ACTIVE -> FROZEN
[16Nov2025 09:42:50.541] [Server thread/DEBUG] [net.minecraftforge.registries.ForgeRegistry/REGISTRIES]: Registry minecraft:worldgen/biome Sync: ACTIVE -> FROZEN
[16Nov2025 09:42:50.541] [Server thread/DEBUG] [net.minecraftforge.registries.ForgeRegistry/REGISTRIES]: Registry forge:entity_data_serializers Sync: ACTIVE -> FROZEN
[16Nov2025 09:42:50.541] [Server thread/DEBUG] [net.minecraftforge.registries.ForgeRegistry/REGISTRIES]: Registry forge:global_loot_modifier_serializers Sync: ACTIVE -> FROZEN
[16Nov2025 09:42:50.541] [Server thread/DEBUG] [net.minecraftforge.registries.ForgeRegistry/REGISTRIES]: Registry forge:biome_modifier_serializers Sync: ACTIVE -> FROZEN
[16Nov2025 09:42:50.542] [Server thread/DEBUG] [net.minecraftforge.registries.ForgeRegistry/REGISTRIES]: Registry forge:fluid_type Sync: ACTIVE -> FROZEN
[16Nov2025 09:42:50.542] [Server thread/DEBUG] [net.minecraftforge.registries.ForgeRegistry/REGISTRIES]: Registry forge:structure_modifier_serializers Sync: ACTIVE -> FROZEN
[16Nov2025 09:42:50.542] [Server thread/DEBUG] [net.minecraftforge.registries.ForgeRegistry/REGISTRIES]: Registry forge:holder_set_type Sync: ACTIVE -> FROZEN
[16Nov2025 09:42:50.542] [Server thread/DEBUG] [net.minecraftforge.registries.ForgeRegistry/REGISTRIES]: Registry forge:display_contexts Sync: ACTIVE -> FROZEN
[16Nov2025 09:42:50.968] [Server thread/DEBUG] [net.minecraftforge.registries.ObjectHolderRegistry/REGISTRIES]: Applying holder lookups
[16Nov2025 09:42:50.971] [Server thread/DEBUG] [net.minecraftforge.registries.ObjectHolderRegistry/REGISTRIES]: Holder lookups applied
[16Nov2025 09:42:50.971] [Server thread/DEBUG] [net.minecraftforge.registries.GameData/REGISTRIES]: FROZEN state restored.
[16Nov2025 09:42:50.971] [Server thread/DEBUG] [net.minecraftforge.fml.config.ConfigTracker/CONFIG]: Unloading configs type SERVER
[16Nov2025 09:42:51.630] [Render thread/INFO] [net.minecraft.client.Minecraft/]: Stopping!
